name,orcid,field,group,h_index,total_citations,total_publications,avg_authors_per_paper,avg_author_position,n_journals,S_text_raw,S_concepts_raw,mesh_coverage,works_analyzed,C,A,S,J,C_saturating,J_saturating,KANON,KANON_global,rank_KANON,rank_h,rank_shift_vs_h,data_quality,rank_KANON_clean,rank_h_clean,KANON_pctl,KANON_global_pctl,rank_shift_clean
Michelle Francl,0000-0003-1940-1560,Chemistry,Elite (matched),24,11912,121,1.25,1.19,11,0.3737,0.6884,0.062,10,0.1,0.8796,0.6255,0.0176,1.0,0.22,72.236,68.861,1,167,166,ok,1.0,165.0,100.0,100.0,164.0
Stephen F. Altschul,0000-0003-2120-9631,Chemistry,Elite (matched),45,201772,96,3.63,2.4,14,0.6515,0.8488,0.567,27,0.8882,0.5977,0.8093,0.0294,1.0,0.28,69.283,67.341,2,147,145,ok,2.0,146.0,99.40476190476191,99.40476190476191,144.0
István Hargittai,0000-0003-3638-7844,Chemistry,Elite (matched),42,8462,816,1.7,1.41,20,0.1958,0.7198,0.01,29,0.0647,0.7927,0.615,0.0735,0.8462,0.4,67.63,63.914,3,153,150,ok,3.0,152.0,98.80952380952381,98.80952380952381,149.0
Ei-ichi Negishi,0000-0003-3582-6011,Chemistry,Nobel,83,26066,717,3.15,2.48,36,0.1748,0.8773,0.038,81,0.2176,0.6209,0.7368,0.2735,1.0,0.72,66.018,61.925,4,104,100,ok,4.0,104.0,98.21428571428571,97.61904761904762,100.0
Arieh Warshel,0000-0002-2453-7972,Chemistry,Nobel,123,59731,593,4.13,3.75,46,0.4751,0.8522,0.645,182,0.3765,0.5309,0.7768,0.3912,1.0,0.92,64.232,59.388,5,63,58,ok,5.0,63.0,97.61904761904762,94.64285714285714,58.0
Philippe C. Hiberty,0000-0002-7081-4654,Chemistry,Elite (matched),54,10172,253,3.5,2.85,29,0.2741,0.8489,0.046,80,0.0765,0.5889,0.7339,0.2,1.0,0.58,63.886,58.051,6,138,132,ok,6.0,138.0,97.02380952380952,89.88095238095238,132.0
Paul G. Mezey,0000-0001-7245-5141,Chemistry,Elite (matched),45,10201,479,3.12,1.88,23,0.2391,0.7905,0.012,50,0.0824,0.644,0.6802,0.1147,1.0,0.46,63.774,58.355,7,147,140,ok,7.0,146.0,96.42857142857143,92.85714285714286,139.0
Pierre Laszlo,0000-0003-4334-771X,Chemistry,Elite (matched),49,8277,507,1.25,1.17,23,0.1713,0.5134,0.012,39,0.0529,0.8805,0.445,0.1147,0.8277,0.46,63.752,61.563,8,143,135,ok,8.0,142.0,95.83333333333334,96.42857142857143,134.0
Stefan Grimme,0000-0002-5844-4371,Chemistry,Elite (matched),136,214028,1549,5.54,3.92,35,0.4542,0.8735,0.11,196,0.9118,0.4811,0.7896,0.2588,1.0,0.7,63.319,62.452,9,52,43,ok,9.0,52.0,95.23809523809523,98.21428571428571,43.0
Herbert Mayr,0000-0003-0768-5199,Chemistry,Elite (matched),80,24669,1511,3.98,3.58,26,0.2315,0.892,0.065,197,0.2,0.5425,0.7599,0.1471,1.0,0.52,63.06,58.317,10,108,98,ok,10.0,108.0,94.64285714285714,91.96428571428571,98.0
Jean-Pierre Sauvage,0000-0002-6270-8057,Chemistry,Nobel,85,25687,612,2.91,2.42,42,0.2572,0.7496,0.05,89,0.2118,0.638,0.6511,0.3412,1.0,0.84,62.869,58.599,11,101,90,ok,11.0,101.0,94.04761904761905,93.45238095238095,90.0
Richard R. Schrock,0000-0002-7030-6111,Chemistry,Nobel,120,57588,1187,4.7,3.56,29,0.2822,0.8745,0.15,181,0.3647,0.5167,0.756,0.2,1.0,0.58,62.113,58.153,12,68,56,ok,12.0,68.0,93.45238095238095,91.07142857142857,56.0
Sudhir Kumar,0000-0002-9918-8212,Chemistry,Elite (matched),78,291924,584,5.87,4.08,87,0.4295,0.8187,0.49,164,0.9647,0.4681,0.7409,0.9382,1.0,1.0,61.971,61.621,13,109,96,ok,13.0,109.0,92.85714285714286,97.02380952380952,96.0
Roald Hoffmann,0000-0001-5369-6046,Chemistry,Elite (matched),131,66662,1018,4.24,3.35,51,0.3174,0.8174,0.05,182,0.3824,0.5397,0.7174,0.4559,1.0,1.0,61.964,58.069,14,57,43,ok,14.0,57.0,92.26190476190477,90.47619047619048,43.0
Frank Neese,0000-0003-4691-0547,Chemistry,Elite (matched),142,109698,984,5.18,4.27,39,0.5126,0.8434,0.32,178,0.4941,0.4802,0.7772,0.3147,1.0,0.78,61.912,57.635,15,43,28,ok,15.0,43.0,91.66666666666666,88.69047619047619,28.0
Benjamin List,0000-0002-9899-4052,Chemistry,Nobel,103,45698,1763,4.21,3.95,27,0.2075,0.886,0.075,184,0.3294,0.5214,0.7503,0.1618,1.0,0.54,61.902,58.317,16,78,62,ok,16.0,78.0,91.07142857142857,91.96428571428571,62.0
Morten Meldal,0000-0002-6948-9165,Chemistry,Nobel,58,24256,481,4.28,3.31,48,0.2724,0.8386,0.226,84,0.1941,0.5395,0.7254,0.4147,1.0,0.96,61.841,56.707,17,132,115,ok,17.0,132.0,90.47619047619048,86.30952380952381,115.0
Martin Karplus,0000-0002-8269-8025,Chemistry,Nobel,171,158498,996,5.41,4.62,53,0.4345,0.8527,0.527,107,0.7941,0.4634,0.7691,0.4853,1.0,1.0,61.736,60.244,18,20,2,ok,18.0,20.0,89.88095238095238,95.23809523809523,2.0
Koichiro Tamura,0000-0001-7189-5399,Chemistry,Elite (matched),40,263110,133,5.13,3.48,33,0.434,0.7967,0.316,78,0.9529,0.5058,0.7242,0.2382,1.0,0.66,61.406,61.117,19,156,137,ok,19.0,155.0,89.28571428571429,95.83333333333334,136.0
Robert H. Grubbs,0000-0002-0057-7817,Chemistry,Nobel,151,98170,1362,4.6,4.29,38,0.3096,0.861,0.185,189,0.4412,0.497,0.7507,0.2971,1.0,0.76,61.292,57.937,20,32,12,ok,20.0,32.0,88.69047619047619,89.28571428571429,12.0
Pedro Alexandrino Fernandes,0000-0003-2748-4722,Chemistry,Elite (matched),58,15244,1225,5.25,3.92,85,0.4274,0.8154,0.53,166,0.1353,0.4889,0.7378,0.9,1.0,1.0,60.959,54.271,21,132,111,ok,21.0,132.0,88.09523809523809,79.16666666666666,111.0
Richard Henderson,0000-0002-4795-8364,Chemistry,Nobel,78,34021,497,4.89,3.25,64,0.39,0.7884,0.205,125,0.2765,0.5202,0.7087,0.7059,1.0,1.0,60.94,55.599,22,109,87,ok,22.0,109.0,87.5,83.33333333333334,87.0
Prescott L. Deininger,0000-0002-1067-3028,Chemistry,Elite (matched),76,110527,259,4.85,4.17,37,0.3962,0.829,0.329,61,0.5,0.4929,0.7424,0.2882,1.0,0.74,60.806,57.363,23,112,89,ok,23.0,112.0,86.90476190476191,87.5,89.0
Jacques Dubochet,0000-0002-5792-4067,Chemistry,Nobel,62,17044,179,5.12,3.88,19,0.4939,0.8228,0.546,22,0.1412,0.4938,0.757,0.0618,1.0,0.38,60.283,53.401,24,128,104,ok,24.0,128.0,86.30952380952381,77.97619047619048,104.0
R.H. Oppermann,0000-0002-3722-3000,Chemistry,Elite (matched),39,7367,395,3.67,2.67,3,0.3333,0.7555,0.333,2,0.0294,0.5866,0.6711,0.0059,0.7367,0.06,60.242,53.792,25,158,133,under-collected,,,,,
Sean R. Eddy,0000-0001-6676-4706,Chemistry,Elite (matched),89,142553,198,6.18,4.93,28,0.5024,0.8505,0.422,91,0.7,0.4363,0.7809,0.1794,1.0,0.56,60.132,57.516,26,94,68,ok,25.0,94.0,85.71428571428571,88.09523809523809,69.0
Jack D. Dunitz,0000-0001-5411-2452,Chemistry,Elite (matched),77,21792,370,6.07,2.32,17,0.3,0.836,0.036,23,0.1706,0.5146,0.7288,0.0529,1.0,0.34,59.971,53.976,27,111,84,ok,26.0,111.0,85.11904761904762,78.57142857142857,85.0
Minoru Kanehisa,0000-0001-6123-540X,Chemistry,Elite (matched),89,173091,410,5.86,4.65,51,0.3492,0.8392,0.324,122,0.8471,0.4516,0.7412,0.4559,1.0,1.0,59.884,59.291,28,94,66,ok,27.0,94.0,84.52380952380952,94.04761904761905,67.0
Douglas M. Templeton,0000-0003-0693-662X,Chemistry,Elite (matched),51,13901,6023,3.29,2.15,21,0.1678,0.7303,0.035,161,0.1235,0.6244,0.6178,0.0824,1.0,0.42,59.865,55.273,29,142,113,ok,28.0,141.0,83.92857142857143,82.14285714285714,113.0
W.E. Moerner,0000-0002-4628-1155,Chemistry,Nobel,101,40490,670,5.75,5.11,75,0.4367,0.8389,0.485,156,0.3,0.4405,0.7585,0.8029,1.0,1.0,59.776,54.454,30,79,49,ok,29.0,79.0,83.33333333333334,80.35714285714286,50.0
David W.C. MacMillan,0000-0001-6447-0587,Chemistry,Nobel,126,72534,463,5.12,4.86,28,0.2566,0.882,0.125,169,0.3941,0.4638,0.7569,0.1794,1.0,0.56,59.644,56.236,31,60,29,ok,30.0,60.0,82.73809523809523,84.52380952380952,30.0
Frances H. Arnold,0000-0002-4027-364X,Chemistry,Nobel,139,71002,920,5.95,5.14,65,0.4329,0.8377,0.555,147,0.3882,0.4351,0.7567,0.7294,1.0,1.0,59.464,54.845,32,47,15,ok,31.0,47.0,82.14285714285714,80.95238095238095,16.0
Desmond G. Higgins,0000-0002-3952-3285,Chemistry,Elite (matched),66,147178,321,7.11,5.45,51,0.4994,0.8359,0.325,90,0.7471,0.4039,0.7686,0.4559,1.0,1.0,58.705,56.466,33,123,90,ok,32.0,123.0,81.54761904761905,85.11904761904762,91.0
Bernard L. Feringa,0000-0003-0588-8435,Chemistry,Nobel,147,92177,1719,5.3,4.87,46,0.3076,0.8347,0.225,172,0.4294,0.4587,0.7293,0.3912,1.0,0.92,58.619,55.194,34,39,5,ok,33.0,39.0,80.95238095238095,81.54761904761905,6.0
Joachim Frank,0000-0002-1589-3667,Chemistry,Nobel,109,39790,857,7.04,6.05,69,0.5244,0.8546,0.595,96,0.2941,0.3884,0.7886,0.7559,1.0,1.0,58.61,52.752,35,72,37,ok,34.0,72.0,80.35714285714286,75.0,38.0
Johann Gasteiger,0000-0003-2036-7144,Chemistry,Elite (matched),60,23445,409,4.94,3.48,36,0.4259,0.7598,0.372,68,0.1765,0.5115,0.693,0.2735,1.0,0.72,58.607,52.448,36,129,93,ok,35.0,129.0,79.76190476190477,73.21428571428571,94.0
Gregory P. Winter,0000-0002-1980-0609,Chemistry,Nobel,87,34736,206,5.15,4.2,13,0.4768,0.7901,0.7,11,0.2824,0.4832,0.7274,0.0235,1.0,0.26,58.576,53.025,37,98,61,ok,36.0,98.0,79.16666666666666,75.59523809523809,62.0
K. Ziegler,0000-0001-8588-1078,Chemistry,Elite (matched),52,7759,196,4.33,2.33,6,0.2698,0.7483,0.111,7,0.0353,0.5692,0.6526,0.0118,0.7759,0.12,58.55,52.245,38,140,102,under-collected,,,,,
John P. Huelsenbeck,0000-0002-3050-9997,Chemistry,Elite (matched),75,115077,143,5.46,4.26,22,0.559,0.7616,0.386,55,0.5294,0.473,0.7211,0.0941,1.0,0.44,58.468,54.331,39,116,77,ok,37.0,116.0,78.57142857142857,79.76190476190477,79.0
Chad A. Mirkin,0000-0002-6634-7627,Chemistry,Elite (matched),183,163053,1688,5.89,5.58,39,0.4361,0.8178,0.53,175,0.8294,0.4235,0.7415,0.3147,1.0,0.78,58.21,57.217,40,16,-24,ok,38.0,16.0,77.97619047619048,86.90476190476191,-22.0
Ryszard S. Romaniuk,0000-0002-5710-4041,Chemistry,Elite (matched),31,21284,715,3.55,2.77,26,0.2623,0.6985,0.005,154,0.1588,0.5891,0.6113,0.1471,1.0,0.52,58.083,53.223,41,162,121,ok,39.0,160.0,77.38095238095238,76.78571428571429,121.0
Guy C. Lloyd‐Jones,0000-0003-2128-6864,Chemistry,Elite (matched),66,15099,1079,7.09,4.66,48,0.3304,0.8686,0.06,186,0.1294,0.4262,0.761,0.4147,1.0,0.96,57.992,51.759,42,123,81,ok,40.0,123.0,76.78571428571429,67.85714285714286,83.0
Martin Chalfie,0000-0002-9108-5156,Chemistry,Nobel,65,24176,165,5.62,3.83,42,0.3177,0.8002,0.2,59,0.1882,0.4817,0.7037,0.3412,1.0,0.84,57.866,52.311,43,125,82,ok,41.0,125.0,76.19047619047619,72.02380952380952,84.0
Aziz Sancar,0000-0002-8061-1046,Chemistry,Nobel,122,48628,596,6.07,5.08,54,0.3616,0.8296,0.375,181,0.3412,0.4343,0.736,0.5118,1.0,1.0,57.851,53.33,44,66,22,ok,42.0,66.0,75.59523809523809,77.38095238095238,24.0
Paul Modrich,0000-0002-5073-2890,Chemistry,Nobel,94,29621,209,5.65,4.71,19,0.3565,0.8345,0.273,38,0.2412,0.4547,0.7389,0.0618,1.0,0.38,57.763,52.554,45,87,42,ok,43.0,87.0,75.0,73.80952380952381,44.0
Charles L. Perrin,0000-0001-5732-5330,Chemistry,Elite (matched),41,7215,935,13.72,1.14,28,0.2507,0.8709,0.035,197,0.0235,0.4298,0.7469,0.1794,0.7215,0.56,56.747,49.1,46,154,108,ok,44.0,153.0,74.40476190476191,50.595238095238095,109.0
Tomas Lindahl,0000-0002-6771-3093,Chemistry,Nobel,110,56197,482,6.93,4.63,84,0.5589,0.7337,0.437,116,0.3529,0.43,0.6987,0.8765,1.0,1.0,56.687,50.976,47,71,24,ok,45.0,71.0,73.80952380952381,61.904761904761905,26.0
Emmanuelle Charpentier,0000-0002-6590-3657,Chemistry,Nobel,55,46398,153,6.91,5.24,67,0.339,0.8183,0.242,79,0.3353,0.4133,0.7224,0.7382,1.0,1.0,56.681,52.175,48,136,88,ok,46.0,136.0,73.21428571428571,70.83333333333334,90.0
Monica Nordberg,0000-0002-5315-1633,Chemistry,Elite (matched),52,10514,3548,4.09,2.54,25,0.185,0.6989,0.055,145,0.0882,0.5721,0.5961,0.1353,1.0,0.5,56.371,51.183,49,140,91,ok,47.0,140.0,72.61904761904762,63.69047619047619,93.0
John W. Moore,0000-0001-7652-0668,Chemistry,Elite (matched),55,13709,769,3.22,2.45,31,0.1661,0.6403,0.015,101,0.1176,0.6179,0.5455,0.2118,1.0,0.62,56.362,51.972,50,136,86,ok,48.0,136.0,72.02380952380952,70.23809523809523,88.0
M. A. Lieberman,0000-0002-2841-2870,Chemistry,Elite (matched),76,29189,546,4.74,3.09,27,0.2383,0.7263,0.007,106,0.2353,0.5301,0.6287,0.1618,1.0,0.54,56.296,51.788,51,112,61,ok,49.0,112.0,71.42857142857143,68.45238095238095,63.0
Stefan W. Hell,0000-0002-9638-5077,Chemistry,Nobel,138,73170,729,7.93,7.12,55,0.5383,0.8483,0.705,152,0.4,0.346,0.7863,0.5353,1.0,1.0,56.218,51.333,52,49,-3,ok,50.0,49.0,70.83333333333334,64.28571428571429,-1.0
Omar M. Yaghi,0000-0002-5611-3325,Chemistry,Elite (matched),198,246813,938,6.51,6.22,44,0.3252,0.8215,0.17,174,0.9294,0.3928,0.7222,0.3588,1.0,0.88,56.13,56.642,53,7,-46,ok,51.0,7.0,70.23809523809523,85.71428571428571,-44.0
Julie Thompson,0000-0003-4893-3478,Chemistry,Elite (matched),45,163981,239,7.47,5.67,86,0.3896,0.7791,0.285,120,0.8353,0.3919,0.7012,0.9235,1.0,1.0,56.124,55.277,54,147,93,ok,52.0,146.0,69.64285714285714,82.73809523809523,94.0
Silvia E. Braslavsky,0000-0002-2796-8586,Chemistry,Elite (matched),54,11505,1653,7.87,2.15,15,0.2812,0.78,0.065,146,0.0941,0.4806,0.6802,0.0382,1.0,0.3,55.825,49.222,55,138,83,ok,53.0,138.0,69.04761904761905,51.19047619047619,85.0
Roger D. Kornberg,0000-0002-7504-3471,Chemistry,Nobel,121,49464,367,8.37,7.42,56,0.5136,0.8625,0.366,92,0.3471,0.3325,0.7927,0.5559,1.0,1.0,55.813,50.681,56,67,11,ok,54.0,67.0,68.45238095238095,60.71428571428571,13.0
Eugene V. Koonin,0000-0003-3943-8299,Chemistry,Elite (matched),221,212239,1418,8.09,6.04,73,0.3523,0.8067,0.42,145,0.9059,0.3728,0.7158,0.7882,1.0,1.0,55.762,55.706,57,5,-52,ok,55.0,5.0,67.85714285714286,83.92857142857143,-50.0
Ulrich S. Schubert,0000-0003-4978-4670,Chemistry,Elite (matched),138,101239,2328,6.35,5.68,74,0.2731,0.7998,0.12,178,0.4588,0.4112,0.6945,0.7941,1.0,1.0,55.632,52.665,58,49,-9,ok,56.0,49.0,67.26190476190477,74.40476190476191,-7.0
Venkatraman Ramakrishnan,0000-0002-2455-9361,Chemistry,Nobel,20,1462,86,5.92,2.65,36,0.2528,0.7342,0.0,21,0.0059,0.5088,0.6379,0.2735,0.1462,0.72,55.475,48.739,59,168,109,ok,57.0,166.0,66.66666666666666,48.80952380952381,109.0
Ada E. Yonath,0000-0002-7513-452X,Chemistry,Nobel,56,12982,304,6.88,6.51,62,0.4037,0.8268,0.307,71,0.1059,0.3782,0.7422,0.65,1.0,1.0,55.266,48.874,60,134,74,ok,58.0,134.0,66.07142857142857,49.404761904761905,76.0
Michael Levitt,0000-0001-6736-7885,Chemistry,Nobel,88,33738,297,7.51,5.57,53,0.4204,0.7986,0.451,94,0.2706,0.394,0.723,0.4853,1.0,1.0,55.093,49.701,61,96,35,ok,59.0,96.0,65.47619047619048,55.35714285714286,37.0
Lars Juhl Jensen,0000-0001-7885-715X,Chemistry,Elite (matched),105,124168,530,10.38,6.8,72,0.4513,0.8344,0.5,173,0.5941,0.3271,0.7578,0.7765,1.0,1.0,54.894,51.846,62,75,13,ok,60.0,75.0,64.88095238095238,69.64285714285714,15.0
Abdullah M. Asiri,0000-0001-7905-3209,Chemistry,Elite (matched),168,137340,2893,7.21,5.36,82,0.2751,0.7621,0.095,141,0.6765,0.4047,0.6647,0.8559,1.0,1.0,54.497,53.112,63,24,-39,ok,61.0,24.0,64.28571428571429,76.19047619047619,-37.0
Leo Radom,0000-0001-8249-1314,Chemistry,Elite (matched),87,42439,1408,9.09,6.39,46,0.3626,0.8533,0.13,182,0.3118,0.351,0.7552,0.3912,1.0,0.92,54.457,49.747,64,98,34,ok,62.0,98.0,63.69047619047619,55.952380952380956,36.0
Joseph T. Hupp,0000-0003-3982-9812,Chemistry,Elite (matched),169,116190,1114,7.25,6.3,45,0.3316,0.8154,0.13,186,0.5353,0.3781,0.7186,0.3735,1.0,0.9,54.444,51.821,65,22,-43,ok,63.0,22.0,63.095238095238095,69.04761904761905,-41.0
Jennifer A. Doudna,0000-0001-9161-999X,Chemistry,Nobel,150,118221,667,9.29,8.06,54,0.5062,0.8479,0.705,111,0.5706,0.3059,0.7796,0.5118,1.0,1.0,54.291,51.086,66,34,-32,ok,64.0,34.0,62.5,63.095238095238095,-30.0
Hiroshi Fujimoto,0000-0002-4987-0715,Chemistry,Elite (matched),45,8000,392,8.73,4.31,77,0.4734,0.738,0.351,95,0.0412,0.4095,0.6851,0.8235,0.8,1.0,54.273,46.459,67,147,80,ok,65.0,146.0,61.904761904761905,37.5,81.0
Michael I. Love,0000-0001-8401-0545,Chemistry,Elite (matched),48,138025,395,11.91,7.96,64,0.5123,0.8481,0.365,167,0.6882,0.2863,0.7809,0.7059,1.0,1.0,54.099,51.64,68,145,77,ok,66.0,144.0,61.30952380952381,66.66666666666666,78.0
Jeffrey R. Long,0000-0002-5324-1321,Chemistry,Elite (matched),149,103849,1144,7.01,6.55,33,0.3662,0.8095,0.16,177,0.4647,0.375,0.7208,0.2382,1.0,0.66,53.951,50.684,69,36,-33,ok,67.0,36.0,60.71428571428571,61.30952380952381,-31.0
Fraser Stoddart,0000-0003-3161-3697,Chemistry,Nobel,175,137865,1948,7.98,7.41,50,0.373,0.8287,0.245,176,0.6824,0.3376,0.7376,0.4382,1.0,1.0,53.872,52.305,70,18,-52,ok,68.0,18.0,60.11904761904761,71.42857142857143,-50.0
Carolyn R. Bertozzi,0000-0003-4102-4615,Chemistry,Nobel,142,85325,935,9.26,7.89,62,0.4551,0.8384,0.595,157,0.4176,0.3105,0.7617,0.65,1.0,1.0,53.637,49.509,71,43,-28,ok,69.0,43.0,59.523809523809526,54.166666666666664,-26.0
Ben Langmead,0000-0003-2437-1976,Chemistry,Elite (matched),43,131221,222,9.31,6.92,39,0.4053,0.817,0.275,171,0.6412,0.3349,0.7347,0.3147,1.0,0.78,53.244,51.03,72,151,79,ok,70.0,150.0,58.92857142857143,62.5,80.0
Toby J. Gibson,0000-0003-0657-5166,Chemistry,Elite (matched),85,143599,232,11.86,8.07,62,0.3859,0.862,0.371,103,0.7059,0.284,0.7668,0.65,1.0,1.0,53.228,51.687,73,101,28,ok,71.0,101.0,58.333333333333336,67.26190476190477,30.0
Susumu Kitagawa,0000-0001-6956-9543,Chemistry,Elite (matched),146,99022,1270,7.6,6.83,36,0.2932,0.8283,0.14,177,0.4471,0.3584,0.7213,0.2735,1.0,0.72,53.219,50.235,74,40,-34,ok,72.0,40.0,57.738095238095234,57.738095238095234,-32.0
Hong‐Cai Zhou,0000-0002-9029-3788,Chemistry,Elite (matched),153,118166,1046,7.24,7.04,44,0.2588,0.8244,0.09,184,0.5647,0.3578,0.7113,0.3588,1.0,0.88,53.154,51.356,75,30,-45,ok,73.0,30.0,57.14285714285714,64.88095238095238,-43.0
Andrew Holmes,0000-0002-7406-4387,Chemistry,Elite (matched),69,19407,404,8.04,5.62,120,0.3833,0.7458,0.295,127,0.1529,0.3847,0.6733,0.9941,1.0,1.0,53.138,47.036,76,121,45,ok,74.0,121.0,56.547619047619044,41.07142857142857,47.0
P. Mazur,0000-0003-0025-9410,Chemistry,Elite (matched),75,26921,493,5.86,4.17,33,0.4002,0.6768,0.301,39,0.2294,0.4657,0.6215,0.2382,1.0,0.66,53.026,47.583,77,116,39,ok,75.0,116.0,55.952380952380956,45.23809523809524,41.0
Omar K. Farha,0000-0002-9904-9845,Chemistry,Elite (matched),171,117190,1207,8.65,6.82,45,0.3147,0.8206,0.125,179,0.5529,0.345,0.7194,0.3735,1.0,0.9,52.937,50.577,78,20,-58,ok,76.0,20.0,55.35714285714286,59.523809523809526,-56.0
David J. Lipman,0009-0002-3443-2023,Chemistry,Elite (matched),60,146891,114,9.14,5.83,32,0.3652,0.7768,0.453,58,0.7412,0.3648,0.6945,0.2206,1.0,0.64,52.757,51.409,79,129,50,ok,77.0,129.0,54.761904761904766,65.47619047619048,52.0
Alex Bateman,0000-0002-6982-4660,Chemistry,Elite (matched),97,145310,278,16.57,6.72,57,0.4339,0.8351,0.45,173,0.7235,0.286,0.7549,0.5824,1.0,1.0,52.64,50.635,80,85,5,ok,78.0,85.0,54.166666666666664,60.11904761904761,7.0
Akira Suzuki,0000-0002-3854-8223,Chemistry,Nobel,86,43134,1690,9.58,7.21,144,0.4434,0.7787,0.42,152,0.3235,0.3247,0.7116,1.0,1.0,1.0,52.481,47.569,81,100,19,ok,79.0,100.0,53.57142857142857,44.642857142857146,21.0
K. Barry Sharpless,0000-0002-6898-4623,Chemistry,Nobel,137,108473,742,8.83,7.68,58,0.3401,0.8202,0.265,162,0.4706,0.3205,0.7242,0.6059,1.0,1.0,52.329,49.324,82,51,-31,ok,80.0,51.0,52.976190476190474,52.38095238095239,-29.0
Moungi G. Bawendi,0000-0003-2220-4365,Chemistry,Nobel,161,123855,722,8.6,7.34,64,0.416,0.7695,0.33,160,0.5882,0.3319,0.6988,0.7059,1.0,1.0,52.134,49.588,83,27,-56,ok,81.0,27.0,52.38095238095239,54.761904761904766,-54.0
Heng Li,0000-0003-4874-2874,Chemistry,Elite (matched),98,262070,582,17.69,8.29,91,0.5307,0.8113,0.62,146,0.9471,0.2473,0.7552,0.95,1.0,1.0,52.093,51.587,84,83,-1,ok,82.0,83.0,51.78571428571429,66.07142857142857,1.0
John B. Goodenough,0000-0001-9350-3034,Chemistry,Nobel,183,171536,1439,6.82,5.99,55,0.2309,0.7297,0.02,164,0.8412,0.3938,0.6299,0.5353,1.0,1.0,51.959,52.422,85,16,-69,ok,83.0,16.0,51.19047619047619,72.61904761904762,-67.0
Banglin Chen,0000-0001-8707-8115,Chemistry,Elite (matched),152,101234,856,8.38,7.29,38,0.3076,0.8179,0.08,180,0.4529,0.3358,0.7158,0.2971,1.0,0.76,51.947,48.998,86,31,-55,ok,84.0,31.0,50.595238095238095,50.0,-53.0
Shimeng Yu,0000-0002-0068-3652,Chemistry,Elite (matched),76,31327,630,7.08,5.38,57,0.3623,0.7085,0.025,189,0.2529,0.4064,0.6393,0.5824,1.0,1.0,51.85,46.821,87,112,25,ok,85.0,112.0,50.0,39.88095238095239,27.0
Eric Betzig,0000-0002-0395-4560,Chemistry,Nobel,75,40723,219,10.17,8.86,55,0.4635,0.8426,0.418,119,0.3059,0.2778,0.7668,0.5353,1.0,1.0,51.819,46.989,88,116,28,ok,86.0,116.0,49.404761904761905,40.476190476190474,30.0
Simon Anders,0000-0003-4868-1805,Chemistry,Elite (matched),49,159365,162,12.73,8.1,62,0.4732,0.8049,0.298,130,0.8,0.2774,0.7386,0.65,1.0,1.0,51.76,50.522,89,143,54,ok,87.0,142.0,48.80952380952381,58.92857142857143,55.0
T Gingeras,0000-0001-9106-3573,Chemistry,Elite (matched),98,138412,1011,13.51,10.37,56,0.537,0.8634,0.34,87,0.6941,0.2205,0.7981,0.5559,1.0,1.0,51.46,49.459,90,83,-7,ok,88.0,83.0,48.214285714285715,53.57142857142857,-5.0
Horst Hahn,0000-0001-9901-3861,Chemistry,Elite (matched),91,36027,1066,8.38,6.96,77,0.3845,0.7536,0.065,134,0.2882,0.3446,0.6798,0.8235,1.0,1.0,51.443,46.693,91,91,0,ok,89.0,91.0,47.61904761904761,39.285714285714285,2.0
Willem M. de Vos,0000-0002-0273-3166,Chemistry,Elite (matched),193,160987,1319,10.73,8.61,93,0.4922,0.7698,0.64,157,0.8059,0.2795,0.7143,0.9588,1.0,1.0,51.389,50.247,92,8,-84,ok,90.0,8.0,47.023809523809526,58.333333333333336,-82.0
Linda Wang﻿,0000-0001-6308-2769,Chemistry,Elite (matched),40,9641,1717,7.47,5.12,85,0.5599,0.6333,0.59,148,0.0706,0.407,0.6186,0.9,0.9641,1.0,51.2,43.546,93,156,63,ok,91.0,155.0,46.42857142857143,26.785714285714285,64.0
George M. Church,0000-0003-3535-2076,Chemistry,Elite (matched),186,143660,919,13.13,10.45,64,0.5473,0.8439,0.775,108,0.7118,0.2205,0.7846,0.7059,1.0,1.0,51.182,49.286,94,14,-80,ok,92.0,14.0,45.83333333333333,51.78571428571429,-78.0
Louis E. Brus,0000-0002-8276-0242,Chemistry,Nobel,107,56662,421,8.44,6.83,33,0.3134,0.7895,0.084,98,0.3588,0.3473,0.6943,0.2382,1.0,0.66,51.13,47.371,95,74,-21,ok,93.0,74.0,45.23809523809524,43.452380952380956,-19.0
Brian K. Kobilka,0000-0002-6590-7702,Chemistry,Nobel,140,79550,518,11.64,10.35,60,0.562,0.8434,0.64,101,0.4059,0.2311,0.7871,0.6265,1.0,1.0,50.976,46.629,96,45,-51,ok,94.0,45.0,44.642857142857146,38.095238095238095,-49.0
John M. Jumper,0000-0001-9254-7192,Chemistry,Nobel,27,85608,56,13.27,8.02,22,0.4669,0.8361,0.357,39,0.4235,0.2758,0.7623,0.0941,1.0,0.44,50.79,46.691,97,165,68,ok,95.0,163.0,44.047619047619044,38.69047619047619,68.0
Mohamed Eddaoudi,0000-0003-1916-9837,Chemistry,Elite (matched),125,94626,758,8.87,7.95,53,0.2609,0.8097,0.055,170,0.4353,0.313,0.6999,0.4853,1.0,1.0,50.472,47.78,98,62,-36,ok,96.0,62.0,43.452380952380956,45.83333333333333,-34.0
Christian von Mering,0000-0001-7734-9102,Chemistry,Elite (matched),100,128288,282,12.3,9.44,71,0.4131,0.8226,0.355,168,0.6294,0.2487,0.7407,0.7647,1.0,1.0,50.379,48.456,99,81,-18,ok,97.0,81.0,42.857142857142854,47.61904761904761,-16.0
Susan Holmes,0000-0002-2208-8168,Chemistry,Elite (matched),81,118156,391,12.11,8.04,101,0.4486,0.7608,0.375,169,0.5588,0.283,0.6984,0.9735,1.0,1.0,50.299,47.356,100,106,6,ok,98.0,106.0,42.26190476190476,42.857142857142854,8.0
Nam‐Gyu Park,0000-0003-2368-6300,Chemistry,Elite (matched),127,83700,1067,7.47,6.5,63,0.1813,0.7404,0.055,167,0.4118,0.3692,0.6286,0.6735,1.0,1.0,50.105,47.554,101,59,-42,ok,99.0,59.0,41.66666666666667,44.047619047619044,-40.0
M. Stanley Whittingham,0000-0003-4451-3168,Chemistry,Nobel,85,42792,564,7.52,6.83,61,0.3086,0.7271,0.015,145,0.3176,0.3595,0.6434,0.6353,1.0,1.0,50.064,46.113,102,101,-1,ok,100.0,101.0,41.07142857142857,36.30952380952381,1.0
M. Okamura,0000-0002-5552-1706,Chemistry,Elite (matched),26,26918,414,9.82,6.1,49,0.2916,0.7594,0.05,171,0.2235,0.3502,0.6658,0.4265,1.0,0.98,50.034,45.149,103,166,63,ok,101.0,164.0,40.476190476190474,33.63095238095239,63.0
Zhou Li,0000-0002-9952-7296,Chemistry,Elite (matched),92,29958,979,8.95,7.62,85,0.3518,0.7491,0.3,150,0.2471,0.3207,0.6696,0.9,1.0,1.0,49.899,45.149,104,90,-14,ok,102.0,90.0,39.88095238095239,33.63095238095239,-12.0
H. Burkhardt,0000-0003-2711-1141,Chemistry,Elite (matched),35,32237,252,14.79,4.81,32,0.3201,0.7732,0.007,121,0.2588,0.3385,0.6826,0.2206,1.0,0.64,49.897,44.715,105,160,55,ok,103.0,158.0,39.285714285714285,30.952380952380953,55.0
Steven L. Salzberg,0000-0002-8859-7432,Chemistry,Elite (matched),161,370099,600,15.09,11.07,56,0.5193,0.8273,0.63,168,0.9765,0.1978,0.7657,0.5559,1.0,1.0,49.427,49.954,106,27,-79,ok,104.0,27.0,38.69047619047619,57.14285714285714,-77.0
J. D. Bernal,0000-0003-0104-8439,Chemistry,Elite (matched),43,13276,169,7.0,2.68,15,0.3407,0.5932,0.441,23,0.1118,0.483,0.5427,0.0382,1.0,0.3,49.393,43.128,107,151,44,ok,105.0,150.0,38.095238095238095,22.61904761904762,45.0
Ruth E. Ley,0000-0002-9087-1672,Chemistry,Elite (matched),94,184171,328,13.09,9.38,78,0.4058,0.7851,0.345,146,0.8647,0.2455,0.7092,0.8382,1.0,1.0,49.384,49.365,108,87,-21,ok,106.0,87.0,37.5,52.976190476190474,-19.0
Chris P. Ponting,0000-0003-0202-7816,Chemistry,Elite (matched),134,111085,517,15.29,11.37,84,0.4813,0.8506,0.605,162,0.5118,0.1904,0.7767,0.8765,1.0,1.0,49.313,46.431,109,53,-56,ok,107.0,53.0,36.904761904761905,36.904761904761905,-54.0
Mercouri G. Kanatzidis,0000-0003-2037-4168,Chemistry,Elite (matched),199,190692,2826,9.13,8.36,42,0.3237,0.7626,0.04,170,0.8824,0.2998,0.6748,0.3412,1.0,0.84,49.275,49.874,110,6,-104,ok,108.0,6.0,36.30952380952381,56.547619047619044,-102.0
David Baker,0000-0001-7896-6217,Chemistry,Nobel,192,145185,1577,13.78,11.84,40,0.6546,0.8306,0.875,119,0.7176,0.1857,0.7954,0.3294,1.0,0.8,49.22,47.148,111,9,-102,ok,109.0,9.0,35.714285714285715,41.66666666666667,-100.0
Gerhard Ertl,0000-0001-5185-1936,Chemistry,Nobel,123,58950,880,10.22,5.43,34,0.2402,0.7218,0.008,54,0.3706,0.3627,0.6255,0.2529,1.0,0.68,48.633,45.135,112,63,-49,ok,110.0,63.0,35.11904761904761,32.73809523809524,-47.0
Peter J. Turnbaugh,0000-0002-0888-2875,Chemistry,Elite (matched),76,162767,279,12.37,10.48,78,0.4063,0.7926,0.275,128,0.8235,0.2238,0.7153,0.8382,1.0,1.0,48.553,48.472,113,112,-1,ok,111.0,112.0,34.523809523809526,48.214285714285715,1.0
Catherine Lozupone,0000-0003-4786-7202,Chemistry,Elite (matched),74,154895,202,16.77,9.65,82,0.3883,0.7996,0.293,159,0.7824,0.2221,0.7173,0.8559,1.0,1.0,48.518,47.977,114,119,5,ok,112.0,119.0,33.92857142857143,46.42857142857143,7.0
Dan Shechtman,0000-0002-3968-2115,Chemistry,Nobel,16,2115,61,7.35,6.62,24,0.3261,0.7067,0.088,21,0.0118,0.3677,0.6306,0.1294,0.2115,0.48,48.076,41.748,115,170,55,ok,113.0,168.0,33.33333333333333,16.666666666666664,55.0
Gábor Marth,0000-0003-0222-1694,Chemistry,Elite (matched),59,162654,233,17.51,12.76,58,0.5716,0.8363,0.337,131,0.8176,0.1534,0.7834,0.6059,1.0,1.0,47.919,47.274,116,131,15,ok,114.0,131.0,32.73809523809524,42.26190476190476,17.0
Rob Knight,0000-0002-0975-9019,Chemistry,Elite (matched),257,468351,1781,14.47,11.17,63,0.433,0.778,0.595,141,1.0,0.1981,0.709,0.6735,1.0,1.0,47.034,48.368,117,2,-115,ok,115.0,2.0,32.142857142857146,47.023809523809526,-113.0
Robert J. Lefkowitz,0000-0003-1364-3761,Chemistry,Nobel,31,17899,98,31.9,6.45,20,0.2286,0.8531,0.0,37,0.1471,0.2398,0.7282,0.0735,1.0,0.4,46.801,41.609,118,162,44,ok,116.0,160.0,31.547619047619047,15.476190476190476,44.0
Jay Shendure,0000-0002-1516-1865,Chemistry,Elite (matched),169,124345,662,17.57,14.04,54,0.5877,0.8528,0.84,90,0.6059,0.1261,0.7998,0.5118,1.0,1.0,46.743,44.658,119,22,-97,ok,117.0,22.0,30.952380952380953,30.357142857142854,-95.0
Ian H. Williams,0000-0001-9264-0221,Chemistry,Elite (matched),48,8366,1051,12.05,10.78,72,0.383,0.8028,0.12,167,0.0588,0.2185,0.7188,0.7765,0.8366,1.0,46.693,40.89,120,145,25,ok,118.0,144.0,30.357142857142854,12.5,26.0
J. Gregory Caporaso,0000-0002-8865-1670,Chemistry,Elite (matched),81,157422,269,16.49,10.44,84,0.4161,0.7529,0.35,175,0.7882,0.2062,0.6855,0.8765,1.0,1.0,46.292,45.909,121,106,-15,ok,119.0,106.0,29.761904761904763,35.714285714285715,-13.0
Daniel McDonald,0000-0003-0876-9060,Chemistry,Elite (matched),74,109674,315,21.78,9.26,81,0.403,0.7654,0.325,149,0.4882,0.2131,0.6929,0.8471,1.0,1.0,46.269,43.328,122,119,-3,ok,120.0,119.0,29.166666666666668,23.809523809523807,-1.0
Gil McVean,0000-0002-5012-4162,Chemistry,Elite (matched),105,133785,311,19.73,13.1,58,0.5149,0.8313,0.525,151,0.6588,0.141,0.768,0.6059,1.0,1.0,46.255,44.815,123,75,-48,ok,121.0,75.0,28.57142857142857,31.547619047619047,-46.0
Dan Knights,0000-0002-8205-2511,Chemistry,Elite (matched),82,136533,219,19.34,10.57,83,0.4139,0.765,0.365,147,0.6706,0.1939,0.6948,0.8647,1.0,1.0,45.869,44.593,124,105,-19,ok,122.0,105.0,27.976190476190478,29.761904761904763,-17.0
M. Pabst,0000-0002-3412-6846,Chemistry,Elite (matched),38,23560,141,10.0,7.61,16,0.3819,0.6972,0.174,17,0.1824,0.3105,0.6341,0.0471,1.0,0.32,45.694,40.486,125,159,34,ok,123.0,157.0,27.380952380952383,10.119047619047619,34.0
Curtis Huttenhower,0000-0002-1110-0096,Chemistry,Elite (matched),143,175042,655,20.08,14.35,68,0.5488,0.8087,0.62,130,0.8529,0.1149,0.7567,0.7471,1.0,1.0,45.19,45.372,126,41,-85,ok,124.0,41.0,26.785714285714285,35.11904761904761,-83.0
J. Craig Venter,0000-0002-7086-765X,Chemistry,Elite (matched),120,123605,278,14.3,12.19,54,0.4498,0.7852,0.434,117,0.5824,0.1758,0.7181,0.5118,1.0,1.0,45.157,43.417,127,68,-59,ok,125.0,68.0,26.190476190476193,25.595238095238095,-57.0
Akira Yoshino,0000-0001-6981-4982,Chemistry,Nobel,17,2783,133,9.8,7.22,26,0.3128,0.6812,0.0,25,0.0176,0.3222,0.6075,0.1471,0.2783,0.52,44.848,38.708,128,169,41,ok,126.0,167.0,25.595238095238095,4.761904761904762,41.0
Thomas T. Tidwell,0000-0002-3216-7468,Chemistry,Elite (matched),41,8085,1074,13.55,11.99,22,0.2252,0.8759,0.015,189,0.0471,0.1832,0.7458,0.0941,0.8085,0.44,44.772,40.109,129,154,25,ok,127.0,153.0,25.0,9.523809523809524,26.0
Philip Hugenholtz,0000-0001-5386-7925,Chemistry,Elite (matched),133,133499,878,15.63,11.28,64,0.4051,0.75,0.425,159,0.6529,0.1911,0.681,0.7059,1.0,1.0,44.691,43.572,130,55,-75,ok,128.0,55.0,24.404761904761905,27.380952380952383,-73.0
Charles Lee,0000-0001-7317-6662,Chemistry,Elite (matched),101,150263,541,19.57,15.37,104,0.5578,0.8026,0.665,138,0.7588,0.0949,0.7536,0.9853,1.0,1.0,44.409,44.021,131,79,-52,ok,129.0,79.0,23.809523809523807,29.166666666666668,-50.0
Robert E. Handsaker,0000-0002-3128-3547,Chemistry,Elite (matched),67,136316,120,39.68,13.16,29,0.4837,0.8482,0.472,74,0.6647,0.1134,0.7753,0.2,1.0,0.58,44.401,43.301,132,122,-10,ok,130.0,122.0,23.214285714285715,23.214285714285715,-8.0
Marc A. Suchard,0000-0001-9818-479X,Chemistry,Elite (matched),105,109089,687,16.27,12.2,85,0.5557,0.73,0.625,169,0.4824,0.1689,0.6951,0.9,1.0,1.0,44.368,41.232,133,75,-58,ok,131.0,75.0,22.61904761904762,13.690476190476192,-56.0
M. Syphers,0000-0002-7062-7429,Chemistry,Elite (matched),31,25301,212,12.24,9.48,23,0.3052,0.7461,0.0,70,0.2059,0.2481,0.6579,0.1147,1.0,0.46,44.052,39.786,134,162,28,ok,132.0,160.0,22.023809523809522,7.738095238095238,28.0
Mark Gerstein,0000-0002-9746-3719,Chemistry,Elite (matched),191,259745,1152,26.84,18.04,49,0.6032,0.8691,0.795,156,0.9412,0.0365,0.8159,0.4265,1.0,0.98,43.764,45.152,135,10,-125,ok,133.0,10.0,21.428571428571427,34.523809523809526,-123.0
George M. Weinstock,0000-0002-2997-4592,Chemistry,Elite (matched),134,151357,621,22.23,15.4,91,0.5738,0.7881,0.785,157,0.7647,0.0907,0.7452,0.95,1.0,1.0,43.744,43.348,136,53,-83,ok,134.0,53.0,20.833333333333336,24.404761904761905,-81.0
Eric Banks,0000-0001-9615-2372,Chemistry,Elite (matched),56,154720,122,44.83,15.22,39,0.5077,0.8526,0.469,73,0.7765,0.0764,0.7836,0.3147,1.0,0.78,43.523,43.615,137,134,-3,ok,135.0,134.0,20.238095238095237,27.976190476190478,-1.0
Peer Bork,0000-0002-2627-833X,Chemistry,Elite (matched),234,382885,944,21.29,15.3,52,0.4736,0.8094,0.63,146,0.9824,0.0939,0.7422,0.4706,1.0,1.0,43.163,45.093,138,3,-135,ok,136.0,3.0,19.642857142857142,32.142857142857146,-133.0
George P. Smith,0000-0003-2221-8831,Chemistry,Nobel,270,428304,4156,25.69,17.29,69,0.7999,0.7615,0.895,150,0.9941,0.0512,0.7692,0.7559,1.0,1.0,43.064,43.625,139,1,-138,ok,137.0,1.0,19.047619047619047,28.57142857142857,-136.0
Søren Brunak,0000-0003-0316-5866,Chemistry,Elite (matched),132,146024,817,29.78,17.52,104,0.5937,0.7944,0.67,158,0.7353,0.0448,0.7543,0.9853,1.0,1.0,41.996,41.756,140,56,-84,ok,138.0,56.0,18.452380952380953,17.261904761904763,-82.0
Yingrui Li,0000-0001-6630-1277,Chemistry,Elite (matched),91,124306,317,27.31,17.12,101,0.546,0.8014,0.56,137,0.6,0.0534,0.7503,0.9735,1.0,1.0,41.903,40.793,141,91,-50,ok,139.0,91.0,17.857142857142858,11.30952380952381,-48.0
Manolis Kellis,0000-0001-7113-9630,Chemistry,Elite (matched),140,125354,1142,26.01,18.3,57,0.4862,0.8608,0.605,143,0.6118,0.032,0.7859,0.5824,1.0,1.0,41.747,41.34,142,45,-97,ok,140.0,45.0,17.261904761904763,14.285714285714285,-95.0
Jeroen Raes,0000-0002-1337-041X,Chemistry,Elite (matched),128,112347,460,21.2,15.51,86,0.4884,0.7687,0.475,141,0.5176,0.0898,0.7126,0.9235,1.0,1.0,41.553,39.829,143,58,-85,ok,141.0,58.0,16.666666666666664,8.333333333333332,-83.0
Robert A. Holt,0000-0002-7259-1247,Chemistry,Elite (matched),123,149132,461,24.14,17.57,95,0.4901,0.8043,0.49,154,0.7529,0.0467,0.7415,0.9647,1.0,1.0,41.469,41.989,144,63,-81,ok,142.0,63.0,16.071428571428573,17.857142857142858,-79.0
Carlos D. Bustamante,0000-0002-4187-7920,Chemistry,Elite (matched),139,125708,504,22.95,17.52,57,0.5155,0.8212,0.665,156,0.6176,0.0484,0.7601,0.5824,1.0,1.0,41.309,40.655,145,47,-98,ok,143.0,47.0,15.476190476190476,10.714285714285714,-96.0
Ewan Birney,0000-0001-8314-8497,Chemistry,Elite (matched),143,182759,500,27.88,18.65,59,0.4627,0.8452,0.605,150,0.8588,0.0249,0.7687,0.6176,1.0,1.0,41.191,42.953,146,41,-105,ok,144.0,41.0,14.880952380952381,22.023809523809522,-103.0
S. Farinon,0000-0002-6487-2137,Chemistry,Elite (matched),32,21286,236,25.76,10.83,28,0.3249,0.7577,0.0,139,0.1647,0.173,0.6711,0.1794,1.0,0.56,41.149,36.712,147,161,14,ok,145.0,159.0,14.285714285714285,1.7857142857142856,14.0
Richard A. Gibbs,0000-0002-1356-5698,Chemistry,Elite (matched),191,284040,1334,37.31,26.85,67,0.5622,0.8377,0.75,130,0.9588,0.0,0.7826,0.7382,1.0,1.0,41.147,43.399,148,10,-138,ok,146.0,10.0,13.690476190476192,25.0,-136.0
Richard Durbin,0000-0002-9130-1006,Chemistry,Elite (matched),149,390856,464,28.82,18.62,50,0.4799,0.8323,0.57,166,0.9882,0.0252,0.7618,0.4382,1.0,1.0,40.758,43.473,149,36,-113,ok,147.0,36.0,13.095238095238097,26.190476190476193,-111.0
Steven J.M. Jones,0000-0003-3394-2208,Chemistry,Elite (matched),184,207712,1214,29.11,22.09,85,0.5687,0.8191,0.74,144,0.9,0.0,0.769,0.9,1.0,1.0,40.727,42.487,150,15,-135,ok,148.0,15.0,12.5,20.833333333333336,-133.0
Donna M. Muzny,0000-0002-3055-0359,Chemistry,Elite (matched),156,162307,691,39.69,21.07,72,0.5786,0.8229,0.725,143,0.8118,0.0,0.774,0.7765,1.0,1.0,40.506,41.539,151,29,-122,ok,149.0,29.0,11.904761904761903,14.880952380952381,-120.0
Evan E. Eichler,0000-0002-8246-4014,Chemistry,Elite (matched),191,190381,861,31.38,24.87,44,0.5754,0.8427,0.76,104,0.8765,0.0,0.7892,0.3588,1.0,0.88,40.454,42.051,152,10,-142,ok,150.0,10.0,11.30952380952381,19.642857142857142,-140.0
Paul Flicek,0000-0002-3897-7955,Chemistry,Elite (matched),167,202378,530,41.16,26.2,46,0.4643,0.8635,0.59,162,0.8941,0.0,0.7837,0.3912,1.0,0.92,40.296,42.66,153,25,-128,ok,151.0,25.0,10.714285714285714,21.428571428571427,-126.0
Chad Nusbaum,0000-0002-2777-1708,Chemistry,Elite (matched),88,145832,180,23.94,17.35,47,0.4379,0.8108,0.477,107,0.7294,0.0511,0.7362,0.4059,1.0,0.94,40.146,40.845,154,96,-58,ok,152.0,96.0,10.119047619047619,11.904761904761903,-56.0
Jan O. Korbel,0000-0002-2798-3794,Chemistry,Elite (matched),117,117154,444,35.52,24.53,63,0.5444,0.8364,0.615,145,0.5471,0.0,0.778,0.6735,1.0,1.0,39.903,39.084,155,70,-85,ok,153.0,70.0,9.523809523809524,6.547619047619048,-83.0
Nicola Segata,0000-0002-1583-5794,Chemistry,Elite (matched),108,117029,509,22.23,16.99,87,0.4275,0.7762,0.47,146,0.5412,0.0594,0.7065,0.9382,1.0,1.0,39.884,39.059,156,73,-83,ok,154.0,73.0,8.928571428571429,5.952380952380952,-81.0
Richard K. Wilson,0000-0002-1992-1358,Chemistry,Elite (matched),190,247327,680,31.77,25.52,60,0.5487,0.8141,0.76,123,0.9353,0.0,0.761,0.6265,1.0,1.0,39.817,42.036,157,13,-144,ok,155.0,13.0,8.333333333333332,19.047619047619047,-142.0
Roderic Guigó,0000-0002-5738-4477,Chemistry,Elite (matched),126,127534,701,30.43,20.6,63,0.5013,0.8405,0.575,165,0.6235,0.0,0.7727,0.6735,1.0,1.0,39.811,39.84,158,60,-98,ok,156.0,60.0,7.738095238095238,8.928571428571429,-96.0
Demis Hassabis,0000-0002-5359-5567,Chemistry,Nobel,90,186801,174,16.36,13.74,53,0.4252,0.6862,0.298,134,0.8706,0.1353,0.634,0.4853,1.0,1.0,39.754,40.967,159,93,-66,ok,157.0,93.0,7.142857142857142,13.095238095238097,-64.0
David A. Wheeler,0000-0002-9056-6299,Chemistry,Elite (matched),148,132490,604,31.75,19.18,86,0.5085,0.8025,0.565,146,0.6471,0.0145,0.7437,0.9235,1.0,1.0,39.719,39.713,160,38,-122,ok,158.0,38.0,6.547619047619048,7.142857142857142,-120.0
Jun Wang,0009-0008-8475-2934,Chemistry,Elite (matched),222,297655,3183,36.23,29.52,57,0.5806,0.8029,0.69,124,0.9706,0.0,0.7584,0.5824,1.0,1.0,39.672,42.001,161,4,-157,ok,159.0,4.0,5.952380952380952,18.452380952380953,-155.0
David Haussler,0000-0003-1533-4575,Chemistry,Elite (matched),175,245305,720,25.31,19.75,54,0.4348,0.8385,0.58,166,0.9235,0.0047,0.7578,0.5118,1.0,1.0,39.61,42.346,162,18,-144,ok,160.0,18.0,5.357142857142857,20.238095238095237,-142.0
Huanming Yang,0000-0002-0858-3410,Chemistry,Elite (matched),166,222725,1081,37.11,31.16,64,0.5402,0.807,0.62,144,0.9176,0.0,0.7536,0.7059,1.0,1.0,39.601,41.733,163,26,-137,ok,161.0,26.0,4.761904761904762,16.071428571428573,-135.0
Stephen T. Sherry,0000-0002-7982-076X,Chemistry,Elite (matched),63,108865,165,30.35,18.63,23,0.4134,0.8607,0.433,42,0.4765,0.0246,0.7712,0.1147,1.0,0.46,39.375,38.536,164,126,-38,ok,162.0,126.0,4.166666666666666,2.976190476190476,-36.0
Tim Hubbard,0000-0002-1767-9318,Chemistry,Elite (matched),94,113922,304,43.74,24.47,76,0.4422,0.8344,0.505,161,0.5235,0.0,0.756,0.8118,1.0,1.0,39.102,38.7,165,87,-78,ok,163.0,87.0,3.571428571428571,4.166666666666666,-76.0
Xun Xu,0000-0002-5338-5173,Chemistry,Elite (matched),151,130670,1087,32.69,24.68,75,0.538,0.8029,0.68,134,0.6353,0.0,0.7499,0.8029,1.0,1.0,39.032,38.976,166,32,-134,ok,164.0,32.0,2.976190476190476,5.357142857142857,-132.0
Sarah Hunt,0000-0002-8350-1235,Chemistry,Elite (matched),99,119051,249,46.24,26.88,77,0.4971,0.8109,0.509,129,0.5765,0.0,0.7481,0.8235,1.0,1.0,38.866,38.584,167,82,-85,ok,165.0,82.0,2.380952380952381,3.571428571428571,-83.0
Andrew Rambaut,0000-0003-4337-3707,Chemistry,Elite (matched),150,153598,521,26.45,19.91,64,0.5309,0.7464,0.56,161,0.7706,0.0017,0.7033,0.7059,1.0,1.0,36.957,38.1,168,34,-134,ok,166.0,34.0,1.7857142857142856,2.380952380952381,-132.0
Bruce W. Birren,0000-0001-6971-945X,Chemistry,Elite (matched),97,110633,246,33.01,19.88,56,0.3772,0.7888,0.36,130,0.5059,0.0021,0.7065,0.5559,1.0,1.0,36.232,36.198,169,85,-84,ok,167.0,85.0,1.1904761904761905,1.1904761904761905,-82.0
A. Yamamoto,0000-0002-5351-5169,Chemistry,Elite (matched),63,32991,790,28.43,24.17,51,0.2575,0.7942,0.01,142,0.2647,0.0,0.6869,0.4559,1.0,1.0,34.456,33.318,170,126,-44,ok,168.0,126.0,0.5952380952380952,0.5952380952380952,-42.0
Ben S. Bernanke,0000-0003-2185-0852,Economics,Nobel,85,58862,719,1.24,1.04,25,0.1059,0.4876,0.0,116,0.875,0.8888,0.4685,0.0562,1.0,0.5,74.558,68.837,1,42,41,ok,1.0,42.0,100.0,100.0,41.0
Paul Krugman,0000-0001-8364-0845,Economics,Nobel,111,79768,717,1.81,1.08,68,0.0898,0.4668,0.0,64,0.9562,0.7917,0.448,0.6438,1.0,1.0,71.34,64.039,2,8,6,ok,2.0,8.0,99.375,99.375,6.0
Eugene F. Fama,,Economics,Nobel,116,258862,240,2.02,1.07,22,0.0982,0.4662,0.0,39,0.9938,0.7665,0.4478,0.0375,1.0,0.44,70.055,61.674,3,4,1,ok,3.0,4.0,98.75,96.875,1.0
Angus Deaton,0000-0002-1195-6489,Economics,Nobel,109,67491,664,1.92,1.48,57,0.2482,0.4688,0.095,149,0.9188,0.7614,0.4578,0.4625,1.0,1.0,69.242,62.347,4,12,8,ok,4.0,12.0,98.125,98.125,8.0
Oliver Hart,0000-0002-0044-2185,Economics,Nobel,72,59567,317,2.67,1.59,41,0.2107,0.604,0.0,114,0.8875,0.6856,0.5843,0.1812,1.0,0.82,68.527,61.829,5,84,79,ok,5.0,84.0,97.5,97.5,79.0
William D. Nordhaus,0000-0001-9844-3996,Economics,Nobel,96,46055,463,1.9,1.47,47,0.1372,0.5296,0.005,106,0.7938,0.7642,0.51,0.2906,1.0,0.94,68.494,62.753,6,19,13,ok,6.0,19.0,96.875,98.75,13.0
Pierre Bourdıeu,0000-0001-6386-4269,Economics,Elite (matched),171,262421,1041,2.06,1.21,93,0.15,0.3876,0.0,100,1.0,0.7564,0.3757,0.9188,1.0,1.0,68.488,60.303,7,1,-6,ok,7.0,1.0,96.25,96.25,-6.0
Jean Tirole,0000-0002-2245-0803,Economics,Nobel,123,93781,537,2.34,1.98,53,0.1236,0.4769,0.0,130,0.9688,0.6982,0.4592,0.3656,1.0,1.0,66.976,59.032,8,3,-5,ok,8.0,3.0,95.625,95.625,-5.0
Daron Acemoglu,0000-0002-7152-7017,Economics,Nobel,161,151480,1025,3.08,1.08,61,0.185,0.4943,0.005,148,0.9812,0.675,0.4788,0.5188,1.0,1.0,66.86,58.474,9,2,-7,ok,9.0,2.0,95.0,94.375,-7.0
Jeong Yeon Lee,0000-0002-2622-7831,Economics,Elite (matched),17,78460,71,2.34,1.77,44,0.1495,0.4749,0.016,53,0.95,0.7063,0.4586,0.2375,1.0,0.88,66.859,58.967,10,158,148,ok,10.0,158.0,94.375,95.0,148.0
Robert J. Shiller,0000-0003-1352-3494,Economics,Nobel,95,54154,510,2.36,1.86,46,0.1385,0.4774,0.0,96,0.8438,0.701,0.4605,0.2688,1.0,0.92,64.735,57.77,11,20,9,ok,11.0,20.0,93.75,93.125,9.0
Joshua D. Angrist,,Economics,Nobel,87,63881,593,2.98,1.22,40,0.3201,0.4601,0.01,127,0.9062,0.6767,0.4531,0.1594,1.0,0.8,64.328,56.407,12,33,21,ok,12.0,33.0,93.125,90.0,21.0
Christopher A. Sims,0000-0001-6695-0886,Economics,Nobel,67,45396,265,2.89,2.28,43,0.2904,0.5426,0.03,70,0.7812,0.6444,0.53,0.2188,1.0,0.86,62.895,56.874,13,93,80,ok,13.0,93.0,92.5,91.875,80.0
Sergio I. Prada,0000-0001-7986-0959,Economics,Elite (matched),33,52186,133,4.16,2.28,67,0.3491,0.5852,0.256,61,0.8312,0.5777,0.5734,0.625,1.0,1.0,62.366,56.148,14,144,130,ok,14.0,144.0,91.875,89.375,130.0
Andrew K. Rose,0000-0003-1100-1212,Economics,Elite (matched),75,30822,577,2.13,1.67,65,0.1833,0.5098,0.0,143,0.5312,0.7305,0.4935,0.5938,1.0,1.0,61.844,58.302,15,74,59,ok,15.0,74.0,91.25,93.75,59.0
David Card,0000-0002-0386-5447,Economics,Nobel,102,58312,698,3.37,1.59,40,0.2362,0.4681,0.02,142,0.8625,0.6393,0.4565,0.1594,1.0,0.8,61.787,54.018,16,15,-1,ok,16.0,15.0,90.625,80.625,-1.0
James A. Robinson,0000-0001-8888-2549,Economics,Nobel,80,58369,431,2.88,2.46,75,0.1524,0.4454,0.01,145,0.8688,0.6385,0.4308,0.7219,1.0,1.0,61.736,54.487,17,59,42,ok,17.0,59.0,90.0,83.75,42.0
Paul M. Romer,0000-0002-5005-0154,Economics,Nobel,44,51129,119,3.38,2.07,25,0.27,0.5171,0.022,32,0.825,0.6221,0.5047,0.0562,1.0,0.5,61.623,54.597,18,126,108,ok,18.0,126.0,89.375,85.0,108.0
Lars Peter Hansen,0000-0002-8916-8746,Economics,Nobel,75,45210,358,3.25,1.9,53,0.2059,0.5159,0.015,101,0.775,0.6355,0.5004,0.3656,1.0,1.0,61.595,55.131,19,74,55,ok,19.0,74.0,88.75,86.875,55.0
Thomas J. Sargent,0000-0003-1801-1175,Economics,Nobel,93,44963,620,3.12,2.26,59,0.2018,0.4952,0.005,138,0.7688,0.6305,0.4805,0.4844,1.0,1.0,60.759,54.438,20,25,5,ok,20.0,25.0,88.125,82.5,5.0
Richard Baldwin,0000-0002-1965-4157,Economics,Elite (matched),91,33878,766,2.56,1.27,62,0.126,0.4669,0.0,146,0.6125,0.7064,0.4499,0.55,1.0,1.0,60.745,55.604,21,29,8,ok,21.0,29.0,87.5,88.75,8.0
Richard H. Thaler,0000-0002-9910-6380,Economics,Nobel,111,111464,274,4.04,2.66,50,0.1289,0.4766,0.018,60,0.975,0.5703,0.4592,0.325,1.0,1.0,60.741,52.011,22,8,-14,ok,22.0,8.0,86.875,76.25,-14.0
Guido W. Imbens,0000-0002-0767-2977,Economics,Nobel,91,71483,442,4.97,3.06,49,0.3449,0.5606,0.035,169,0.9375,0.5236,0.5498,0.3094,1.0,0.98,60.545,53.006,23,29,6,ok,23.0,29.0,86.25,79.375,6.0
Simeon Djankov,0000-0002-0822-6456,Economics,Elite (matched),73,42040,361,2.85,1.46,39,0.1474,0.4667,0.0,124,0.7,0.6771,0.4507,0.1469,1.0,0.78,60.456,54.124,24,81,57,ok,24.0,81.0,85.625,81.25,57.0
Roger B. Myerson,0000-0002-8860-0647,Economics,Nobel,52,29404,213,1.97,1.56,41,0.1333,0.4666,0.0,61,0.4938,0.7523,0.4499,0.1812,1.0,0.82,60.379,56.597,25,114,89,ok,25.0,114.0,85.0,90.625,89.0
Avinash Dixit,0000-0002-8929-7503,Economics,Elite (matched),68,28815,254,1.93,1.37,38,0.1441,0.4617,0.037,59,0.4688,0.7647,0.4458,0.1344,1.0,0.76,60.347,56.747,26,92,66,ok,26.0,92.0,84.375,91.25,66.0
W. Kip Viscusi,0000-0002-7931-7689,Economics,Elite (matched),87,29063,699,2.21,1.72,64,0.2208,0.5086,0.06,106,0.475,0.7205,0.4942,0.5781,1.0,1.0,60.319,57.235,27,33,6,ok,27.0,33.0,83.75,92.5,6.0
Robert C. Feenstra,0000-0003-3433-7763,Economics,Elite (matched),80,31796,462,2.56,1.34,46,0.1516,0.4803,0.0,129,0.575,0.7037,0.4639,0.2688,1.0,0.92,60.021,55.129,28,59,31,ok,28.0,59.0,83.125,86.25,31.0
David Cutler,0000-0002-4949-8917,Economics,Elite (matched),95,44226,755,3.98,2.52,69,0.4698,0.5452,0.345,160,0.75,0.5775,0.5414,0.6625,1.0,1.0,59.909,54.483,29,20,-9,ok,29.0,20.0,82.5,83.125,-9.0
Anthony J. Venables,0000-0003-0251-7479,Economics,Elite (matched),79,36367,430,2.7,2.31,71,0.112,0.4853,0.0,150,0.65,0.6566,0.4666,0.6875,1.0,1.0,59.669,54.531,30,63,33,ok,30.0,63.0,81.875,84.375,33.0
Richard Zeckhauser,0000-0002-4222-9546,Economics,Elite (matched),85,37832,610,2.81,2.65,76,0.2136,0.4857,0.035,115,0.6625,0.6363,0.4721,0.7406,1.0,1.0,59.133,54.133,31,42,11,ok,31.0,42.0,81.25,81.875,11.0
Esther Duflo,0000-0001-9456-6615,Economics,Nobel,104,63495,1389,4.83,2.77,56,0.3199,0.4815,0.065,158,0.9,0.5371,0.4734,0.4438,1.0,1.0,58.307,50.56,32,14,-18,ok,32.0,14.0,80.625,66.25,-18.0
Jeffrey D. Sachs,0000-0002-6451-2502,Economics,Elite (matched),115,83105,1146,6.07,3.56,74,0.2553,0.5259,0.11,109,0.9625,0.4785,0.5124,0.7062,1.0,1.0,58.098,50.235,33,5,-28,ok,33.0,5.0,80.0,64.375,-28.0
Satar Rezaei,0000-0002-6194-6057,Economics,Elite (matched),35,59398,238,6.62,3.39,82,0.3805,0.5664,0.285,175,0.8812,0.4711,0.5571,0.8312,1.0,1.0,57.773,51.127,34,143,109,ok,34.0,143.0,79.375,71.875,109.0
Daniel McFadden,0000-0003-3183-7922,Economics,Elite (matched),72,53512,247,4.85,2.74,49,0.2038,0.4989,0.074,69,0.8375,0.5374,0.4841,0.3094,1.0,0.98,57.341,49.902,35,84,49,ok,35.0,84.0,78.75,63.125,49.0
Mark A. Hall,0000-0001-6277-144X,Economics,Elite (matched),48,37836,498,4.53,2.66,86,0.3144,0.549,0.225,163,0.6688,0.551,0.5373,0.8688,1.0,1.0,57.227,52.28,36,120,84,ok,36.0,120.0,78.125,76.875,84.0
Vahid Yazdi‐Feyzabadi,0000-0002-8009-470X,Economics,Elite (matched),36,42186,192,5.14,2.67,76,0.2812,0.5607,0.175,141,0.7062,0.5302,0.5467,0.7406,1.0,1.0,57.033,51.565,37,142,105,ok,37.0,142.0,77.5,75.0,105.0
Mark V. Pauly,0000-0003-4957-4825,Economics,Elite (matched),98,37784,743,4.42,3.29,60,0.3224,0.5907,0.175,169,0.6562,0.535,0.5773,0.5,1.0,1.0,57.005,52.349,38,18,-20,ok,38.0,18.0,76.875,77.5,-20.0
Robert J. Aumann,0000-0003-1231-2997,Economics,Nobel,57,25489,213,2.12,1.63,26,0.1653,0.4958,0.0,31,0.3188,0.7331,0.4793,0.0719,1.0,0.52,56.99,54.713,39,106,67,ok,39.0,106.0,76.25,85.625,67.0
Robert L Kane,0009-0005-8505-6218,Economics,Elite (matched),106,44622,1625,6.18,4.41,90,0.6443,0.6245,0.785,164,0.7625,0.4514,0.6255,0.8906,1.0,1.0,56.811,52.441,40,13,-27,ok,40.0,13.0,75.625,78.125,-27.0
Alvin E. Roth,0000-0002-0968-1816,Economics,Nobel,101,42006,470,4.64,3.02,74,0.2753,0.5468,0.19,140,0.6938,0.5357,0.5332,0.7062,1.0,1.0,56.612,51.297,41,16,-25,ok,41.0,16.0,75.0,73.125,-25.0
Simon Johnson,0000-0002-2945-4040,Economics,Nobel,61,55847,347,4.93,3.03,61,0.1741,0.4738,0.0,101,0.85,0.5258,0.4588,0.5188,1.0,1.0,56.463,48.915,42,103,61,ok,42.0,103.0,74.375,56.25,61.0
Douglas W. Diamond,0000-0001-6747-7800,Economics,Nobel,44,43633,95,4.82,1.59,19,0.1714,0.4859,0.0,28,0.7312,0.5743,0.4702,0.0188,1.0,0.38,56.417,49.216,43,126,83,ok,43.0,126.0,73.75,59.375,83.0
Shawna Grosskopf,0000-0001-6939-2709,Economics,Elite (matched),82,33768,414,4.01,2.35,69,0.1772,0.5247,0.011,84,0.6062,0.5818,0.5073,0.6625,1.0,1.0,56.412,51.457,44,53,9,ok,44.0,53.0,73.125,73.75,9.0
Gordon Hanson,0000-0001-5798-140X,Economics,Elite (matched),76,30199,326,2.92,2.12,53,0.1573,0.4651,0.0,136,0.525,0.6482,0.4497,0.3656,1.0,1.0,56.04,51.486,45,71,26,ok,45.0,71.0,72.5,74.375,26.0
Donald L. Patrick,0000-0003-0756-0492,Economics,Elite (matched),113,67781,574,9.33,6.04,98,0.7067,0.6407,0.79,116,0.9312,0.3572,0.644,0.9375,1.0,1.0,55.912,50.646,46,6,-40,ok,46.0,6.0,71.875,66.875,-40.0
Anna Tsing,0000-0002-0411-959X,Economics,Elite (matched),47,21332,187,1.82,1.46,59,0.1579,0.4635,0.0,66,0.1688,0.7746,0.4482,0.4844,1.0,1.0,55.797,55.242,47,121,74,ok,47.0,121.0,71.25,87.5,74.0
Jonathan Gruber,0000-0003-0379-710X,Economics,Elite (matched),83,30110,568,3.35,1.9,55,0.2094,0.4821,0.07,169,0.5188,0.6297,0.4685,0.4188,1.0,1.0,55.659,51.156,48,51,3,ok,48.0,51.0,70.625,72.5,3.0
John Haltiwanger,0000-0001-6164-6938,Economics,Elite (matched),86,34144,569,4.01,2.25,47,0.1889,0.484,0.005,134,0.625,0.5851,0.4692,0.2906,1.0,0.94,55.29,49.595,49,40,-9,ok,49.0,40.0,70.0,60.62499999999999,-9.0
E. John Orav,0000-0002-8886-7252,Economics,Elite (matched),110,47088,538,7.97,4.96,85,0.6832,0.6196,0.86,158,0.8062,0.4034,0.6228,0.8531,1.0,1.0,55.127,50.422,50,10,-40,ok,50.0,10.0,69.375,65.625,-40.0
Sharon‐Lise T. Normand,0000-0001-7027-4769,Economics,Elite (matched),110,61213,632,8.66,5.79,66,0.746,0.6229,0.82,150,0.8938,0.3718,0.6291,0.6094,1.0,1.0,55.083,49.778,51,10,-41,ok,51.0,10.0,68.75,62.5,-41.0
John Brazier,0000-0001-8645-4780,Economics,Elite (matched),112,57702,861,7.88,4.23,62,0.7589,0.5597,0.905,121,0.8562,0.4245,0.5697,0.55,1.0,1.0,55.069,49.238,52,7,-45,ok,52.0,7.0,68.125,60.0,-45.0
Philippe Van Parijs,0000-0003-3348-1317,Economics,Elite (matched),40,8720,552,1.48,1.28,69,0.1365,0.4026,0.0,116,0.05,0.8321,0.3893,0.6625,0.872,1.0,54.828,55.541,53,137,84,ok,53.0,137.0,67.5,88.125,84.0
Joseph P. Newhouse,0000-0001-5837-3203,Economics,Elite (matched),94,45462,610,6.02,4.45,68,0.4088,0.5551,0.495,172,0.7875,0.4538,0.5478,0.6438,1.0,1.0,54.678,48.992,54,23,-31,ok,54.0,23.0,66.875,57.49999999999999,-31.0
John E. Ware,0000-0002-0744-2149,Economics,Elite (matched),82,67735,249,8.1,5.82,32,0.6437,0.5977,0.544,31,0.925,0.3785,0.6,0.0906,1.0,0.64,54.464,48.134,55,53,-2,ok,55.0,53.0,66.25,49.375,-2.0
Edmund S. Phelps,0000-0002-1735-7724,Economics,Nobel,56,22770,481,2.24,1.37,56,0.1293,0.4682,0.0,115,0.2,0.7313,0.4513,0.4438,1.0,1.0,54.288,52.894,56,108,52,ok,56.0,108.0,65.625,78.75,52.0
Jong‐Wha Lee,0000-0002-3152-4961,Economics,Elite (matched),53,28232,387,3.69,2.42,67,0.2283,0.529,0.04,119,0.4438,0.5941,0.514,0.625,1.0,1.0,54.186,50.834,57,113,56,ok,57.0,113.0,65.0,68.125,56.0
Eric S. Maskin,0000-0002-8460-8468,Economics,Nobel,69,28597,245,3.39,2.14,37,0.1559,0.5021,0.014,37,0.4562,0.6191,0.4848,0.1219,1.0,0.74,54.138,50.0,58,91,33,ok,58.0,91.0,64.375,63.74999999999999,33.0
Michael Kremer,0000-0002-2766-1857,Economics,Nobel,80,31626,486,4.2,2.62,64,0.2347,0.4963,0.055,147,0.5625,0.565,0.4832,0.5781,1.0,1.0,53.927,49.207,59,59,0,ok,59.0,59.0,63.74999999999999,58.75,0.0
Eduardo Viveiros de Castro,0000-0003-4902-0574,Economics,Elite (matched),33,10236,129,1.65,1.25,49,0.1222,0.4067,0.0,50,0.0812,0.8067,0.3925,0.3094,1.0,0.98,53.826,53.658,60,144,84,ok,60.0,144.0,63.125,80.0,84.0
Adam Wagstaff,0000-0003-4442-5070,Economics,Elite (matched),78,32743,396,4.38,2.7,41,0.2117,0.4992,0.125,166,0.6,0.5554,0.4848,0.1812,1.0,0.82,53.717,48.308,61,66,5,ok,61.0,66.0,62.5,51.87500000000001,5.0
Mustafa Z Younis,0000-0001-8448-808X,Economics,Elite (matched),84,183584,294,8.13,6.53,65,0.3672,0.5561,0.317,129,0.9875,0.3592,0.5467,0.5938,1.0,1.0,53.608,46.521,62,47,-15,ok,62.0,47.0,61.875,34.375,-15.0
Rachel Griffith,0000-0002-8616-5820,Economics,Elite (matched),64,25785,398,3.19,1.66,46,0.1973,0.4949,0.025,135,0.3312,0.6475,0.48,0.2688,1.0,0.92,53.259,50.319,63,97,34,ok,63.0,97.0,61.25000000000001,65.0,34.0
Claudia Goldin,0000-0002-7189-0463,Economics,Nobel,74,27871,384,3.25,1.59,36,0.1994,0.4347,0.006,104,0.4375,0.6463,0.4229,0.1125,1.0,0.72,53.199,48.774,64,79,15,ok,64.0,79.0,60.62499999999999,54.37499999999999,15.0
Leila Doshmangir,0000-0001-5197-8437,Economics,Elite (matched),41,46292,191,7.5,4.35,81,0.2501,0.5376,0.156,142,0.8,0.4275,0.5232,0.8188,1.0,1.0,53.062,46.845,65,132,67,ok,65.0,132.0,60.0,37.5,67.0
Ricardo Hausmann,0000-0001-9284-5745,Economics,Elite (matched),66,29756,418,4.04,2.26,57,0.1446,0.4762,0.02,108,0.5125,0.5835,0.4596,0.4625,1.0,1.0,53.043,48.302,66,94,28,ok,66.0,94.0,59.375,51.24999999999999,28.0
István Csabai,0000-0001-9232-9898,Economics,Elite (matched),93,65698,1035,14.45,9.23,86,0.4035,0.7664,0.205,169,0.9125,0.2417,0.7483,0.8688,1.0,1.0,53.033,48.981,67,25,-42,ok,67.0,25.0,58.75,56.875,-42.0
Abhijit Banerjee,0000-0002-7865-8316,Economics,Nobel,76,31220,1262,5.21,1.53,62,0.263,0.4729,0.05,168,0.5562,0.5628,0.4624,0.55,1.0,1.0,53.025,47.745,68,71,3,ok,68.0,71.0,58.12500000000001,47.5,3.0
Robert M. Kaplan,0000-0003-4837-5330,Economics,Elite (matched),87,31087,667,6.25,3.9,128,0.5577,0.5945,0.55,131,0.55,0.4645,0.5927,1.0,1.0,1.0,52.655,49.673,69,33,-36,ok,69.0,33.0,57.49999999999999,61.875,-36.0
Henri Lefebvre,0009-0004-2914-9850,Economics,Elite (matched),33,21767,235,2.25,1.31,39,0.254,0.4237,0.0,34,0.1875,0.7327,0.4152,0.1469,1.0,0.78,52.648,51.038,70,144,74,ok,70.0,144.0,56.875,70.625,74.0
Telma Zahirian Moghadam,0000-0003-1290-4202,Economics,Elite (matched),22,38764,64,6.46,4.78,34,0.4216,0.599,0.261,42,0.6812,0.4348,0.5901,0.1,1.0,0.68,52.451,47.605,71,156,85,ok,71.0,156.0,56.25,46.875,85.0
K. Robin Yabroff,0000-0003-0644-5572,Economics,Elite (matched),86,35771,679,6.92,4.36,55,0.5335,0.5969,0.66,165,0.6375,0.4377,0.5937,0.4188,1.0,1.0,52.28,48.12,72,40,-32,ok,72.0,40.0,55.625,48.75,-32.0
Robert H. Brook,0000-0001-7648-3764,Economics,Elite (matched),85,35893,641,6.25,4.19,41,0.4048,0.5767,0.382,81,0.6438,0.4562,0.5681,0.1812,1.0,0.82,52.225,47.443,73,42,-31,ok,73.0,42.0,55.00000000000001,45.0,-31.0
Sherman Robinson,0000-0002-5478-9372,Economics,Elite (matched),64,29667,489,4.73,3.25,66,0.2343,0.535,0.025,161,0.5062,0.5254,0.52,0.6094,1.0,1.0,52.121,48.207,74,97,23,ok,74.0,97.0,54.37499999999999,50.0,23.0
James E. Anderson,0000-0003-0878-5271,Economics,Elite (matched),65,23993,710,4.61,2.92,75,0.2132,0.6464,0.065,132,0.2812,0.5399,0.6247,0.7219,1.0,1.0,52.081,50.84,75,96,21,ok,75.0,96.0,53.75,69.375,21.0
Ève Chiapello,0000-0002-3323-9961,Economics,Elite (matched),32,8467,200,1.94,1.22,46,0.1269,0.4282,0.0,86,0.0438,0.7697,0.4131,0.2688,0.8467,0.92,51.904,51.738,76,152,76,ok,76.0,152.0,53.125,75.625,76.0
Rosi Braidotti,0000-0002-5922-2324,Economics,Elite (matched),44,12822,344,2.04,1.22,76,0.1142,0.3855,0.0,99,0.1125,0.7582,0.3719,0.7406,1.0,1.0,51.889,51.075,77,126,49,ok,77.0,126.0,52.5,71.25,49.0
Carl Shapiro,0000-0003-4430-3655,Economics,Elite (matched),59,35001,183,4.22,3.66,23,0.1463,0.4678,0.0,53,0.6312,0.5304,0.4517,0.0438,1.0,0.46,51.87,46.016,78,104,26,ok,78.0,104.0,51.87500000000001,30.625000000000004,26.0
Nicholas Steel,0000-0003-1528-140X,Economics,Elite (matched),38,38487,190,7.85,4.26,62,0.447,0.5804,0.326,101,0.675,0.4241,0.5737,0.55,1.0,1.0,51.839,47.103,79,138,59,ok,79.0,138.0,51.24999999999999,40.625,59.0
Michael T. Halpern,0000-0001-8514-6313,Economics,Elite (matched),57,24201,430,5.42,2.94,104,0.4793,0.6411,0.525,139,0.2875,0.5137,0.633,0.9625,1.0,1.0,51.451,50.693,80,106,26,ok,80.0,106.0,50.625,67.5,26.0
Diana W. Bianchi,0000-0001-9270-5267,Economics,Elite (matched),78,27004,484,7.29,4.75,81,0.6136,0.7315,0.785,135,0.3875,0.4202,0.7256,0.8188,1.0,1.0,51.389,50.839,81,66,-15,ok,81.0,66.0,50.0,68.75,-15.0
Bhageerathy Reshmi,0000-0001-9631-6218,Economics,Elite (matched),24,42252,81,7.21,4.67,28,0.2588,0.5703,0.095,59,0.7125,0.4238,0.5547,0.0812,1.0,0.56,51.359,45.638,82,154,72,ok,82.0,154.0,49.375,27.500000000000004,72.0
Yves Gingras,0000-0002-4729-1269,Economics,Elite (matched),52,12506,481,2.48,1.94,99,0.1808,0.4709,0.01,122,0.1062,0.6876,0.4564,0.95,1.0,1.0,51.174,51.004,83,114,31,ok,83.0,114.0,48.75,70.0,31.0
Ernst R. Berndt,0000-0002-6388-0768,Economics,Elite (matched),70,24741,422,4.27,2.44,57,0.2099,0.5479,0.121,126,0.3125,0.568,0.531,0.4625,1.0,1.0,50.815,48.379,84,90,6,ok,84.0,90.0,48.125,53.125,6.0
Lisa I. Iezzoni,0000-0002-1416-5039,Economics,Elite (matched),77,23638,410,4.21,2.83,79,0.4512,0.5681,0.62,118,0.2562,0.5578,0.5623,0.7938,1.0,1.0,50.643,49.667,85,69,-16,ok,85.0,69.0,47.5,61.25000000000001,-16.0
Achille Mbembé,0000-0003-0006-3194,Economics,Elite (matched),45,21380,234,2.47,1.66,80,0.1464,0.3963,0.0,81,0.175,0.6991,0.3838,0.8062,1.0,1.0,50.579,49.083,86,124,38,ok,86.0,124.0,46.875,58.12500000000001,38.0
Elías Mossialos,0000-0001-8664-9297,Economics,Elite (matched),83,42329,609,7.67,5.47,96,0.3553,0.5479,0.395,146,0.7188,0.3943,0.5383,0.925,1.0,1.0,50.521,45.649,87,51,-36,ok,87.0,51.0,46.25,28.125,-36.0
Naihua Duan,0000-0001-9411-2924,Economics,Elite (matched),85,42383,353,9.39,5.03,77,0.511,0.5564,0.488,120,0.725,0.3823,0.5541,0.7594,1.0,1.0,50.34,45.458,88,42,-46,ok,88.0,42.0,45.625,26.875,-46.0
Paul Dolan,0000-0001-6180-2849,Economics,Elite (matched),71,25529,359,4.08,2.56,88,0.2584,0.4922,0.155,133,0.325,0.5719,0.4805,0.8812,1.0,1.0,50.169,47.756,89,88,-1,ok,89.0,88.0,45.0,48.125,-1.0
Joseph S. Ross,0000-0002-9218-3320,Economics,Elite (matched),84,30909,1019,8.26,5.17,59,0.6764,0.6411,0.84,181,0.5375,0.3936,0.6429,0.4844,1.0,1.0,49.869,47.339,90,47,-43,ok,90.0,47.0,44.375,43.75,-43.0
Isabelle Stengers,0000-0001-7723-6140,Economics,Elite (matched),46,14830,442,2.42,1.74,59,0.1167,0.4,0.0,86,0.15,0.7004,0.3858,0.4844,1.0,1.0,49.855,48.339,91,123,32,ok,91.0,123.0,43.75,52.5,32.0
Peter J. Neumann,0000-0003-1226-4073,Economics,Elite (matched),84,28553,523,5.79,4.04,68,0.5203,0.5669,0.68,145,0.45,0.4712,0.5646,0.6438,1.0,1.0,49.839,47.247,92,47,-45,ok,92.0,47.0,43.125,42.5,-45.0
Ali Kazemi Karyani,0000-0002-4448-9317,Economics,Elite (matched),33,43846,133,10.46,4.92,49,0.3373,0.5658,0.164,98,0.7438,0.3728,0.5544,0.3094,1.0,0.98,49.687,43.958,93,144,51,ok,93.0,144.0,42.5,18.125,51.0
Kevin A. Schulman,0000-0002-8926-5085,Economics,Elite (matched),85,32262,623,7.49,6.13,90,0.5479,0.612,0.685,144,0.5938,0.3791,0.6088,0.8906,1.0,1.0,49.619,46.783,94,42,-52,ok,94.0,42.0,41.875,36.25,-52.0
Peter A. Ubel,0000-0001-8218-519X,Economics,Elite (matched),92,29291,553,6.17,4.67,97,0.5176,0.5709,0.62,147,0.4812,0.444,0.5682,0.9312,1.0,1.0,49.536,47.056,95,27,-68,ok,95.0,27.0,41.25,39.375,-68.0
Thomas W. Hertel,0000-0002-7179-7630,Economics,Elite (matched),75,23320,830,4.77,2.73,74,0.2045,0.5952,0.02,153,0.2188,0.5404,0.5757,0.7062,1.0,1.0,49.407,48.24,96,74,-22,ok,96.0,74.0,40.625,50.625,-22.0
Tze Kin Lau,0000-0002-0242-1410,Economics,Elite (matched),75,27350,512,7.82,5.82,61,0.7347,0.7192,0.83,168,0.4062,0.3825,0.72,0.5188,1.0,1.0,49.346,48.805,97,74,-23,ok,97.0,74.0,40.0,55.625,-23.0
Bengt Holmström,0000-0002-9776-7773,Economics,Nobel,56,43687,108,7.09,4.12,16,0.1077,0.4677,0.0,24,0.7375,0.4412,0.4497,0.0125,1.0,0.32,49.33,42.208,98,108,10,ok,98.0,108.0,39.375,12.5,10.0
Christopher A. Pissarides,0000-0002-5059-7791,Economics,Nobel,58,22629,315,3.04,2.36,37,0.199,0.4783,0.0,80,0.1938,0.6318,0.4643,0.1219,1.0,0.74,49.29,47.524,99,105,6,ok,99.0,105.0,38.75,46.25,6.0
César A. Hidalgo,0000-0002-6977-9492,Economics,Elite (matched),52,28616,241,6.12,3.89,78,0.2806,0.5485,0.06,143,0.4625,0.4678,0.5351,0.775,1.0,1.0,49.142,45.886,100,114,14,ok,100.0,114.0,38.125,30.0,14.0
Arnold M. Epstein,0000-0003-2374-0311,Economics,Elite (matched),87,27267,315,4.84,3.8,41,0.4289,0.542,0.524,130,0.4,0.5047,0.5363,0.1812,1.0,0.82,49.136,46.326,101,33,-68,ok,101.0,33.0,37.5,33.75,-68.0
Russell S. Kirby,0000-0002-3489-401X,Economics,Elite (matched),81,27480,713,8.51,5.55,86,0.8113,0.6842,0.895,132,0.425,0.3801,0.6906,0.8688,1.0,1.0,49.074,48.463,102,55,-47,ok,102.0,55.0,36.875,53.75,-47.0
Steven H. Woolf,0000-0001-9384-033X,Economics,Elite (matched),77,31005,329,9.49,2.75,54,0.4851,0.5464,0.353,112,0.5438,0.4391,0.5433,0.3938,1.0,1.0,49.026,44.65,103,69,-34,ok,103.0,69.0,36.25,21.25,-34.0
Gerard F. Anderson,0000-0003-1845-1523,Economics,Elite (matched),72,25974,445,4.83,4.21,77,0.3632,0.5667,0.37,162,0.35,0.4922,0.5565,0.7594,1.0,1.0,48.921,47.15,104,84,-20,ok,104.0,84.0,35.625,41.875,-20.0
Philip H. Dybvig,0000-0002-8250-8970,Economics,Nobel,33,14865,112,3.34,1.53,13,0.1,0.4759,0.0,15,0.1562,0.6432,0.4571,0.0062,1.0,0.26,48.793,46.717,105,144,39,ok,105.0,144.0,35.0,35.0,39.0
Peter Dahlgren,0000-0002-3509-3329,Economics,Elite (matched),38,7488,234,2.27,1.55,61,0.1606,0.4143,0.0,85,0.0062,0.7214,0.4016,0.5188,0.7488,1.0,48.773,48.79,106,138,32,ok,106.0,138.0,34.375,55.00000000000001,32.0
David A. Asch,0000-0002-7970-286X,Economics,Elite (matched),91,29311,634,7.54,4.88,79,0.5264,0.5954,0.725,154,0.4875,0.4124,0.592,0.7938,1.0,1.0,48.664,46.162,107,29,-78,ok,107.0,29.0,33.75,32.5,-78.0
Andrew Briggs,0000-0002-0777-1997,Economics,Elite (matched),101,50474,798,16.12,7.5,91,0.6704,0.6102,0.715,151,0.8188,0.2714,0.6132,0.9031,1.0,1.0,48.614,44.362,108,16,-92,ok,108.0,16.0,33.125,20.625,-92.0
Emmanuel Lazega,0000-0001-8844-6426,Economics,Elite (matched),33,12829,361,2.94,2.05,63,0.1713,0.4527,0.0,136,0.1188,0.6494,0.4386,0.5688,1.0,1.0,48.512,47.503,109,144,35,ok,109.0,144.0,32.5,45.625,35.0
Mark Sculpher,0000-0003-3746-9913,Economics,Elite (matched),94,41355,645,9.86,7.43,70,0.6891,0.6188,0.765,152,0.6875,0.3163,0.6223,0.6781,1.0,1.0,48.421,45.212,110,23,-87,ok,110.0,23.0,31.874999999999996,23.125,-87.0
Kathleen N Lohr,0000-0002-3825-0713,Economics,Elite (matched),92,44238,1034,8.91,7.53,44,0.4173,0.592,0.27,94,0.7562,0.3235,0.5833,0.2375,1.0,0.88,48.298,43.488,111,27,-84,ok,111.0,27.0,31.25,16.25,-84.0
Allan S. Detsky,0000-0003-2772-3121,Economics,Elite (matched),72,23780,394,5.15,3.82,51,0.4236,0.5963,0.465,152,0.275,0.4948,0.5877,0.3344,1.0,1.0,48.122,46.817,112,84,-28,ok,112.0,84.0,30.625000000000004,36.875,-28.0
Mohammad Khammarnia,0000-0002-3759-5875,Economics,Elite (matched),24,26697,146,6.27,2.97,55,0.2758,0.5442,0.108,113,0.375,0.4909,0.5308,0.4188,1.0,1.0,48.108,45.016,113,154,41,ok,113.0,154.0,30.0,21.875,41.0
S. Munné,0000-0002-1088-5565,Economics,Elite (matched),95,26663,545,8.86,5.86,35,0.6298,0.7459,0.43,49,0.3625,0.3674,0.7401,0.1062,1.0,0.7,47.925,47.378,114,20,-94,ok,114.0,20.0,29.375,44.375,-94.0
Kevin D. Frick,0000-0002-0178-5319,Economics,Elite (matched),71,26899,483,8.54,5.0,114,0.6443,0.653,0.78,142,0.3812,0.3941,0.6526,0.9875,1.0,1.0,47.922,47.093,115,88,-27,ok,115.0,88.0,28.749999999999996,40.0,-27.0
Peter Smith,0000-0003-0058-7588,Economics,Elite (matched),87,27652,766,6.18,4.56,99,0.379,0.5464,0.3,158,0.4312,0.447,0.538,0.95,1.0,1.0,47.844,45.341,116,33,-83,ok,116.0,33.0,27.8125,25.0,-83.0
Robert Boyer,0000-0003-0425-7439,Economics,Elite (matched),41,11345,538,2.87,2.06,70,0.1049,0.4414,0.005,114,0.0875,0.6538,0.4246,0.6781,1.0,1.0,47.844,47.027,116,132,16,ok,116.0,132.0,27.8125,38.75,16.0
Jonathan Skinner,0000-0002-4760-9396,Economics,Elite (matched),79,23763,362,4.96,3.98,79,0.5005,0.5663,0.435,168,0.2688,0.4954,0.563,0.7938,1.0,1.0,47.825,46.957,118,63,-55,ok,118.0,63.0,26.875,38.125,-55.0
Alain Touraine,0000-0001-7330-2163,Economics,Elite (matched),42,8422,554,2.51,1.5,56,0.1183,0.4001,0.007,60,0.0375,0.7018,0.386,0.4438,0.8422,1.0,47.811,47.105,119,131,12,ok,119.0,131.0,26.25,41.25,12.0
Claude S. Fischer,0000-0002-4665-5630,Economics,Elite (matched),50,13971,220,3.38,1.8,42,0.1885,0.4626,0.021,42,0.1312,0.6315,0.4489,0.2031,1.0,0.84,47.739,46.158,120,118,-2,ok,120.0,118.0,25.624999999999996,31.874999999999996,-2.0
A. Dessa Sadovnick,0000-0003-2987-2008,Economics,Elite (matched),80,27366,421,10.04,6.72,78,0.5763,0.7396,0.665,129,0.4125,0.3324,0.7314,0.775,1.0,1.0,47.653,47.278,121,59,-62,ok,121.0,59.0,25.0,43.125,-62.0
B. Thilaganathan,0000-0002-5531-4301,Economics,Elite (matched),84,27376,934,9.05,6.25,43,0.818,0.7031,0.9,166,0.4188,0.355,0.7088,0.2188,1.0,0.86,47.514,46.749,122,47,-75,ok,122.0,47.0,24.375,35.625,-75.0
Frank Moulaert,0000-0001-8924-6928,Economics,Elite (matched),41,8928,359,3.08,1.87,43,0.1114,0.4657,0.0,92,0.0625,0.6468,0.448,0.2188,0.8928,0.86,47.219,46.267,123,132,9,ok,123.0,132.0,23.75,33.125,9.0
Robert B. Wilson,0000-0002-7887-8071,Economics,Nobel,55,21447,478,3.94,3.49,26,0.2154,0.552,0.029,43,0.1812,0.5471,0.5352,0.0719,1.0,0.52,47.026,45.776,124,111,-13,ok,124.0,111.0,23.125,29.375,-13.0
Peter Groenewegen,0000-0003-2127-8442,Economics,Elite (matched),74,25924,1020,5.61,4.25,84,0.4658,0.5351,0.615,159,0.3438,0.4694,0.5316,0.8438,1.0,1.0,47.009,45.238,125,79,-46,ok,125.0,79.0,22.5,23.75,-46.0
Stephen B. Soumerai,0000-0001-6811-2496,Economics,Elite (matched),81,25884,305,6.67,4.77,53,0.5478,0.618,0.679,130,0.3375,0.431,0.6145,0.3656,1.0,1.0,47.001,45.657,126,55,-71,ok,126.0,55.0,21.875,28.749999999999996,-71.0
Stavros Petrou,0000-0003-3121-6050,Economics,Elite (matched),76,31935,629,13.91,6.04,81,0.6611,0.6265,0.8,157,0.5875,0.3169,0.6282,0.8188,1.0,1.0,46.956,44.295,127,71,-56,ok,127.0,71.0,21.25,19.375,-56.0
Peter A. Diamond,0000-0002-0957-2015,Economics,Nobel,62,24639,340,5.15,2.69,44,0.1671,0.4937,0.015,99,0.3062,0.5293,0.4774,0.2375,1.0,0.88,46.856,43.721,128,101,-27,ok,128.0,101.0,20.625,16.875,-27.0
Michel Lagarde,0000-0003-0175-9062,Economics,Elite (matched),64,14217,1093,4.63,3.67,61,0.3984,0.5781,0.19,74,0.1375,0.5156,0.5691,0.5188,1.0,1.0,46.257,46.153,129,97,-32,ok,129.0,97.0,20.0,31.25,-32.0
Madeleine Akrich,0000-0002-2259-1601,Economics,Elite (matched),33,8147,245,3.72,1.49,45,0.1514,0.4849,0.039,117,0.0312,0.624,0.4682,0.25,0.8147,0.9,46.186,45.372,130,144,14,ok,130.0,144.0,19.375,25.624999999999996,14.0
Antonio Negri,0000-0002-8662-4302,Economics,Elite (matched),33,8895,381,3.42,2.05,85,0.2157,0.4272,0.025,122,0.0562,0.6206,0.4166,0.8531,0.8895,1.0,45.598,45.031,131,144,13,ok,131.0,144.0,18.75,22.5,13.0
Alastair Gray,0000-0003-0239-7278,Economics,Elite (matched),89,31712,597,16.57,7.37,106,0.704,0.6541,0.785,174,0.5688,0.272,0.6566,0.975,1.0,1.0,45.47,43.739,132,32,-100,ok,132.0,32.0,18.125,17.5,-100.0
Dennis Ross‐Degnan,0000-0002-0066-1242,Economics,Elite (matched),75,23506,391,6.93,5.17,78,0.5506,0.6286,0.725,156,0.2438,0.4149,0.6247,0.775,1.0,1.0,45.288,45.239,133,74,-59,ok,133.0,74.0,17.5,24.375,-59.0
Jayendra Sharma,0000-0001-6500-8546,Economics,Elite (matched),17,31840,78,14.49,6.37,25,0.3888,0.6302,0.372,33,0.5812,0.3056,0.6181,0.0562,1.0,0.5,45.057,41.426,134,158,24,ok,134.0,158.0,16.875,8.75,24.0
Paul Kind,0000-0003-2377-1652,Economics,Elite (matched),56,27068,240,7.7,4.83,53,0.5323,0.5486,0.478,64,0.3938,0.4112,0.5478,0.3656,1.0,1.0,44.988,42.612,135,108,-27,ok,135.0,108.0,16.25,13.750000000000002,-27.0
Amiram Gafni,0000-0001-8279-8172,Economics,Elite (matched),87,34067,993,17.17,7.69,108,0.5571,0.6181,0.645,134,0.6188,0.2623,0.615,0.9812,1.0,1.0,44.629,42.037,136,33,-103,ok,136.0,33.0,15.625,11.875,-103.0
Sébastiên Roux,0000-0002-3676-0517,Economics,Elite (matched),41,12485,309,4.89,3.25,91,0.4063,0.5141,0.115,143,0.1,0.5202,0.5087,0.9031,1.0,1.0,44.379,44.328,137,132,-5,ok,137.0,132.0,15.0,20.0,-5.0
David Evans,0000-0003-1674-8489,Economics,Elite (matched),62,23494,386,6.89,3.15,83,0.2026,0.5212,0.057,112,0.2375,0.4722,0.5053,0.8375,1.0,1.0,44.36,42.472,138,101,-37,ok,138.0,101.0,14.374999999999998,13.125,-37.0
Zi‐Jiang Chen,0000-0001-6637-6631,Economics,Elite (matched),73,26693,938,10.97,9.72,99,0.6195,0.7749,0.63,129,0.3688,0.2506,0.7671,0.95,1.0,1.0,44.133,45.411,139,81,-58,ok,139.0,81.0,13.750000000000002,26.25,-58.0
Rohollah Kalhor,0000-0002-6146-8761,Economics,Elite (matched),47,71829,150,15.3,10.81,51,0.3385,0.5315,0.213,99,0.9438,0.2027,0.5218,0.3344,1.0,1.0,44.008,37.967,140,121,-19,ok,140.0,121.0,13.125,2.5,-19.0
Michael R. DeBaun,0000-0002-0574-1604,Economics,Elite (matched),81,26249,600,9.88,7.97,76,0.6722,0.6943,0.81,171,0.3562,0.3026,0.6932,0.7406,1.0,1.0,43.916,44.215,141,55,-86,ok,141.0,55.0,12.5,18.75,-86.0
Catherine Dominguès,0000-0002-0362-6805,Economics,Elite (matched),7,9388,71,4.25,2.4,20,0.1095,0.4634,0.0,46,0.075,0.5701,0.4457,0.025,0.9388,0.4,43.365,41.826,142,160,18,ok,142.0,160.0,11.875,10.0,18.0
Elliott S. Fisher,0000-0002-9571-4879,Economics,Elite (matched),79,23459,261,6.44,4.51,53,0.4181,0.5403,0.448,141,0.2312,0.443,0.5342,0.3656,1.0,1.0,43.137,41.868,143,63,-80,ok,143.0,63.0,11.25,10.625,-80.0
Richard Lilford,0000-0002-0634-984X,Economics,Elite (matched),87,29632,728,13.45,7.88,92,0.6271,0.6079,0.725,176,0.5,0.2779,0.6089,0.9125,1.0,1.0,42.933,41.412,144,33,-111,ok,144.0,33.0,10.625,7.5,-111.0
François Bousquet,0000-0002-4552-3724,Economics,Elite (matched),44,8120,478,5.48,2.83,73,0.1969,0.5353,0.03,120,0.025,0.5154,0.5184,0.6938,0.812,1.0,42.806,42.766,145,126,-19,ok,145.0,126.0,10.0,14.374999999999998,-19.0
Paul R. Milgrom,0000-0002-2179-7173,Economics,Nobel,49,14368,174,10.53,4.33,21,0.4199,0.6896,0.447,33,0.1438,0.3866,0.6761,0.0312,1.0,0.42,42.761,42.77,146,119,-27,ok,146.0,119.0,9.375,15.625,-27.0
Benoît Rihoux,0000-0001-9836-5056,Economics,Elite (matched),31,7618,356,4.06,2.63,54,0.1244,0.4471,0.015,76,0.0188,0.5704,0.431,0.3938,0.7618,1.0,42.328,41.59,147,153,6,ok,147.0,153.0,8.75,9.375,6.0
Richard Nadeau,0000-0003-4426-3331,Economics,Elite (matched),44,7505,279,4.08,2.27,55,0.1449,0.428,0.005,104,0.0125,0.5814,0.4138,0.4188,0.7505,1.0,42.251,41.403,148,126,-22,ok,148.0,126.0,8.125,6.875000000000001,-22.0
Stephen Morris,0000-0002-5828-3563,Economics,Elite (matched),78,24329,717,11.8,7.25,118,0.6961,0.6594,0.75,170,0.2938,0.304,0.6612,0.9938,1.0,1.0,42.147,42.769,149,66,-83,ok,149.0,66.0,7.5,15.0,-83.0
Elizabeth A. McGlynn,0000-0002-4944-2518,Economics,Elite (matched),64,22871,311,6.93,5.01,52,0.3922,0.5626,0.331,108,0.2062,0.4193,0.5541,0.3438,1.0,1.0,42.104,41.229,150,97,-53,ok,150.0,97.0,6.875000000000001,6.25,-53.0
Isabelle Thomas,0000-0003-3386-2427,Economics,Elite (matched),55,9002,650,7.05,4.41,105,0.4045,0.5713,0.22,128,0.0688,0.4339,0.563,0.9688,0.9002,1.0,41.313,42.029,151,111,-40,ok,151.0,111.0,6.25,11.25,-40.0
Laurent Thévenot,0000-0002-4317-0419,Economics,Elite (matched),45,15260,220,4.6,3.65,46,0.1178,0.4109,0.0,78,0.1625,0.5172,0.3962,0.2688,1.0,0.92,41.124,38.921,152,124,-28,ok,152.0,124.0,5.625,3.75,-28.0
Sheldon Greenfield,0000-0003-4628-1998,Economics,Elite (matched),73,23684,345,10.65,7.23,67,0.6228,0.6446,0.479,95,0.2625,0.314,0.6435,0.625,1.0,1.0,41.069,41.425,153,81,-72,ok,153.0,81.0,5.0,8.125,-72.0
François Morin,0000-0002-1582-2934,Economics,Elite (matched),37,11436,232,8.98,4.04,54,0.3818,0.6012,0.247,51,0.0938,0.4131,0.5902,0.3938,1.0,1.0,40.906,40.914,154,140,-14,ok,154.0,140.0,4.375,5.625,-14.0
Efat Mohamadi,0000-0003-2297-7990,Economics,Elite (matched),18,23544,85,9.11,4.71,42,0.237,0.537,0.145,63,0.25,0.394,0.522,0.2031,1.0,0.84,40.498,38.479,155,157,2,ok,155.0,157.0,3.75,3.125,2.0
Anne Mills,0000-0001-9863-9950,Economics,Elite (matched),81,23123,586,7.88,6.34,62,0.3553,0.5679,0.315,116,0.2125,0.3677,0.5573,0.55,1.0,1.0,40.021,39.528,156,55,-101,ok,156.0,55.0,3.125,4.375,-101.0
Jean Lambert,0000-0001-9159-6126,Economics,Elite (matched),51,13711,338,7.45,5.27,65,0.6622,0.5415,0.403,83,0.125,0.4032,0.5475,0.5938,1.0,1.0,39.909,40.344,157,117,-40,ok,157.0,117.0,2.5,5.0,-40.0
Mohsen Bayati,0000-0002-9118-5447,Economics,Elite (matched),41,47882,134,23.07,13.92,55,0.4302,0.5514,0.339,108,0.8125,0.1186,0.5453,0.4188,1.0,1.0,38.274,34.615,158,132,-26,ok,158.0,132.0,1.875,1.25,-26.0
Péter Gaál,0000-0002-6815-9021,Economics,Elite (matched),37,24345,105,12.78,8.37,38,0.2768,0.5344,0.25,47,0.3,0.2708,0.5215,0.1344,1.0,0.76,35.248,33.764,159,140,-19,ok,159.0,140.0,1.25,0.625,-19.0
Chien‐Wen Tseng,0000-0001-7162-2550,Economics,Elite (matched),66,23395,147,13.05,11.16,32,0.5421,0.666,0.664,119,0.225,0.2045,0.6598,0.0906,1.0,0.64,34.848,36.153,160,94,-66,ok,160.0,94.0,0.625,1.875,-66.0
Jack W. Szostak,0000-0003-2322-3106,Medicine,Nobel,112,59054,578,4.5,4.2,60,0.3394,0.8761,0.405,172,0.5509,0.5031,0.8493,0.4222,1.0,1.0,66.989,60.228,1,64,63,ok,1.0,64.0,100.0,100.0,63.0
Tu Youyou,0000-0002-2467-4911,Medicine,Nobel,15,3310,98,2.57,2.14,20,0.2518,0.7446,0.115,20,0.006,0.6728,0.72,0.024,0.331,0.4,66.889,57.598,2,167,165,ok,2.0,167.0,99.40119760479041,97.60479041916167,165.0
Victor Ambros,0000-0001-6772-9174,Medicine,Nobel,62,53609,167,4.56,4.05,36,0.2916,0.8801,0.189,90,0.509,0.5059,0.8507,0.1228,1.0,0.72,66.793,59.278,3,140,137,ok,3.0,140.0,98.80239520958084,99.40119760479041,137.0
John B. Gurdon,0000-0002-8395-5467,Medicine,Nobel,96,30695,380,4.09,3.61,67,0.3448,0.8555,0.407,74,0.1557,0.5371,0.83,0.5689,1.0,1.0,66.597,57.503,4,75,71,ok,4.0,75.0,98.20359281437125,97.0059880239521,71.0
Gary Ruvkun,0000-0002-6506-1673,Medicine,Nobel,103,56551,295,5.83,5.09,59,0.3148,0.8451,0.231,128,0.5329,0.4393,0.8186,0.3832,1.0,1.0,62.361,55.644,5,68,63,ok,5.0,68.0,97.60479041916167,93.41317365269461,63.0
Edvard I. Moser,0000-0002-5830-2259,Medicine,Nobel,93,52070,440,4.86,3.88,47,0.3302,0.7814,0.34,99,0.491,0.5016,0.7588,0.2066,1.0,0.94,62.201,55.504,6,81,75,ok,6.0,81.0,97.0059880239521,92.21556886227546,75.0
Randy W. Schekman,0000-0001-8615-6409,Medicine,Nobel,128,52551,451,5.05,4.53,52,0.3117,0.7941,0.18,159,0.503,0.4759,0.77,0.2485,1.0,1.0,61.574,54.969,7,48,41,ok,7.0,48.0,96.40718562874252,88.02395209580838,41.0
Thomas C. Südhof,0000-0001-9319-0149,Medicine,Nobel,192,130188,753,6.63,6.2,40,0.4732,0.8439,0.52,107,0.8383,0.3912,0.8254,0.1407,1.0,0.8,61.11,56.542,8,13,5,ok,8.0,13.0,95.80838323353294,95.20958083832335,5.0
György Buzsáki,0000-0002-3100-4800,Medicine,Elite (matched),168,130820,621,6.12,5.12,54,0.4734,0.7942,0.655,121,0.8503,0.4321,0.7782,0.2784,1.0,1.0,60.969,56.9,9,30,21,ok,9.0,30.0,95.20958083832335,95.80838323353294,21.0
Gregg L. Semenza,0000-0003-4515-6180,Medicine,Nobel,186,156991,696,7.26,6.53,97,0.4235,0.8412,0.525,155,0.9222,0.3716,0.8203,0.8982,1.0,1.0,60.86,57.702,10,15,5,ok,10.0,15.0,94.61077844311377,98.20359281437125,5.0
May-Britt Moser,0000-0003-4071-1145,Medicine,Nobel,81,43421,177,5.3,4.38,40,0.4022,0.7842,0.428,76,0.4012,0.4736,0.7651,0.1407,1.0,0.8,60.817,53.513,11,113,102,ok,11.0,113.0,94.01197604790418,84.4311377245509,102.0
Yoshinori Ohsumi,0000-0002-4083-6541,Medicine,Nobel,118,71476,567,5.92,5.08,71,0.4342,0.794,0.27,112,0.5988,0.4376,0.776,0.6138,1.0,1.0,60.647,55.219,12,59,47,ok,12.0,59.0,93.41317365269461,91.01796407185628,47.0
Bruce S. McEwen,0000-0002-5288-7892,Medicine,Elite (matched),221,212434,1332,5.46,4.58,80,0.4219,0.7385,0.5,122,0.976,0.4633,0.7227,0.7246,1.0,1.0,60.598,58.306,13,5,-8,ok,13.0,5.0,92.81437125748504,98.80239520958084,-8.0
Nora D. Volkow,0000-0001-6668-0908,Medicine,Elite (matched),171,134017,1274,6.67,3.92,81,0.4795,0.7423,0.71,130,0.8683,0.455,0.7292,0.7395,1.0,1.0,60.188,56.902,14,27,13,ok,14.0,27.0,92.21556886227546,96.40718562874252,13.0
Curtis Rueden,0000-0001-7055-6707,Medicine,Elite (matched),24,86451,72,7.29,3.03,25,0.401,0.7578,0.323,60,0.6707,0.4676,0.74,0.0479,1.0,0.5,60.078,54.185,15,163,148,ok,15.0,163.0,91.61676646706587,86.82634730538922,148.0
Michael W. Davidson,0000-0002-6420-952X,Medicine,Elite (matched),76,38898,335,6.39,4.86,84,0.4613,0.7989,0.45,143,0.3293,0.434,0.782,0.7725,1.0,1.0,60.065,52.864,16,121,105,ok,16.0,121.0,91.01796407185628,82.03592814371258,105.0
Barry J. Everitt,0000-0003-4431-6536,Medicine,Elite (matched),163,108938,1017,5.66,4.02,64,0.3367,0.7342,0.45,127,0.7485,0.475,0.7143,0.524,1.0,1.0,59.873,55.604,17,34,17,ok,17.0,34.0,90.41916167664671,92.81437125748504,17.0
Kjell Fuxé,0000-0001-8491-4288,Medicine,Elite (matched),141,103336,1729,7.46,5.67,96,0.4327,0.8032,0.535,84,0.7305,0.3921,0.7847,0.8892,1.0,1.0,59.533,55.207,18,44,26,ok,18.0,44.0,89.82035928143712,90.41916167664671,26.0
Eric R. Kandel,0000-0001-7851-6902,Medicine,Elite (matched),176,101236,630,6.14,5.39,68,0.4085,0.7779,0.41,133,0.7126,0.4238,0.7594,0.5838,1.0,1.0,59.518,54.992,19,20,1,ok,19.0,20.0,89.22155688622755,89.22155688622755,1.0
Ruslan Medzhitov,0000-0002-7021-2012,Medicine,Elite (matched),128,129805,346,6.87,6.17,59,0.3506,0.8126,0.325,97,0.8204,0.3879,0.7895,0.3832,1.0,1.0,59.391,55.097,20,48,28,ok,20.0,48.0,88.62275449101796,89.82035928143712,28.0
Terrence J. Sejnowski,0000-0002-0622-7391,Medicine,Elite (matched),153,113319,992,6.71,5.5,78,0.5114,0.7777,0.64,160,0.7725,0.4096,0.7644,0.7066,1.0,1.0,59.367,55.464,21,39,18,ok,21.0,39.0,88.02395209580838,91.61676646706587,18.0
Solomon H. Snyder,0000-0002-6818-7022,Medicine,Elite (matched),222,178969,1214,7.28,6.68,73,0.4017,0.8111,0.39,143,0.9521,0.3671,0.7906,0.6317,1.0,1.0,59.079,56.113,22,4,-18,ok,22.0,4.0,87.42514970059881,94.01197604790418,-18.0
Michael Rosbash,0000-0003-2845-2460,Medicine,Nobel,122,46672,448,6.48,5.85,45,0.3578,0.8145,0.335,128,0.4551,0.4039,0.7917,0.1766,1.0,0.9,58.943,51.893,23,55,32,ok,23.0,55.0,86.82634730538922,77.24550898203593,32.0
Kevin W. Eliceiri,0000-0001-8678-670X,Medicine,Elite (matched),80,176796,500,8.25,6.46,118,0.5279,0.8007,0.625,155,0.9461,0.3595,0.7871,0.988,1.0,1.0,58.838,56.35,24,118,94,ok,24.0,118.0,86.22754491017965,94.61077844311377,94.0
George F. Koob,0009-0002-9857-4493,Medicine,Elite (matched),169,113469,1015,6.79,5.34,80,0.3959,0.7647,0.66,93,0.7784,0.4126,0.7463,0.7246,1.0,1.0,58.678,54.785,25,28,3,ok,25.0,28.0,85.62874251497006,87.42514970059881,3.0
Eric Jauniaux,0000-0003-0925-7737,Medicine,Elite (matched),87,33263,598,5.71,3.31,60,0.5916,0.7078,0.68,124,0.2096,0.4948,0.702,0.4222,1.0,1.0,58.465,50.78,26,96,70,ok,26.0,96.0,85.02994011976048,71.8562874251497,70.0
Qing Nie,0000-0002-8804-3368,Medicine,Elite (matched),66,27408,449,7.34,5.93,101,0.5109,0.8244,0.49,156,0.0539,0.3869,0.8087,0.9222,1.0,1.0,58.36,49.438,27,135,108,ok,27.0,135.0,84.4311377245509,64.67065868263472,108.0
Pavel Tomančák,0000-0002-2222-9370,Medicine,Elite (matched),55,91864,186,8.13,6.62,66,0.3955,0.8267,0.341,117,0.6766,0.3568,0.8051,0.5479,1.0,1.0,58.346,53.2,28,146,118,ok,28.0,146.0,83.8323353293413,83.23353293413174,118.0
Scott E. Fraser,0000-0002-5377-0223,Medicine,Elite (matched),101,38485,615,7.08,5.53,100,0.5051,0.7874,0.54,160,0.3234,0.4022,0.7733,0.9162,1.0,1.0,58.229,51.39,29,72,43,ok,29.0,72.0,83.23353293413174,74.25149700598801,43.0
Christian Eggeling,0000-0002-3698-5599,Medicine,Elite (matched),83,28910,483,8.41,6.75,103,0.5438,0.8516,0.605,153,0.0898,0.3497,0.8362,0.9311,1.0,1.0,58.014,49.262,30,108,78,ok,30.0,108.0,82.63473053892216,63.47305389221557,78.0
Jean-Yves Tinévez,0000-0002-0998-4718,Medicine,Elite (matched),30,79610,214,7.1,4.56,60,0.3077,0.75,0.145,176,0.6407,0.4288,0.7279,0.4222,1.0,1.0,57.877,52.542,31,160,129,ok,31.0,160.0,82.03592814371258,80.23952095808383,129.0
Mark D. Robinson,0000-0002-3048-5518,Medicine,Elite (matched),82,93123,458,10.21,7.27,88,0.5512,0.839,0.48,172,0.6826,0.317,0.8246,0.8024,1.0,1.0,57.615,52.925,32,111,79,ok,32.0,111.0,81.437125748503,82.63473053892216,79.0
Andrew Z. Fire,0000-0002-9103-7449,Medicine,Nobel,88,53798,296,9.46,6.99,75,0.3667,0.8452,0.295,151,0.515,0.3315,0.8213,0.6617,1.0,1.0,57.504,51.216,33,88,55,ok,33.0,88.0,80.83832335329342,73.05389221556887,55.0
Atsushi Miyawaki,0000-0002-0671-4376,Medicine,Elite (matched),107,50593,616,9.09,7.37,110,0.5167,0.8401,0.685,134,0.4671,0.3257,0.8239,0.9701,1.0,1.0,57.478,51.524,34,66,32,ok,34.0,66.0,80.23952095808383,75.44910179640718,32.0
Alberto Mantovani,0000-0001-5578-236X,Medicine,Elite (matched),203,220412,2150,10.16,7.79,99,0.4655,0.8296,0.44,116,0.982,0.3045,0.8114,0.9102,1.0,1.0,57.408,54.991,35,11,-24,ok,35.0,11.0,79.64071856287424,88.62275449101796,-24.0
Wataru Fujibuchi,0000-0003-2243-9981,Medicine,Elite (matched),28,35084,127,8.47,5.98,57,0.4581,0.821,0.339,83,0.2515,0.3693,0.8029,0.3323,1.0,1.0,57.323,49.001,36,161,125,ok,36.0,161.0,79.04191616766467,61.07784431137725,125.0
Craig C. Mello,0000-0002-4741-6876,Medicine,Nobel,64,38431,130,7.71,7.2,32,0.3666,0.8497,0.264,56,0.3174,0.3468,0.8255,0.0898,1.0,0.64,57.32,49.143,37,138,101,ok,37.0,138.0,78.44311377245509,62.27544910179641,101.0
Markus Sauer,0000-0002-1692-3219,Medicine,Elite (matched),93,35593,637,9.1,7.3,108,0.5011,0.8466,0.585,159,0.2635,0.3274,0.8293,0.9641,1.0,1.0,57.18,49.744,38,81,43,ok,38.0,81.0,77.84431137724552,66.46706586826348,43.0
Tasuku Honjo,0000-0002-4658-9175,Medicine,Nobel,143,96082,728,9.27,7.29,98,0.4361,0.8229,0.405,120,0.7006,0.3258,0.8036,0.9042,1.0,1.0,57.175,52.778,39,42,3,ok,39.0,42.0,77.24550898203593,81.437125748503,3.0
Efthymia Papalexi,0000-0001-5898-694X,Medicine,Elite (matched),18,51552,38,15.29,5.34,21,0.6296,0.8457,0.263,20,0.479,0.3234,0.8349,0.0299,1.0,0.42,57.096,49.634,40,164,124,ok,40.0,164.0,76.34730538922156,65.26946107784431,124.0
Roberto Romero,0000-0002-4448-5121,Medicine,Elite (matched),183,149705,2291,10.18,4.28,62,0.615,0.7361,0.77,124,0.9102,0.3918,0.73,0.482,1.0,1.0,57.096,53.88,40,18,-22,ok,40.0,18.0,76.34730538922156,85.02994011976048,-22.0
Judith G. Hall,0000-0001-5062-491X,Medicine,Elite (matched),93,29618,1165,6.26,3.69,56,0.3193,0.7253,0.215,161,0.1198,0.4704,0.705,0.2994,1.0,1.0,57.048,48.168,42,81,39,ok,42.0,81.0,75.44910179640718,53.89221556886228,39.0
Ernst H. K. Stelzer,0000-0003-1545-0736,Medicine,Elite (matched),84,35300,447,8.38,6.9,82,0.48,0.8264,0.443,120,0.2575,0.3462,0.8091,0.7515,1.0,1.0,56.902,49.287,43,104,61,ok,43.0,104.0,74.8502994011976,64.07185628742515,61.0
Shizuo Akira,0000-0001-7602-9617,Medicine,Elite (matched),271,337459,1480,11.03,8.24,67,0.3966,0.8457,0.4,102,1.0,0.2862,0.8232,0.5689,1.0,1.0,56.846,54.038,44,1,-43,ok,44.0,1.0,74.25149700598801,86.22754491017965,-43.0
Elizabeth H. Blackburn,0000-0001-6327-8544,Medicine,Nobel,114,59045,441,7.53,5.68,104,0.5661,0.7428,0.49,124,0.5449,0.3907,0.734,0.9401,1.0,1.0,56.503,51.672,45,62,17,ok,45.0,62.0,73.65269461077844,76.64670658682635,17.0
Shinya Yamanaka,0000-0001-9469-1494,Medicine,Nobel,119,111759,418,9.82,8.93,95,0.4836,0.85,0.65,136,0.7605,0.2789,0.8317,0.8772,1.0,1.0,56.433,52.595,46,58,12,ok,46.0,58.0,73.05389221556887,80.83832335329342,12.0
Jules A. Hoffmann,0000-0001-8316-6514,Medicine,Nobel,74,32960,128,6.89,5.59,26,0.349,0.7784,0.304,25,0.1976,0.4038,0.7569,0.0539,1.0,0.52,56.364,47.652,47,124,77,ok,47.0,124.0,72.45508982035929,52.09580838323353,77.0
Nicholas Wald,0000-0003-1676-5908,Medicine,Elite (matched),89,39714,624,5.7,4.13,50,0.6253,0.6787,0.61,108,0.3473,0.4707,0.676,0.2305,1.0,1.0,56.322,49.846,48,87,39,ok,48.0,87.0,71.8562874251497,67.66467065868264,39.0
Michael E. Greenberg,0000-0003-1380-2160,Medicine,Elite (matched),142,113679,331,9.98,8.68,57,0.4643,0.8517,0.383,88,0.7844,0.2838,0.8323,0.3323,1.0,1.0,56.29,51.905,49,43,-6,ok,49.0,43.0,71.25748502994011,77.84431137724552,-6.0
Mark P. Mattson,0000-0002-9816-4155,Medicine,Elite (matched),218,172835,1286,8.64,7.3,92,0.4539,0.78,0.58,101,0.9401,0.3325,0.7637,0.8563,1.0,1.0,56.287,53.903,50,7,-43,ok,50.0,7.0,70.65868263473054,85.62874251497006,-43.0
Satoshi Ōmura,0000-0003-1676-5972,Medicine,Nobel,88,47803,1583,8.11,7.03,69,0.4861,0.8007,0.62,102,0.4611,0.3461,0.785,0.5958,1.0,1.0,56.238,50.118,51,88,37,ok,51.0,88.0,70.05988023952095,70.05988023952095,37.0
Shalev Itzkovitz,0000-0003-0685-2522,Medicine,Elite (matched),67,37350,233,9.99,6.98,62,0.4421,0.8368,0.305,139,0.2994,0.3264,0.8171,0.482,1.0,1.0,56.225,48.414,52,133,81,ok,52.0,133.0,69.46107784431138,56.886227544910184,81.0
Benjamin Schmid,0000-0002-9327-2296,Medicine,Elite (matched),25,76208,87,11.35,5.29,57,0.4654,0.7842,0.349,64,0.6228,0.3549,0.7683,0.3323,1.0,1.0,56.127,50.402,53,162,109,ok,53.0,162.0,68.8622754491018,71.25748502994011,109.0
Ignacio Arganda‐Carreras,0000-0003-0229-5722,Medicine,Elite (matched),31,81904,171,7.95,5.01,76,0.4381,0.727,0.183,128,0.6467,0.4024,0.7126,0.6737,1.0,1.0,56.116,51.498,54,159,105,ok,54.0,159.0,68.26347305389223,74.8502994011976,105.0
Charles A. Dinarello,0000-0002-5073-8316,Medicine,Elite (matched),196,145785,1174,9.88,8.29,94,0.4762,0.8154,0.51,141,0.9042,0.2945,0.7984,0.8683,1.0,1.0,56.026,53.306,55,12,-43,ok,55.0,12.0,67.66467065868264,83.8323353293413,-43.0
James E. Rothman,0000-0001-8653-8650,Medicine,Nobel,87,39706,207,9.78,7.46,32,0.3963,0.8498,0.343,64,0.3413,0.3163,0.8271,0.0898,1.0,0.64,56.008,47.997,56,96,40,ok,56.0,96.0,67.06586826347305,52.69461077844312,40.0
Stephan Preibisch,0000-0002-0276-494X,Medicine,Elite (matched),37,79541,108,14.85,6.38,45,0.4405,0.8394,0.288,84,0.6347,0.3031,0.8195,0.1766,1.0,0.9,55.995,49.868,57,154,97,ok,57.0,154.0,66.46706586826348,68.26347305389223,97.0
Paul Greengard,0000-0002-4437-0893,Medicine,Elite (matched),206,138507,1129,9.13,7.92,54,0.4281,0.812,0.555,133,0.8922,0.3111,0.7928,0.2784,1.0,1.0,55.991,52.445,58,10,-48,ok,58.0,10.0,65.86826347305389,79.64071856287424,-48.0
Michael Boutros,0000-0002-9458-817X,Medicine,Elite (matched),83,29901,426,9.92,8.05,90,0.4514,0.8601,0.51,145,0.1377,0.3002,0.8397,0.8383,1.0,1.0,55.865,47.413,59,108,49,ok,59.0,108.0,65.26946107784431,50.29940119760479,49.0
Jan Ellenberg,0000-0001-5909-701X,Medicine,Elite (matched),94,31757,264,10.46,7.75,63,0.4948,0.8594,0.465,117,0.1677,0.3029,0.8412,0.5,1.0,1.0,55.859,47.198,60,79,19,ok,60.0,79.0,64.67065868263472,49.101796407185624,19.0
Mario R. Capecchi,0000-0003-0382-2729,Medicine,Nobel,107,37356,326,8.83,6.92,82,0.4269,0.796,0.376,123,0.3054,0.3402,0.7775,0.7515,1.0,1.0,55.255,48.17,61,66,5,ok,61.0,66.0,64.07185628742515,54.49101796407185,5.0
Davis J. McCarthy,0000-0002-2218-6833,Medicine,Elite (matched),36,65311,167,15.84,7.19,53,0.5137,0.8444,0.241,143,0.5629,0.2796,0.8279,0.2605,1.0,1.0,55.12,48.83,62,156,94,ok,62.0,156.0,63.47305389221557,59.88023952095808,94.0
Dan R. Littman,0000-0002-2850-8688,Medicine,Elite (matched),169,129850,501,11.04,9.68,64,0.4414,0.8508,0.37,108,0.8263,0.251,0.8303,0.524,1.0,1.0,54.919,51.238,63,28,-35,ok,63.0,28.0,62.874251497005986,73.65269461077844,-35.0
Richard A. Flavell,0000-0003-4461-0778,Medicine,Elite (matched),247,233076,1513,11.66,9.61,57,0.4883,0.8426,0.57,90,0.994,0.2486,0.8249,0.3323,1.0,1.0,54.893,52.236,64,2,-62,ok,64.0,2.0,62.27544910179641,79.04191616766467,-62.0
David Julius,0000-0002-6942-9277,Medicine,Nobel,88,72514,232,8.81,6.0,44,0.3312,0.758,0.239,63,0.6108,0.3644,0.7367,0.1617,1.0,0.88,54.88,49.236,65,88,23,ok,65.0,88.0,61.67664670658682,62.874251497005986,23.0
K. H. Nicolaides,0000-0003-1266-0711,Medicine,Elite (matched),176,135840,2314,7.6,6.28,37,0.8166,0.7046,0.935,161,0.8802,0.3733,0.7102,0.1317,1.0,0.74,54.85,52.154,66,20,-46,ok,66.0,20.0,61.07784431137725,78.44311377245509,-46.0
Joe Leigh Simpson,0000-0002-5309-6881,Medicine,Elite (matched),84,28923,760,7.84,5.38,75,0.5493,0.7376,0.44,79,0.0988,0.3941,0.7282,0.6617,1.0,1.0,54.753,46.521,67,104,37,ok,67.0,104.0,60.47904191616767,45.50898203592814,37.0
Tomas Hökfelt,0000-0002-3587-0116,Medicine,Elite (matched),163,104506,1243,9.25,7.7,88,0.4834,0.7742,0.625,127,0.7425,0.3155,0.7597,0.8024,1.0,1.0,54.614,50.987,68,34,-34,ok,68.0,34.0,59.88023952095808,72.45508982035929,-34.0
Carlos Simón,0000-0003-0902-9531,Medicine,Elite (matched),115,44171,1028,9.02,7.3,57,0.7013,0.7805,0.82,120,0.4192,0.3283,0.7765,0.3323,1.0,1.0,54.612,48.357,69,61,-8,ok,69.0,61.0,59.2814371257485,56.287425149700596,-8.0
Jeff W. Lichtman,0000-0002-0208-3212,Medicine,Elite (matched),86,36465,358,9.18,7.95,73,0.5167,0.8116,0.44,135,0.2874,0.3098,0.7969,0.6317,1.0,1.0,54.557,47.406,70,101,31,ok,70.0,101.0,58.68263473053892,49.700598802395206,31.0
Ben A. Barres,0000-0003-2905-4136,Medicine,Elite (matched),124,100577,243,11.38,7.46,66,0.4613,0.7941,0.447,86,0.7066,0.3023,0.7775,0.5479,1.0,1.0,54.494,50.017,71,53,-18,ok,71.0,53.0,58.08383233532935,68.8622754491018,-18.0
Jean Yang,0000-0002-5271-2603,Medicine,Elite (matched),70,44002,471,10.39,7.85,115,0.5717,0.796,0.57,175,0.4132,0.301,0.7848,0.979,1.0,1.0,54.254,48.487,72,132,60,ok,72.0,132.0,57.48502994011976,57.48502994011976,60.0
Xiaowei Zhuang,0000-0002-6034-7853,Medicine,Elite (matched),117,65768,351,11.1,9.97,61,0.5712,0.8538,0.565,133,0.5689,0.2436,0.8397,0.4611,1.0,1.0,54.153,48.838,73,60,-13,ok,73.0,60.0,56.886227544910184,60.47904191616767,-13.0
Fred H. Gage,0000-0002-0938-4106,Medicine,Elite (matched),219,197945,1071,11.5,9.77,63,0.4723,0.8257,0.58,107,0.9701,0.2458,0.808,0.5,1.0,1.0,54.025,51.571,74,6,-68,ok,74.0,6.0,56.287425149700596,76.04790419161677,-68.0
Zichen Wang,0000-0002-1415-1286,Medicine,Elite (matched),45,30280,174,12.79,4.89,103,0.4435,0.7627,0.265,129,0.1497,0.3517,0.7467,0.9311,1.0,1.0,54.004,45.784,75,151,76,ok,75.0,151.0,55.688622754491014,39.52095808383233,76.0
Kwok Leung,0000-0002-9289-6857,Medicine,Elite (matched),81,28398,385,4.95,3.07,89,0.3873,0.5855,0.275,154,0.0719,0.5239,0.5756,0.8204,1.0,1.0,53.727,46.539,76,113,37,ok,76.0,113.0,55.08982035928144,46.10778443113773,37.0
Karl Deisseroth,0000-0001-9440-3967,Medicine,Elite (matched),184,132303,634,10.28,8.84,32,0.5552,0.7969,0.815,85,0.8563,0.2774,0.7848,0.0898,1.0,0.64,53.707,50.174,77,17,-60,ok,77.0,17.0,54.49101796407185,70.65868263473054,-60.0
Nir Yosef,0000-0001-9004-1225,Medicine,Elite (matched),74,34677,309,14.28,9.29,59,0.5875,0.8647,0.46,151,0.2455,0.2412,0.8508,0.3832,1.0,1.0,53.497,45.615,78,124,46,ok,78.0,124.0,53.89221556886228,37.72455089820359,46.0
Lisa Sullivan,0000-0003-0726-7149,Medicine,Elite (matched),103,45500,501,10.16,4.83,115,0.7063,0.688,0.68,142,0.4311,0.3783,0.6889,0.979,1.0,1.0,53.428,48.191,79,68,-11,ok,79.0,68.0,53.293413173652695,55.08982035928144,-11.0
Bruce A. Beutler,0000-0002-5482-6695,Medicine,Nobel,123,82918,552,11.69,10.49,83,0.4175,0.8447,0.565,153,0.6587,0.2274,0.8233,0.7635,1.0,1.0,53.14,48.808,80,54,-26,ok,80.0,54.0,52.69461077844312,59.2814371257485,-26.0
David S. Johnson,0000-0002-9967-9812,Medicine,Elite (matched),35,28923,87,11.4,7.48,23,0.6028,0.808,0.36,36,0.0988,0.3016,0.7977,0.0419,1.0,0.46,53.095,43.96,81,157,76,ok,81.0,157.0,52.09580838323353,25.748502994011975,76.0
Mark P. Johnson,0000-0002-5078-1410,Medicine,Elite (matched),81,32114,835,7.98,5.31,90,0.6344,0.6869,0.605,125,0.1737,0.3939,0.6843,0.8383,1.0,1.0,53.027,46.033,82,113,31,ok,82.0,113.0,51.49700598802395,41.91616766467065,31.0
Harvey J. Alter,0000-0003-0748-3965,Medicine,Nobel,79,26747,312,8.91,5.71,47,0.5742,0.7343,0.414,110,0.0479,0.3707,0.7263,0.2066,1.0,0.94,52.975,43.968,83,119,36,ok,83.0,119.0,50.898203592814376,26.34730538922156,36.0
Harald zur Hausen,0000-0001-8939-7527,Medicine,Nobel,88,42171,503,7.46,5.65,45,0.3199,0.701,0.202,50,0.3892,0.3926,0.6819,0.1766,1.0,0.9,52.936,46.311,84,88,4,ok,84.0,88.0,50.29940119760479,44.31137724550898,4.0
Anthony S. Fauci,0000-0002-7865-7235,Medicine,Elite (matched),186,136932,1059,9.54,8.01,47,0.4406,0.7524,0.545,161,0.8862,0.3047,0.7368,0.2066,1.0,0.94,52.917,49.82,85,15,-70,ok,85.0,15.0,49.700598802395206,67.06586826347305,-70.0
Carol W. Greider,0000-0002-3504-2562,Medicine,Nobel,76,43954,165,10.55,7.93,30,0.2868,0.8009,0.189,66,0.4072,0.2976,0.7752,0.0719,1.0,0.6,52.808,45.648,86,121,35,ok,86.0,121.0,49.101796407185624,38.32335329341318,35.0
Yuk Ming Dennis Lo,0000-0001-8746-0293,Medicine,Elite (matched),102,41986,459,9.14,8.47,74,0.5863,0.7744,0.775,162,0.3772,0.2968,0.765,0.6467,1.0,1.0,52.698,46.718,87,71,-16,ok,87.0,71.0,48.50299401197605,47.90419161676647,-16.0
Žarko Alfirević,0000-0001-9276-518X,Medicine,Elite (matched),84,30201,571,8.74,5.12,48,0.734,0.6904,0.835,173,0.1437,0.3883,0.6926,0.2216,1.0,0.96,52.512,44.616,88,104,16,ok,88.0,104.0,47.90419161676647,32.33532934131736,16.0
Peter J. Ratcliffe,0000-0003-1292-8707,Medicine,Nobel,125,78245,629,12.2,9.98,106,0.4149,0.8154,0.45,151,0.6287,0.2366,0.7954,0.9551,1.0,1.0,52.316,48.128,89,51,-38,ok,89.0,51.0,47.30538922155689,53.293413173652695,-38.0
Erwin Frise,0000-0002-9281-4567,Medicine,Elite (matched),17,73901,36,23.25,8.5,17,0.6139,0.8368,0.429,22,0.6168,0.2237,0.8257,0.015,1.0,0.34,52.278,46.59,90,165,75,ok,90.0,165.0,46.706586826347305,47.30538922155689,75.0
Rahul Satija,0000-0002-1479-664X,Medicine,Elite (matched),45,69707,119,16.78,10.39,36,0.5161,0.8568,0.388,73,0.5928,0.2062,0.8398,0.1228,1.0,0.72,52.133,46.578,91,151,60,ok,91.0,151.0,46.10778443113773,46.706586826347305,60.0
William G. Kaelin Jr.,0000-0002-5473-2556,Medicine,Nobel,138,68547,497,11.95,10.12,69,0.3822,0.8255,0.31,121,0.5749,0.2347,0.8033,0.5958,1.0,1.0,52.121,47.076,92,46,-46,ok,92.0,46.0,45.50898203592814,48.50299401197605,-46.0
Kiyoshi Takeda,0000-0002-1778-6332,Medicine,Elite (matched),135,118992,666,12.45,10.69,105,0.4084,0.8188,0.455,144,0.7904,0.2185,0.7983,0.9461,1.0,1.0,52.08,49.114,93,47,-46,ok,93.0,47.0,44.91017964071856,61.67664670658682,-46.0
Ross S. Berkowitz,0000-0002-7569-898X,Medicine,Elite (matched),95,63211,704,9.32,7.57,67,0.6697,0.7225,0.79,93,0.5569,0.3181,0.7199,0.5689,1.0,1.0,52.046,47.543,94,77,-17,ok,94.0,77.0,44.31137724550898,51.49700598802395,-17.0
Sonja A. Rasmussen,0000-0002-0574-4928,Medicine,Elite (matched),92,33671,477,9.62,5.83,58,0.5182,0.7131,0.705,152,0.2216,0.3592,0.7034,0.3623,1.0,1.0,52.002,44.482,95,84,-11,ok,95.0,84.0,43.712574850299404,30.538922155688624,-11.0
Tobias Pietzsch,0000-0002-9477-3957,Medicine,Elite (matched),16,71593,70,12.37,6.81,22,0.2899,0.7568,0.118,59,0.6048,0.3101,0.7335,0.0359,1.0,0.44,51.987,46.227,96,166,70,ok,96.0,166.0,43.11377245508982,43.11377245508982,70.0
Trevor W. Robbins,0000-0003-0642-5977,Medicine,Elite (matched),242,195684,4124,9.84,7.3,63,0.5014,0.7005,0.72,125,0.9641,0.3198,0.6905,0.5,1.0,1.0,51.925,50.045,97,3,-94,ok,97.0,3.0,42.51497005988024,69.46107784431138,-94.0
Mark J. Smyth,0000-0001-7098-7240,Medicine,Elite (matched),172,119500,1385,13.32,11.02,57,0.5009,0.8333,0.75,121,0.7964,0.2065,0.8167,0.3323,1.0,1.0,51.86,48.292,98,25,-73,ok,98.0,25.0,41.91616766467065,55.688622754491014,-73.0
Françoise Barré-Sinoussi,0000-0003-2804-5957,Medicine,Nobel,74,25114,291,11.22,6.56,60,0.394,0.7633,0.407,96,0.0299,0.3254,0.7448,0.4222,1.0,1.0,51.822,42.604,99,124,25,ok,99.0,124.0,41.31736526946108,17.365269461077844,25.0
Eric J. Nestler,0000-0002-7905-2000,Medicine,Elite (matched),187,132381,1650,11.15,10.23,59,0.4669,0.7938,0.575,89,0.8623,0.237,0.7775,0.3832,1.0,1.0,51.693,48.784,100,14,-86,ok,100.0,14.0,40.7185628742515,58.68263473053892,-86.0
Irving L. Weissman,0000-0002-9077-7467,Medicine,Elite (matched),215,192603,1310,12.58,11.38,66,0.5084,0.8186,0.75,120,0.9581,0.2016,0.8031,0.5479,1.0,1.0,51.67,49.679,101,8,-93,ok,101.0,8.0,40.119760479041915,65.86826347305389,-93.0
Barry J. Marshall,0000-0001-9322-1323,Medicine,Nobel,59,20523,341,8.64,6.23,96,0.3893,0.7146,0.32,116,0.012,0.3605,0.6983,0.8892,1.0,1.0,51.641,43.268,102,142,40,ok,102.0,142.0,39.52095808383233,22.75449101796407,40.0
Ardem Patapoutian,0000-0002-2278-5397,Medicine,Nobel,90,45695,182,9.5,8.69,41,0.4254,0.774,0.301,82,0.4431,0.2878,0.7566,0.1527,1.0,0.82,51.626,45.412,103,86,-17,ok,103.0,86.0,38.92215568862276,36.52694610778443,-17.0
Tak W. Mak,0000-0001-6766-861X,Medicine,Elite (matched),181,129942,1559,13.5,11.43,72,0.4626,0.8308,0.565,141,0.8323,0.1963,0.8124,0.6228,1.0,1.0,51.534,48.615,104,19,-85,ok,104.0,19.0,38.32335329341318,58.08383233532935,-85.0
Alan W. Flake,0000-0003-4913-7588,Medicine,Elite (matched),87,28024,640,9.09,7.07,77,0.7478,0.7189,0.87,102,0.0599,0.3334,0.7203,0.6916,1.0,1.0,51.367,43.633,105,96,-9,ok,105.0,96.0,37.72455089820359,23.952095808383234,-9.0
David Hill,0000-0003-1970-1432,Medicine,Elite (matched),88,45689,851,10.36,5.71,91,0.6514,0.673,0.52,120,0.4371,0.3543,0.6719,0.8503,1.0,1.0,51.363,46.31,106,88,-18,ok,106.0,88.0,37.12574850299401,43.712574850299404,-18.0
Gerard J. Kleywegt,0000-0002-4670-0331,Medicine,Elite (matched),74,32940,243,13.32,9.32,50,0.5203,0.8215,0.504,105,0.1916,0.2456,0.8064,0.2305,1.0,1.0,51.276,43.196,107,124,17,ok,107.0,124.0,36.52694610778443,21.55688622754491,17.0
Yuan Wei,0000-0003-3387-7549,Medicine,Elite (matched),33,35951,257,11.03,7.01,121,0.6036,0.7225,0.64,162,0.2695,0.3161,0.7166,0.994,1.0,1.0,51.273,45.037,108,158,50,ok,108.0,158.0,35.92814371257485,34.73053892215569,50.0
Martin H. Steinberg,0000-0001-8800-8020,Medicine,Elite (matched),84,34110,621,9.62,7.36,71,0.568,0.7282,0.545,163,0.2335,0.3205,0.7202,0.6138,1.0,1.0,51.207,44.335,109,104,-5,ok,109.0,104.0,35.32934131736527,28.74251497005988,-5.0
Susan J. Fisher,0000-0001-7745-4850,Medicine,Elite (matched),95,46392,376,11.16,8.86,89,0.4658,0.7676,0.366,126,0.4491,0.2701,0.7525,0.8204,1.0,1.0,51.194,45.87,110,77,-33,ok,110.0,77.0,34.73053892215569,40.119760479041915,-33.0
Emma Lundberg,0000-0001-7034-0850,Medicine,Elite (matched),55,42084,272,14.83,10.62,66,0.5032,0.8335,0.44,155,0.3832,0.2088,0.817,0.5479,1.0,1.0,50.895,44.655,111,146,35,ok,111.0,146.0,34.13173652694611,32.93413173652694,35.0
Peter K. Sorger,0000-0002-3364-1838,Medicine,Elite (matched),120,55124,866,13.26,11.21,85,0.4906,0.8265,0.67,131,0.5269,0.2024,0.8097,0.7814,1.0,1.0,50.891,46.093,112,56,-56,ok,112.0,56.0,33.532934131736525,42.51497005988024,-56.0
Yvan Saeys,0000-0002-0415-1506,Medicine,Elite (matched),82,39016,481,13.59,10.31,85,0.5206,0.8142,0.445,146,0.3353,0.2215,0.7995,0.7814,1.0,1.0,50.723,44.545,113,111,-2,ok,113.0,111.0,32.93413173652694,31.137724550898206,-2.0
Martin J. Evans,0000-0002-6395-7641,Medicine,Nobel,145,103519,1595,19.82,10.16,17,0.3011,0.8348,0.0,31,0.7365,0.2008,0.8081,0.015,1.0,0.34,50.709,45.919,114,41,-73,ok,114.0,41.0,32.33532934131736,41.31736526946108,-73.0
Jan Deprest,0000-0002-4920-945X,Medicine,Elite (matched),96,40860,1791,10.07,7.26,68,0.7496,0.6995,0.92,129,0.3713,0.3186,0.702,0.5838,1.0,1.0,50.647,45.1,115,75,-40,ok,115.0,75.0,31.736526946107784,35.32934131736527,-40.0
John C. Marioni,0000-0001-9092-0852,Medicine,Elite (matched),103,56768,393,15.88,12.71,54,0.6581,0.8659,0.63,165,0.5389,0.159,0.8555,0.2784,1.0,1.0,50.593,45.499,116,68,-48,ok,116.0,68.0,31.137724550898206,37.12574850299401,-48.0
Bo Wang,0000-0002-9620-3413,Medicine,Elite (matched),72,28661,1074,11.39,7.34,135,0.5588,0.7324,0.465,141,0.0838,0.3051,0.7237,1.0,1.0,1.0,50.517,42.962,117,129,12,ok,117.0,129.0,30.538922155688624,18.562874251497004,12.0
Anne E. Carpenter,0000-0003-1555-8261,Medicine,Elite (matched),81,37761,374,13.3,11.14,77,0.5455,0.8275,0.565,141,0.3114,0.2038,0.8134,0.6916,1.0,1.0,50.386,44.059,118,113,-5,ok,118.0,113.0,29.94011976047904,28.143712574850298,-5.0
E. Gratacós,0000-0002-7405-7224,Medicine,Elite (matched),99,36639,1475,10.26,7.42,47,0.7884,0.7062,0.935,143,0.2934,0.3128,0.7103,0.2066,1.0,0.94,50.191,43.709,119,73,-46,ok,119.0,73.0,29.34131736526946,25.149700598802394,-46.0
Maryann E. Martone,0000-0002-8406-3871,Medicine,Elite (matched),72,36086,422,11.89,7.26,81,0.3386,0.7291,0.235,161,0.2754,0.3031,0.7096,0.7395,1.0,1.0,50.107,43.323,120,129,9,ok,120.0,129.0,28.74251497005988,23.353293413173652,9.0
Garry P. Nolan,0000-0002-8862-9043,Medicine,Elite (matched),120,69106,765,14.93,12.04,79,0.6094,0.8248,0.725,134,0.5868,0.1769,0.814,0.7126,1.0,1.0,49.997,45.872,121,56,-65,ok,121.0,56.0,28.143712574850298,40.7185628742515,-65.0
Asma Khalil,0000-0003-2802-7670,Medicine,Elite (matched),83,32995,1063,11.81,6.5,53,0.744,0.6995,0.89,159,0.2036,0.3218,0.7017,0.2605,1.0,1.0,49.981,42.702,122,108,-14,ok,122.0,108.0,27.54491017964072,17.964071856287426,-14.0
Eugene W. Myers,0000-0002-6580-7839,Medicine,Elite (matched),73,161735,252,15.67,11.92,54,0.4552,0.8155,0.354,131,0.9281,0.177,0.7975,0.2784,1.0,1.0,49.883,47.475,123,128,5,ok,123.0,128.0,26.94610778443114,50.898203592814376,5.0
Jie Qiao,0000-0003-2126-1376,Medicine,Elite (matched),94,40611,1049,11.89,9.8,106,0.6263,0.7608,0.695,132,0.3593,0.2427,0.7541,0.9551,1.0,1.0,49.791,44.465,124,79,-45,ok,124.0,79.0,26.34730538922156,29.94011976047904,-45.0
Peter Kaufmann,0000-0003-0459-2464,Medicine,Elite (matched),81,32654,687,8.19,3.88,95,0.3205,0.5939,0.165,124,0.1856,0.4289,0.5802,0.8772,1.0,1.0,49.79,43.08,125,113,-12,ok,125.0,113.0,25.748502994011975,20.35928143712575,-12.0
John O'Keefe,0000-0001-5829-2926,Medicine,Nobel,75,23305,554,10.28,7.54,86,0.5254,0.705,0.455,106,0.024,0.3097,0.696,0.7904,1.0,1.0,49.035,41.129,126,123,-3,ok,126.0,123.0,25.149700598802394,14.97005988023952,-3.0
Daniel R. Weinberger,0000-0003-2409-2969,Medicine,Elite (matched),173,130665,1185,15.2,12.1,59,0.6114,0.7881,0.845,95,0.8443,0.1746,0.7793,0.3832,1.0,1.0,48.728,46.337,127,24,-103,ok,127.0,24.0,24.550898203592812,44.91017964071856,-103.0
Michael Houghton,0000-0001-8002-0977,Medicine,Nobel,92,42374,324,11.12,9.2,74,0.4404,0.7293,0.456,85,0.3952,0.2622,0.7149,0.6467,1.0,1.0,48.683,43.209,128,84,-44,ok,128.0,84.0,23.952095808383234,22.15568862275449,-44.0
Katalin Karikó,0000-0002-2343-5899,Medicine,Nobel,55,25546,147,15.43,9.82,45,0.4554,0.7968,0.381,46,0.0359,0.224,0.7797,0.1766,1.0,0.9,48.425,39.497,129,146,17,ok,129.0,146.0,23.353293413173652,8.383233532934131,17.0
David Chitayat,0000-0003-1944-7294,Medicine,Elite (matched),87,29617,649,20.21,9.93,76,0.6063,0.7943,0.76,130,0.1138,0.2043,0.7849,0.6737,1.0,1.0,48.413,40.778,130,96,-34,ok,130.0,96.0,22.45508982035928,13.17365269461078,-34.0
Maria Loane,0000-0002-1206-3637,Medicine,Elite (matched),59,28231,257,15.38,6.42,74,0.5775,0.6997,0.54,155,0.0659,0.2991,0.6936,0.6467,1.0,1.0,48.413,40.389,130,142,12,ok,130.0,142.0,22.45508982035928,11.976047904191617,12.0
Fabian J. Theis,0000-0002-2419-1943,Medicine,Elite (matched),126,83594,1088,17.75,14.6,77,0.6242,0.8456,0.695,147,0.6647,0.1139,0.8345,0.6916,1.0,1.0,48.179,45.019,132,50,-82,ok,132.0,50.0,21.55688622754491,34.13173652694611,-82.0
Drew Weissman,0000-0002-4448-8933,Medicine,Nobel,88,40777,379,14.69,12.17,88,0.4333,0.8031,0.525,145,0.3653,0.1748,0.7846,0.8024,1.0,1.0,47.879,42.391,133,88,-45,ok,133.0,88.0,20.958083832335326,16.766467065868262,-45.0
Mary E. D’Alton,0000-0002-1457-6284,Medicine,Elite (matched),88,28569,791,11.09,8.35,51,0.6922,0.6951,0.865,136,0.0778,0.283,0.695,0.2395,1.0,1.0,47.382,39.68,134,88,-46,ok,134.0,88.0,20.35928143712575,9.580838323353294,-46.0
Ronald J. Wapner,0000-0003-0727-1244,Medicine,Elite (matched),113,54841,1086,19.11,9.01,64,0.7795,0.7129,0.91,131,0.521,0.2268,0.7162,0.524,1.0,1.0,47.331,42.999,135,63,-72,ok,135.0,63.0,19.760479041916167,19.16167664670659,-72.0
William C. Campbell,0000-0002-8547-5166,Medicine,Nobel,67,22553,314,10.25,5.38,52,0.4256,0.6247,0.318,80,0.018,0.3637,0.6147,0.2485,1.0,1.0,47.231,38.782,136,133,-3,ok,136.0,133.0,19.16167664670659,7.18562874251497,-3.0
Jeffrey C. Hall,0000-0002-2172-8968,Medicine,Nobel,111,68702,1208,28.0,13.79,13,0.3015,0.8595,0.0,25,0.5808,0.1143,0.8316,0.006,1.0,0.26,47.185,42.023,137,65,-72,ok,137.0,65.0,18.562874251497004,16.16766467065868,-72.0
Michael W. Young,0000-0002-6381-5668,Medicine,Nobel,146,112393,2358,15.78,11.11,89,0.3952,0.7387,0.107,107,0.7665,0.1943,0.7215,0.8204,1.0,1.0,47.052,44.589,138,40,-98,ok,138.0,40.0,17.964071856287426,31.736526946107784,-98.0
Josef Penninger,0000-0002-8194-3777,Medicine,Elite (matched),176,145001,1642,16.52,14.21,90,0.4846,0.795,0.6,109,0.8982,0.1248,0.7795,0.8383,1.0,1.0,46.919,45.724,139,20,-119,ok,139.0,20.0,17.365269461077844,38.92215568862276,-119.0
Helen Dolk,0000-0001-6639-5904,Medicine,Elite (matched),71,33274,336,12.62,8.64,77,0.5846,0.6889,0.505,145,0.2156,0.2655,0.6837,0.6916,1.0,1.0,46.829,40.554,140,131,-9,ok,140.0,131.0,16.766467065868262,12.574850299401197,-9.0
Laurence Zitvogel,0000-0003-1596-0998,Medicine,Elite (matched),166,153344,1168,17.32,15.45,60,0.4482,0.8312,0.57,121,0.9162,0.0967,0.8121,0.4222,1.0,1.0,46.816,45.216,141,32,-109,ok,141.0,32.0,16.16766467065868,35.92814371257485,-109.0
Charles M. Rice,0000-0001-5622-7397,Medicine,Nobel,168,101523,719,14.13,12.23,57,0.5115,0.7589,0.655,133,0.7186,0.1755,0.7465,0.3323,1.0,1.0,46.766,43.662,142,30,-112,ok,142.0,30.0,15.568862275449103,24.550898203592812,-112.0
Paul A. Clemons,0000-0002-1800-5112,Medicine,Elite (matched),58,33757,222,19.15,12.73,61,0.5087,0.8161,0.395,164,0.2275,0.1499,0.8007,0.4611,1.0,1.0,46.723,40.016,143,144,1,ok,143.0,144.0,14.97005988023952,10.179640718562874,1.0
Alessandro Sette,0000-0001-7013-2250,Medicine,Elite (matched),174,122653,1441,17.69,14.37,61,0.4975,0.7982,0.635,159,0.8144,0.1189,0.7832,0.4611,1.0,1.0,46.215,44.054,144,23,-121,ok,144.0,23.0,14.37125748502994,27.54491017964072,-121.0
Dana Pe’er,0000-0002-9259-8817,Medicine,Elite (matched),85,51834,351,17.93,15.11,64,0.5474,0.8337,0.43,141,0.485,0.1029,0.8194,0.524,1.0,1.0,46.213,41.8,145,102,-43,ok,145.0,102.0,13.77245508982036,15.568862275449103,-43.0
Christof Koch,0000-0001-6482-8067,Medicine,Elite (matched),159,134401,1041,15.83,13.56,60,0.4922,0.7703,0.615,126,0.8743,0.1406,0.7564,0.4222,1.0,1.0,46.126,44.378,146,37,-109,ok,146.0,37.0,13.17365269461078,29.34131736526946,-109.0
James P. Allison,0000-0003-0546-0370,Medicine,Nobel,158,120376,1201,17.62,14.24,60,0.5889,0.7882,0.775,152,0.8084,0.1218,0.7782,0.4222,1.0,1.0,46.064,43.978,147,38,-109,ok,147.0,38.0,12.574850299401197,26.94610778443114,-109.0
Laurent Salomon,0000-0003-0627-4347,Medicine,Elite (matched),87,29821,1206,15.98,9.44,61,0.8568,0.7042,0.94,116,0.1317,0.2299,0.7118,0.4611,1.0,1.0,46.004,39.235,148,96,-52,ok,148.0,96.0,11.976047904191617,7.784431137724551,-52.0
Drew M. Pardoll,0000-0001-6215-1013,Medicine,Elite (matched),165,167031,889,16.98,14.62,70,0.5265,0.783,0.685,148,0.9341,0.115,0.7702,0.6048,1.0,1.0,45.907,44.953,149,33,-116,ok,149.0,33.0,11.377245508982035,33.532934131736525,-116.0
Aris T. Papageorghiou,0000-0001-8143-2232,Medicine,Elite (matched),88,34401,1022,15.6,9.23,58,0.7654,0.6901,0.865,162,0.2395,0.2362,0.6939,0.3623,1.0,1.0,45.691,39.523,150,88,-62,ok,150.0,88.0,10.778443113772456,8.982035928143713,-62.0
Sarah A. Teichmann,0000-0002-6294-6366,Medicine,Elite (matched),140,94932,669,19.79,17.3,63,0.5982,0.8564,0.755,145,0.6886,0.0551,0.8435,0.5,1.0,1.0,45.689,43.026,151,45,-106,ok,151.0,45.0,10.179640718562874,19.760479041916167,-106.0
Rex L. Chisholm,0000-0002-5638-3990,Medicine,Elite (matched),63,29593,211,27.07,13.42,61,0.469,0.8209,0.448,97,0.1078,0.1223,0.8033,0.4611,1.0,1.0,45.148,37.726,152,139,-13,ok,152.0,139.0,9.580838323353294,4.790419161676647,-13.0
Evan Z. Macosko,0000-0002-2794-5165,Medicine,Elite (matched),55,36092,156,19.74,15.37,32,0.5248,0.8358,0.309,110,0.2814,0.0946,0.8202,0.0898,1.0,0.64,44.84,38.582,153,146,-7,ok,153.0,146.0,8.982035928143713,6.58682634730539,-7.0
Richard H. Scheuermann,0000-0003-1355-892X,Medicine,Elite (matched),66,26207,332,19.0,14.66,83,0.5412,0.8141,0.45,163,0.0419,0.1104,0.8005,0.7635,1.0,1.0,44.502,37.41,154,135,-19,ok,154.0,135.0,8.383233532934131,4.191616766467066,-19.0
Stephan Saalfeld,0000-0002-4106-1761,Medicine,Elite (matched),42,82872,104,19.79,16.52,29,0.4579,0.8124,0.307,74,0.6527,0.0711,0.7947,0.0659,1.0,0.58,43.615,40.28,155,153,-2,ok,155.0,153.0,7.784431137724551,11.377245508982035,-2.0
Aviv Regev,0000-0003-3293-3158,Medicine,Elite (matched),209,227675,965,22.18,19.8,33,0.6009,0.8482,0.755,68,0.988,0.0039,0.8358,0.1108,1.0,0.66,43.448,43.086,156,9,-147,ok,156.0,9.0,7.18562874251497,20.958083832335326,-147.0
Svante Pääbo,0000-0002-5613-2926,Medicine,Nobel,160,102514,470,14.19,12.87,56,0.4799,0.6991,0.61,145,0.7246,0.1609,0.6881,0.2994,1.0,1.0,43.251,40.824,157,36,-121,ok,157.0,36.0,6.58682634730539,13.77245508982036,-121.0
Roland Eils,0000-0002-0034-4036,Medicine,Elite (matched),125,95552,988,26.69,19.33,93,0.6334,0.8169,0.795,147,0.6946,0.0125,0.8077,0.8623,1.0,1.0,42.267,40.959,158,51,-107,ok,158.0,51.0,5.9880239520958085,14.37125748502994,-107.0
Michael Hawrylycz,0000-0002-5741-8024,Medicine,Elite (matched),66,52228,215,30.01,19.4,60,0.4736,0.8465,0.383,119,0.497,0.0108,0.8279,0.4222,1.0,1.0,42.145,38.577,159,135,-24,ok,159.0,135.0,5.389221556886228,5.9880239520958085,-24.0
Ed S. Lein,0000-0001-9012-6552,Medicine,Elite (matched),79,51356,285,35.56,28.34,57,0.5196,0.8474,0.47,157,0.4731,0.0,0.831,0.3323,1.0,1.0,41.622,37.982,160,119,-41,ok,160.0,119.0,4.790419161676647,5.389221556886228,-41.0
Jean‐Laurent Casanova,0000-0002-7782-4169,Medicine,Elite (matched),172,119662,1387,24.75,20.75,56,0.4442,0.8242,0.6,135,0.8024,0.0,0.8052,0.2994,1.0,1.0,41.379,40.068,161,25,-136,ok,161.0,25.0,4.191616766467066,10.778443113772456,-136.0
Susan M. Sunkin,0000-0001-9893-3834,Medicine,Elite (matched),57,45354,129,40.17,23.73,33,0.5134,0.8491,0.476,56,0.4251,0.0,0.8323,0.1108,1.0,0.66,41.339,37.103,162,145,-17,ok,162.0,145.0,3.592814371257485,3.592814371257485,-17.0
Allan Hackshaw,0000-0002-5570-5070,Medicine,Elite (matched),85,32636,514,22.18,13.47,80,0.638,0.7073,0.655,149,0.1796,0.1289,0.7038,0.7246,1.0,1.0,41.15,35.74,163,102,-61,ok,163.0,102.0,2.9940119760479043,1.7964071856287425,-61.0
Lydia Ng,0000-0002-7499-3514,Medicine,Elite (matched),52,40184,170,31.03,19.38,41,0.4943,0.8241,0.325,106,0.3533,0.0111,0.8076,0.1527,1.0,0.82,40.499,35.879,164,150,-14,ok,164.0,150.0,2.3952095808383236,2.3952095808383236,-14.0
Bosiljka Tasic,0000-0002-6861-4506,Medicine,Elite (matched),60,29815,213,29.5,24.56,32,0.4863,0.8473,0.316,138,0.1257,0.0,0.8292,0.0898,1.0,0.64,40.242,33.938,165,141,-24,ok,165.0,141.0,1.7964071856287425,1.1976047904191618,-24.0
Allan R. Jones,0000-0001-6169-9749,Medicine,Elite (matched),37,31171,74,21.83,19.04,27,0.5047,0.8125,0.426,22,0.1617,0.019,0.7971,0.0599,1.0,0.54,39.7,33.707,166,154,-12,ok,166.0,154.0,1.1976047904191618,0.5988023952095809,-12.0
Nils Gehlenborg,0000-0003-0327-8297,Medicine,Elite (matched),97,109088,398,39.58,21.48,46,0.362,0.7491,0.31,143,0.7545,0.0,0.7297,0.1916,1.0,0.92,37.516,36.36,167,74,-93,ok,167.0,74.0,0.5988023952095809,2.9940119760479043,-93.0
James Peebles,0000-0002-0949-7549,Physics,Nobel,69,34945,392,1.93,1.58,28,0.191,0.851,0.0,72,0.7844,0.5813,0.818,0.3204,1.0,0.56,68.082,74.178,1,71,70,ok,1.0,71.0,100.0,100.0,70.0
John F. Clauser,,Physics,Nobel,28,15586,94,1.25,1.0,3,0.1666,0.7111,0.0,1,0.1078,0.8126,0.6839,0.009,1.0,0.06,62.865,69.443,2,154,152,under-collected,,,,,
John J. Hopfield,0000-0002-6976-6069,Physics,Nobel,85,67123,293,2.5,1.69,12,0.2921,0.7281,0.0,21,0.9281,0.4821,0.7063,0.0599,1.0,0.24,61.018,67.418,3,31,28,ok,2.0,31.0,99.37888198757764,98.75776397515527,29.0
F. Duncan M. Haldane,0000-0002-0384-0886,Physics,Nobel,68,41101,235,3.03,2.19,20,0.2439,0.8452,0.0,71,0.8323,0.4098,0.8151,0.1347,1.0,0.4,59.856,67.671,4,77,73,ok,3.0,77.0,98.75776397515527,99.37888198757764,74.0
Rainer Weiss,0000-0003-0974-2988,Physics,Nobel,1,6,5,1.33,1.33,3,0.9667,0.6882,0.0,1,0.006,0.7646,0.7021,0.009,0.0006,0.06,59.54,68.656,5,167,162,under-collected,,,,,
P. K. Shukla,0000-0001-8188-4976,Physics,Elite (matched),76,29395,1598,3.15,2.67,33,0.2484,0.8652,0.01,164,0.7186,0.3881,0.8344,0.4162,1.0,0.66,58.681,66.695,6,47,41,ok,4.0,47.0,98.13664596273291,98.13664596273291,43.0
François Englert,0000-0002-5340-8046,Physics,Nobel,8,406,71,1.63,1.16,14,0.2792,0.8216,0.053,11,0.018,0.6691,0.7945,0.0749,0.0406,0.28,58.412,68.559,7,164,157,under-collected,,,,,
Richard D. Gill,0000-0001-5821-9986,Physics,Elite (matched),55,21087,425,2.23,1.61,49,0.2908,0.6557,0.056,94,0.509,0.5245,0.6375,0.6886,1.0,0.98,56.487,63.464,8,137,129,ok,5.0,137.0,97.51552795031056,97.51552795031056,132.0
Roger Penrose,0000-0003-2552-0916,Physics,Nobel,88,53760,430,3.3,2.77,39,0.1487,0.7267,0.0,64,0.8623,0.3735,0.6978,0.509,1.0,0.78,56.175,62.282,9,25,16,ok,6.0,25.0,96.8944099378882,96.8944099378882,19.0
William T. Vetterling,0009-0009-9476-3319,Physics,Elite (matched),26,60502,85,2.85,2.46,6,0.3033,0.6756,0.0,9,0.9042,0.4213,0.657,0.021,1.0,0.12,55.982,62.448,10,157,147,under-collected,,,,,
Hadley Wickham,0000-0003-4757-117X,Physics,Elite (matched),59,131364,396,2.98,1.78,21,0.2108,0.6002,0.02,89,0.976,0.4242,0.5807,0.1647,1.0,0.42,55.32,60.95,11,126,115,ok,7.0,126.0,96.27329192546584,95.03105590062113,119.0
Edward Ott,0000-0002-9395-5062,Physics,Elite (matched),109,54982,784,4.34,3.66,45,0.3677,0.7467,0.14,169,0.8802,0.2924,0.7278,0.5988,1.0,0.9,53.889,60.262,12,10,-2,ok,8.0,10.0,95.65217391304348,94.40993788819875,2.0
J. C. Sprott,0000-0001-7014-3283,Physics,Elite (matched),72,19079,453,2.92,2.33,62,0.2356,0.7526,0.045,126,0.3952,0.4173,0.7268,0.8593,1.0,1.0,53.087,61.591,13,63,50,ok,9.0,63.0,95.03105590062113,95.65217391304348,54.0
E. R. Priest,0000-0003-3621-6690,Physics,Elite (matched),70,22667,652,4.32,2.79,46,0.142,0.8544,0.0,107,0.5868,0.309,0.8188,0.6228,1.0,0.92,53.062,61.746,14,67,53,ok,10.0,67.0,94.40993788819875,96.27329192546584,57.0
Peter Politzer,0000-0002-8488-4282,Physics,Elite (matched),108,53846,895,6.68,4.21,48,0.2298,0.8414,0.09,133,0.8683,0.2089,0.8108,0.6527,1.0,0.96,52.606,59.123,15,11,-4,ok,11.0,11.0,93.7888198757764,93.16770186335404,0.0
Giorgio Parisi,0000-0002-2190-883X,Physics,Nobel,111,63298,949,5.98,4.05,55,0.2864,0.766,0.07,172,0.9162,0.2281,0.742,0.7904,1.0,1.0,52.56,58.324,16,9,-7,ok,12.0,9.0,93.16770186335404,91.92546583850931,-3.0
Kip S. Thorne,0000-0002-4766-8499,Physics,Nobel,66,28760,205,4.21,3.38,24,0.255,0.7679,0.0,30,0.7066,0.3038,0.7423,0.2365,1.0,0.48,50.792,58.844,17,86,69,ok,13.0,86.0,92.54658385093167,92.54658385093167,73.0
Theodor W. Hänsch,0000-0002-2796-1589,Physics,Nobel,92,45498,600,8.25,6.33,61,0.3007,0.8497,0.04,174,0.8443,0.156,0.8222,0.8413,1.0,1.0,50.769,56.173,18,20,2,ok,14.0,20.0,91.92546583850931,88.81987577639751,6.0
Alain Aspect,0000-0002-3956-0474,Physics,Nobel,59,24096,624,4.83,3.53,35,0.2338,0.8337,0.0,157,0.6108,0.2735,0.8037,0.4491,1.0,0.7,50.606,59.242,19,126,107,ok,15.0,126.0,91.30434782608695,93.7888198757764,111.0
Serge Haroche,0000-0002-1442-2881,Physics,Nobel,82,33188,454,4.22,3.15,45,0.2495,0.6638,0.0,149,0.7545,0.3075,0.6431,0.5988,1.0,0.9,49.858,56.529,20,35,15,ok,16.0,35.0,90.6832298136646,90.6832298136646,19.0
Shuji Nakamura,0000-0002-3761-1197,Physics,Nobel,120,73271,1058,8.49,7.14,41,0.2556,0.8233,0.015,184,0.9401,0.1439,0.7949,0.524,1.0,0.82,49.639,54.375,21,5,-16,ok,17.0,5.0,90.06211180124224,86.33540372670807,-12.0
Albert Fert,0000-0003-3244-1610,Physics,Nobel,103,63011,522,9.51,7.88,57,0.24,0.8287,0.015,157,0.9102,0.1252,0.7993,0.8144,1.0,1.0,49.495,53.493,22,13,-9,ok,18.0,13.0,89.44099378881988,82.6086956521739,-5.0
Geoffrey E. Hinton,0000-0003-4373-3611,Physics,Nobel,137,447810,384,5.55,3.69,43,0.2914,0.6211,0.052,162,0.994,0.2457,0.6046,0.5479,1.0,0.86,49.272,54.363,23,2,-21,ok,19.0,2.0,88.81987577639751,85.71428571428571,-17.0
Е. А. Хазанов,0000-0001-5641-8025,Physics,Elite (matched),107,95777,709,9.26,6.86,44,0.3054,0.7956,0.015,177,0.9701,0.1383,0.7711,0.5719,1.0,0.88,49.254,53.761,24,12,-12,ok,20.0,12.0,88.19875776397515,83.22981366459628,-8.0
Andre Geim,0000-0002-2551-0548,Physics,Nobel,127,309897,489,10.02,8.65,47,0.2773,0.8012,0.065,150,0.982,0.1131,0.775,0.6347,1.0,0.94,48.598,51.99,25,4,-21,ok,21.0,4.0,87.5776397515528,72.04968944099379,-17.0
Anton Zeilinger,0000-0003-4832-0849,Physics,Nobel,117,74740,603,7.68,7.21,50,0.3186,0.7444,0.01,154,0.9461,0.1535,0.7231,0.7216,1.0,1.0,48.597,52.645,26,8,-18,ok,22.0,8.0,86.95652173913044,78.88198757763976,-14.0
Hiroshi Amano,0000-0002-2128-1708,Physics,Nobel,88,41798,1763,8.65,6.9,66,0.322,0.7908,0.075,157,0.8383,0.1447,0.7674,0.9012,1.0,1.0,48.568,53.319,27,25,-2,ok,23.0,25.0,86.33540372670807,81.36645962732919,2.0
Konstantin Novoselov,0000-0002-1928-7159,Physics,Nobel,149,324096,827,10.4,8.52,49,0.2739,0.7925,0.085,150,0.988,0.1114,0.7666,0.6886,1.0,0.98,48.541,51.791,28,1,-27,ok,24.0,1.0,85.71428571428571,70.80745341614907,-23.0
Ferenc Krausz,0000-0002-2843-9471,Physics,Nobel,94,50814,876,10.36,9.1,49,0.3536,0.8565,0.1,168,0.8563,0.1061,0.8314,0.6886,1.0,0.98,48.296,52.56,29,19,-10,ok,25.0,19.0,85.09316770186336,77.63975155279503,-6.0
Gérard Mourou,0000-0002-6966-6009,Physics,Nobel,85,35607,725,9.24,7.33,66,0.2988,0.8163,0.025,159,0.7964,0.1336,0.7904,0.9012,1.0,1.0,48.121,52.978,30,31,1,ok,26.0,31.0,84.472049689441,80.74534161490683,5.0
S. Peter Gary,0000-0002-4655-2316,Physics,Elite (matched),77,21919,583,6.54,3.26,38,0.1758,0.8507,0.0,121,0.5389,0.2248,0.817,0.494,1.0,0.76,47.733,56.928,31,44,13,ok,27.0,44.0,83.85093167701864,91.30434782608695,17.0
J. U. Brackbill,0000-0002-5029-2705,Physics,Elite (matched),41,17446,177,3.57,2.19,9,0.2033,0.7972,0.0,7,0.3054,0.3654,0.7675,0.0389,1.0,0.18,47.44,58.625,32,147,115,under-collected,,,,,
Henry C. Kapteyn,0000-0001-8386-6317,Physics,Elite (matched),103,35201,1084,10.82,8.98,45,0.397,0.8644,0.08,177,0.7904,0.104,0.841,0.5988,1.0,0.9,47.129,52.101,33,13,-20,ok,28.0,13.0,83.22981366459628,73.91304347826086,-15.0
George F. Smoot,0000-0003-0861-1709,Physics,Nobel,34,34704,310,10.91,8.98,55,0.1988,0.8553,0.006,120,0.7784,0.1034,0.8225,0.7904,1.0,1.0,47.021,51.31,34,152,118,ok,29.0,151.0,82.6086956521739,69.56521739130434,122.0
David J. Wineland,0000-0003-3895-5710,Physics,Nobel,87,37470,456,7.91,7.03,48,0.2397,0.7757,0.0,87,0.8084,0.1525,0.7489,0.6527,1.0,0.96,46.938,52.037,35,28,-7,ok,30.0,28.0,81.98757763975155,72.67080745341616,-2.0
Margaret M. Murnane,0000-0001-9689-5432,Physics,Elite (matched),99,33587,971,10.96,9.07,49,0.3925,0.8624,0.08,177,0.7665,0.1023,0.8389,0.6886,1.0,0.98,46.929,51.819,36,16,-20,ok,31.0,16.0,81.36645962732919,71.42857142857143,-15.0
Masayuki Yoshikawa,0000-0003-3106-3277,Physics,Elite (matched),83,28639,1157,8.39,6.18,50,0.4744,0.8017,0.44,128,0.7006,0.1559,0.7853,0.7216,1.0,1.0,46.829,53.43,37,34,-3,ok,32.0,34.0,80.74534161490683,81.98757763975155,2.0
Gennady Shvets,0000-0001-8542-6753,Physics,Elite (matched),68,22297,637,6.63,5.67,63,0.3558,0.7954,0.075,182,0.5689,0.1906,0.7734,0.8772,1.0,1.0,46.588,53.778,38,77,39,ok,33.0,77.0,80.12422360248446,83.85093167701864,44.0
J. F. Drake,0000-0002-9150-1841,Physics,Elite (matched),91,32447,807,14.01,5.62,38,0.1898,0.8738,0.0,171,0.7365,0.1133,0.8396,0.494,1.0,0.76,46.278,52.789,39,21,-18,ok,34.0,21.0,79.5031055900621,80.12422360248446,-13.0
M. Shoji,0000-0003-0655-7347,Physics,Elite (matched),38,806330,100008,17.64,9.37,30,0.2539,0.8116,0.0,134,1.0,0.0713,0.7837,0.3713,1.0,0.6,46.184,49.18,40,151,111,ok,35.0,150.0,78.88198757763976,57.7639751552795,115.0
Christoph H. Keitel,0000-0002-1984-1470,Physics,Elite (matched),72,21990,668,8.02,6.24,44,0.3639,0.8694,0.02,182,0.5509,0.1602,0.8441,0.5719,1.0,0.88,46.006,53.921,41,63,22,ok,36.0,63.0,78.26086956521739,84.472049689441,27.0
Romain François,0000-0002-2444-4226,Physics,Elite (matched),9,26338,46,3.91,2.41,8,0.2667,0.6058,0.0,22,0.6587,0.3386,0.5888,0.0299,1.0,0.16,45.938,54.133,42,163,121,ok,37.0,160.0,77.63975155279503,85.09316770186336,123.0
Robert J. Taylor,0000-0002-6106-7722,Physics,Elite (matched),58,37086,472,7.48,4.94,100,0.4322,0.6447,0.286,108,0.8024,0.1841,0.6341,0.988,1.0,1.0,45.875,51.12,43,132,89,ok,38.0,132.0,77.01863354037268,66.45962732919256,94.0
Reinhard Genzel,0000-0002-2767-9653,Physics,Nobel,129,59718,1212,24.44,10.15,28,0.1901,0.8911,0.0,196,0.8922,0.0526,0.856,0.3204,1.0,0.56,45.736,49.162,44,3,-41,ok,39.0,3.0,76.3975155279503,57.14285714285714,-36.0
A. L’Huillier,0000-0002-1335-4022,Physics,Elite (matched),76,26271,458,11.31,9.66,63,0.3289,0.8745,0.015,178,0.6497,0.0946,0.8472,0.8772,1.0,1.0,45.68,50.594,45,47,2,ok,40.0,47.0,75.46583850931677,63.66459627329193,7.0
Anne L'Huillier,0000-0003-2613-9191,Physics,Nobel,76,26271,458,11.31,9.66,63,0.3289,0.8745,0.015,178,0.6497,0.0946,0.8472,0.8772,1.0,1.0,45.68,50.594,45,47,2,ok,40.0,47.0,75.46583850931677,63.66459627329193,7.0
N. J. Fisch,0000-0002-0301-7380,Physics,Elite (matched),63,16400,1110,3.98,3.38,29,0.2599,0.8187,0.01,187,0.2096,0.316,0.7908,0.3473,1.0,0.58,45.458,56.524,47,108,61,ok,42.0,108.0,74.53416149068323,90.06211180124224,66.0
W. Becker,0000-0001-8939-0372,Physics,Elite (matched),67,16247,418,4.94,3.9,53,0.348,0.8607,0.108,123,0.1796,0.2631,0.8351,0.7635,1.0,1.0,45.445,56.325,48,84,36,ok,43.0,84.0,73.91304347826086,89.44099378881988,41.0
J. Fauré,0000-0003-0538-5774,Physics,Elite (matched),84,25016,590,10.11,6.02,61,0.3586,0.8154,0.026,158,0.6168,0.1384,0.7926,0.8413,1.0,1.0,45.34,52.064,49,33,-16,ok,44.0,33.0,73.29192546583852,73.29192546583852,-11.0
Adam G. Riess,0000-0002-0938-4314,Physics,Nobel,101,87151,679,24.96,14.42,29,0.1523,0.8816,0.0,177,0.9521,0.0293,0.8451,0.3473,1.0,0.58,45.323,46.432,50,15,-35,ok,45.0,15.0,72.67080745341616,42.2360248447205,-30.0
P. Sprangle,0000-0001-8521-4128,Physics,Elite (matched),69,17783,740,4.86,3.11,35,0.3021,0.7941,0.021,122,0.3234,0.2792,0.7695,0.4491,1.0,0.7,45.197,55.681,51,71,20,ok,46.0,71.0,72.04968944099379,87.88819875776397,25.0
Michel Mayor,0000-0003-0456-3728,Physics,Nobel,120,53945,933,22.27,13.56,29,0.1593,0.898,0.0,189,0.8743,0.0367,0.8611,0.3473,1.0,0.58,44.953,47.055,52,5,-47,ok,47.0,5.0,71.42857142857143,45.3416149068323,-42.0
S. W. Allen,0000-0003-0667-5941,Physics,Elite (matched),95,32980,824,27.64,5.44,46,0.2287,0.8668,0.04,181,0.7485,0.0713,0.8349,0.6228,1.0,0.92,44.785,50.29,53,18,-35,ok,48.0,18.0,70.80745341614907,61.49068322981367,-30.0
A. Mysyrowicz,0000-0001-8129-1783,Physics,Elite (matched),71,20717,549,7.79,6.54,51,0.2546,0.8504,0.025,178,0.4671,0.1599,0.8206,0.7425,1.0,1.0,44.531,52.212,54,65,11,ok,49.0,65.0,70.1863354037267,75.77639751552795,16.0
R. Fischer,0009-0000-6205-4731,Physics,Elite (matched),87,39092,1049,15.89,7.2,29,0.254,0.8163,0.0,177,0.8204,0.0923,0.7882,0.3473,1.0,0.58,44.39,49.604,55,28,-27,ok,50.0,28.0,69.56521739130434,59.62732919254658,-22.0
A. Pukhov,0000-0001-5043-960X,Physics,Elite (matched),89,32453,689,15.38,11.79,56,0.3669,0.8426,0.02,172,0.7425,0.0606,0.8188,0.8054,1.0,1.0,44.337,47.526,56,24,-32,ok,51.0,24.0,68.94409937888199,48.4472049689441,-27.0
P. H. Diamond,0000-0003-3273-2604,Physics,Elite (matched),78,25792,1072,11.87,5.08,23,0.2217,0.8683,0.01,194,0.6287,0.132,0.836,0.2126,1.0,0.46,44.291,52.38,57,42,-15,ok,52.0,42.0,68.32298136645963,76.3975155279503,-10.0
Christian Dávid,0000-0002-2953-1265,Physics,Elite (matched),69,20959,480,10.46,7.52,68,0.5137,0.8514,0.2,162,0.491,0.1206,0.8345,0.9162,1.0,1.0,44.132,51.225,58,71,13,ok,53.0,71.0,67.70186335403726,68.32298136645963,18.0
Oliver Bunk,0000-0001-6563-4053,Physics,Elite (matched),66,18946,293,8.73,5.76,90,0.5166,0.8308,0.225,151,0.3832,0.1562,0.8151,0.976,1.0,1.0,43.712,52.206,59,86,27,ok,54.0,86.0,67.08074534161491,75.15527950310559,32.0
Didier Queloz,0000-0002-1248-3967,Physics,Nobel,118,57595,1192,24.0,17.28,25,0.1667,0.8967,0.0,189,0.8862,0.0147,0.8602,0.2515,1.0,0.5,43.707,44.311,60,7,-53,ok,55.0,7.0,66.45962732919256,29.81366459627329,-48.0
Peixiang Lu,0000-0001-6993-8986,Physics,Elite (matched),66,18657,953,6.87,6.23,54,0.3381,0.8385,0.085,173,0.3593,0.1787,0.8135,0.7754,1.0,1.0,43.604,52.152,61,86,25,ok,56.0,86.0,65.83850931677019,74.53416149068323,30.0
Donna Strickland,0000-0003-0335-6318,Physics,Nobel,20,8412,108,3.74,2.94,23,0.2493,0.8164,0.057,41,0.0419,0.3388,0.788,0.2126,0.8412,0.46,43.291,55.681,62,158,96,ok,57.0,155.0,65.21739130434783,87.88819875776397,98.0
Barry C. Barish,0000-0002-8763-1072,Physics,Nobel,91,70198,492,71.12,33.73,54,0.2664,0.8084,0.0,145,0.9341,0.0,0.7813,0.7754,1.0,1.0,43.155,41.132,63,21,-42,ok,58.0,21.0,64.59627329192547,12.422360248447205,-37.0
K. A. Marsh,0000-0003-0107-7803,Physics,Elite (matched),64,29557,554,18.47,11.27,45,0.3525,0.8361,0.0,181,0.7246,0.0567,0.8119,0.5988,1.0,0.9,42.869,46.569,64,102,38,ok,59.0,102.0,63.975155279503106,42.857142857142854,43.0
Saul Perlmutter,0000-0002-9589-2701,Physics,Nobel,67,47877,749,29.2,21.24,49,0.1769,0.8536,0.005,175,0.8503,0.0,0.8198,0.6886,1.0,0.98,42.747,41.46,65,84,19,ok,60.0,84.0,63.35403726708074,13.664596273291925,24.0
M. D. Perry,0000-0002-7535-5899,Physics,Elite (matched),60,23054,329,10.05,5.15,35,0.5114,0.765,0.443,45,0.5928,0.1476,0.7523,0.4491,1.0,0.7,42.629,50.606,66,123,57,ok,61.0,123.0,62.732919254658384,64.59627329192547,62.0
Syukuro Manabe,0000-0002-0335-3190,Physics,Nobel,74,27975,173,6.44,1.85,16,0.2472,0.6194,0.037,10,0.6826,0.2464,0.6008,0.0958,1.0,0.32,42.54,51.121,67,53,-14,ok,62.0,53.0,62.11180124223602,67.08074534161491,-9.0
Andrius Baltuška,0000-0002-5267-0626,Physics,Elite (matched),61,18805,762,9.46,7.5,69,0.3296,0.8526,0.045,183,0.3713,0.1296,0.8264,0.9251,1.0,1.0,42.429,49.961,68,116,48,ok,63.0,116.0,61.49068322981367,60.86956521739131,53.0
F. Paoletti,0000-0001-8898-1963,Physics,Elite (matched),99,90419,624,45.91,39.86,32,0.2219,0.8198,0.008,71,0.9581,0.0,0.7899,0.4012,1.0,0.64,42.419,40.878,69,16,-53,ok,64.0,16.0,60.86956521739131,10.559006211180124,-48.0
J. Michael Kosterlitz,0000-0002-4292-5335,Physics,Nobel,17,1601,110,3.22,2.35,14,0.2647,0.7341,0.0,16,0.024,0.3892,0.7106,0.0749,0.1601,0.28,42.388,54.677,70,160,90,ok,65.0,157.0,60.24844720496895,86.95652173913044,92.0
Y. Homma,0000-0002-9872-9697,Physics,Elite (matched),63,20858,311,8.18,4.35,30,0.2903,0.7842,0.077,54,0.479,0.1797,0.7595,0.3713,1.0,0.6,42.297,51.305,71,108,37,ok,66.0,108.0,59.62732919254658,68.94409937888199,42.0
Paul Groth,0000-0003-0183-6910,Physics,Elite (matched),51,27711,449,7.44,3.96,74,0.2196,0.5906,0.03,137,0.6766,0.1968,0.572,0.9371,1.0,1.0,42.276,48.158,72,142,70,ok,67.0,142.0,59.006211180124225,52.79503105590062,75.0
M. Hesse,0000-0003-0377-9673,Physics,Elite (matched),73,19109,826,10.54,5.18,38,0.1606,0.8725,0.005,185,0.4012,0.1425,0.8369,0.494,1.0,0.76,42.252,51.189,73,58,-15,ok,68.0,58.0,58.38509316770186,67.70186335403726,-10.0
Katsumi Midorikawa,0000-0002-0588-519X,Physics,Elite (matched),65,16636,1054,6.18,5.53,55,0.3165,0.8212,0.105,167,0.2275,0.2022,0.796,0.7904,1.0,1.0,42.12,51.653,74,97,23,ok,69.0,97.0,57.7639751552795,70.1863354037267,28.0
S. V. Bulanov,0000-0001-8305-0289,Physics,Elite (matched),70,21372,876,12.69,9.0,59,0.3409,0.8319,0.025,175,0.521,0.0929,0.8073,0.8204,1.0,1.0,42.04,47.849,75,67,-8,ok,70.0,67.0,57.14285714285714,49.68944099378882,-3.0
Thomas Brabec,0000-0002-0784-0614,Physics,Elite (matched),53,16268,243,6.77,4.8,49,0.3354,0.8528,0.022,109,0.1916,0.1993,0.8269,0.6886,1.0,0.98,42.035,52.524,76,139,63,ok,71.0,139.0,56.52173913043478,77.01863354037268,68.0
M. Goossens,0000-0002-7830-7147,Physics,Elite (matched),66,15667,587,5.74,4.35,50,0.2118,0.8423,0.036,89,0.1198,0.2303,0.8108,0.7216,1.0,1.0,41.974,52.77,77,86,9,ok,72.0,86.0,55.90062111801242,79.5031055900621,14.0
K.H. Burrell,0000-0002-2639-1228,Physics,Elite (matched),77,21977,647,11.88,4.95,21,0.2366,0.8319,0.01,161,0.5449,0.1331,0.8021,0.1647,1.0,0.42,41.729,50.295,78,44,-34,ok,73.0,44.0,55.27950310559007,62.11180124223602,-29.0
Pierre Agostini,0000-0002-8817-3487,Physics,Nobel,54,18479,267,9.81,5.63,48,0.2837,0.8485,0.021,87,0.3473,0.1453,0.8203,0.6527,1.0,0.96,41.579,50.501,79,138,59,ok,74.0,138.0,54.6583850931677,62.732919254658384,64.0
John C. Mather,0000-0001-8748-7315,Physics,Nobel,43,20622,333,10.55,5.98,43,0.1736,0.8277,0.0,63,0.4551,0.1347,0.795,0.5479,1.0,0.86,41.576,49.49,80,146,66,ok,75.0,146.0,54.037267080745345,59.006211180124225,71.0
Norio Suzuki,0000-0001-6100-3350,Physics,Elite (matched),64,20208,784,9.55,5.2,106,0.439,0.743,0.255,132,0.4251,0.1525,0.7278,0.994,1.0,1.0,41.429,49.231,81,102,21,ok,76.0,102.0,53.41614906832298,58.38509316770186,26.0
D. Fiorucci,0000-0002-5111-0336,Physics,Elite (matched),61,60133,134,20.28,13.36,19,0.2793,0.7791,0.0,30,0.8982,0.0404,0.7541,0.1257,1.0,0.38,41.208,43.258,82,116,34,ok,77.0,116.0,52.79503105590062,24.84472049689441,39.0
Makina Yabashi,0000-0002-2472-1684,Physics,Elite (matched),75,25302,1042,18.55,14.41,49,0.4885,0.8435,0.155,171,0.6228,0.0362,0.8258,0.6886,1.0,0.98,41.053,44.119,83,52,-31,ok,78.0,52.0,52.17391304347826,27.32919254658385,-26.0
Takehito Hayakawa,0000-0001-5286-8395,Physics,Elite (matched),47,20671,583,13.44,6.46,87,0.5706,0.7675,0.42,166,0.4611,0.1098,0.7577,0.9581,1.0,1.0,40.796,47.941,84,144,60,ok,79.0,144.0,51.5527950310559,50.31055900621118,65.0
Klaus Hasselmann,0000-0001-8336-2130,Physics,Nobel,62,27350,277,6.49,2.67,21,0.1992,0.5802,0.044,15,0.6707,0.234,0.5612,0.1647,1.0,0.42,40.724,48.547,85,113,28,ok,80.0,113.0,50.931677018633536,54.6583850931677,33.0
S. C. Chapman,0000-0003-0053-1584,Physics,Elite (matched),66,20251,1021,16.35,5.26,48,0.1893,0.8448,0.01,188,0.4311,0.1042,0.812,0.6527,1.0,0.96,40.68,48.589,86,86,0,ok,81.0,86.0,50.31055900621118,55.27950310559007,5.0
M. Nisoli,0000-0003-2309-732X,Physics,Elite (matched),57,17263,513,10.95,8.72,78,0.3303,0.8742,0.0,163,0.2814,0.1056,0.847,0.9461,1.0,1.0,40.596,48.075,87,134,47,ok,82.0,134.0,49.68944099378882,51.5527950310559,52.0
J. Birn,0000-0002-1496-4076,Physics,Elite (matched),66,15459,415,6.75,3.01,37,0.1478,0.8564,0.0,109,0.0898,0.2232,0.821,0.479,1.0,0.74,40.585,52.605,88,86,-2,ok,83.0,86.0,49.06832298136646,78.26086956521739,3.0
Wim Leemans,0000-0001-6573-8434,Physics,Elite (matched),61,21397,936,12.15,9.95,50,0.4265,0.7965,0.025,188,0.5269,0.0875,0.778,0.7216,1.0,1.0,40.554,46.046,89,116,27,ok,84.0,116.0,48.4472049689441,39.75155279503105,32.0
A. Couairon,0000-0003-1883-0208,Physics,Elite (matched),62,15722,365,7.37,5.32,51,0.3533,0.8549,0.045,176,0.1317,0.1813,0.8298,0.7425,1.0,1.0,40.52,51.045,90,113,23,ok,85.0,113.0,47.82608695652174,65.83850931677019,28.0
Vladislav S. Yakovlev,0000-0002-0648-9375,Physics,Elite (matched),45,16753,167,9.08,6.47,48,0.2952,0.8625,0.023,105,0.2455,0.1444,0.8341,0.6527,1.0,0.96,40.369,49.641,91,145,54,ok,86.0,145.0,47.20496894409938,60.24844720496895,59.0
Stéfan van der Walt,0000-0001-9276-1891,Physics,Elite (matched),20,33389,65,12.47,6.97,33,0.3219,0.6748,0.078,57,0.7605,0.1114,0.6572,0.4162,1.0,0.66,40.345,45.481,92,158,66,ok,87.0,155.0,46.58385093167702,37.267080745341616,68.0
Christian Spielmann,0000-0002-5223-4170,Physics,Elite (matched),52,17037,393,9.32,8.1,74,0.3861,0.8468,0.015,166,0.2575,0.1247,0.8238,0.9371,1.0,1.0,40.34,48.326,93,140,47,ok,88.0,140.0,45.962732919254655,54.037267080745345,52.0
Susanna‐Assunta Sansone,0000-0001-5306-5690,Physics,Elite (matched),61,38042,362,21.34,14.26,61,0.363,0.7131,0.21,173,0.8144,0.0337,0.6956,0.8413,1.0,1.0,40.32,41.019,94,116,22,ok,89.0,116.0,45.3416149068323,11.180124223602485,27.0
K. Krushelnick,0000-0001-9116-9511,Physics,Elite (matched),73,21284,551,13.64,10.62,45,0.4304,0.8258,0.03,182,0.515,0.0753,0.806,0.5988,1.0,0.9,40.234,45.789,95,58,-37,ok,90.0,58.0,44.72049689440994,38.50931677018634,-32.0
Carole Goble,0000-0003-1219-2137,Physics,Elite (matched),78,40308,750,15.79,8.55,69,0.2599,0.6217,0.12,162,0.8263,0.083,0.6036,0.9251,1.0,1.0,40.191,42.71,96,42,-54,ok,91.0,42.0,44.099378881987576,21.11801242236025,-49.0
W. B. Mori,0000-0002-6394-5082,Physics,Elite (matched),74,20614,792,11.16,8.55,40,0.422,0.8212,0.0,176,0.4491,0.1058,0.8012,0.515,1.0,0.8,40.176,47.339,97,53,-44,ok,92.0,53.0,43.47826086956522,47.82608695652174,-39.0
C. F. Kennel,0000-0001-5997-7201,Physics,Elite (matched),65,21080,408,7.31,3.33,30,0.2141,0.6605,0.039,27,0.503,0.2071,0.6382,0.3713,1.0,0.6,40.044,48.637,98,97,-1,ok,93.0,97.0,42.857142857142854,55.90062111801242,4.0
John L. Johnson,0000-0003-1783-0476,Physics,Elite (matched),73,20986,626,12.43,6.38,89,0.5393,0.7121,0.425,127,0.497,0.1167,0.7035,0.9671,1.0,1.0,39.967,46.627,99,58,-41,ok,94.0,58.0,42.2360248447205,43.47826086956522,-36.0
Makoto Kobayashi,0000-0002-8849-4445,Physics,Nobel,39,5526,405,5.43,3.02,94,0.2383,0.7417,0.02,160,0.0359,0.2597,0.7165,0.982,0.5526,1.0,39.958,50.948,100,150,50,ok,95.0,149.0,41.61490683229814,65.21739130434783,54.0
T. E. Cowan,0000-0002-5845-000X,Physics,Elite (matched),68,20730,592,18.61,9.47,63,0.4384,0.815,0.02,177,0.4731,0.068,0.7962,0.8772,1.0,1.0,39.936,45.499,101,77,-24,ok,96.0,77.0,40.993788819875775,37.88819875776397,-19.0
Michael G.H. Bell,0000-0001-8137-065X,Physics,Elite (matched),70,19040,579,6.89,3.02,81,0.2273,0.6216,0.02,114,0.3892,0.2199,0.6019,0.9521,1.0,1.0,39.832,48.086,102,67,-35,ok,97.0,67.0,40.37267080745342,52.17391304347826,-30.0
K. Mima,0000-0003-0714-8238,Physics,Elite (matched),66,19764,1144,12.06,9.05,56,0.3302,0.8104,0.01,184,0.4132,0.0958,0.7864,0.8054,1.0,1.0,39.728,46.086,103,86,-17,ok,98.0,86.0,39.75155279503105,40.37267080745342,-12.0
S. C. Wilks,0000-0002-7268-2683,Physics,Elite (matched),58,21497,505,14.57,9.2,34,0.3365,0.813,0.005,134,0.5329,0.0828,0.7892,0.4281,1.0,0.68,39.693,45.797,104,132,28,ok,99.0,132.0,39.130434782608695,39.130434782608695,33.0
Jake Vanderplas,0000-0002-9623-3401,Physics,Elite (matched),27,91099,79,23.05,10.88,23,0.2064,0.6684,0.0,68,0.9641,0.0507,0.6453,0.2126,1.0,0.46,39.536,41.269,105,156,51,ok,100.0,154.0,38.50931677018634,13.043478260869565,54.0
V. Malka,0000-0002-0488-2587,Physics,Elite (matched),68,19742,481,13.5,10.73,64,0.4453,0.8216,0.045,168,0.4072,0.075,0.8028,0.8922,1.0,1.0,39.492,45.149,106,77,-29,ok,101.0,77.0,37.88819875776397,34.161490683229815,-24.0
R. J. Wallace,0000-0002-5129-3021,Physics,Elite (matched),79,22478,537,15.59,12.08,61,0.4051,0.7692,0.11,105,0.5749,0.0579,0.751,0.8413,1.0,1.0,39.469,43.133,107,39,-68,ok,102.0,39.0,37.267080745341616,23.60248447204969,-63.0
T. Kluge,0000-0003-4861-5584,Physics,Elite (matched),91,28091,579,27.57,20.25,67,0.3564,0.7909,0.025,148,0.6946,0.0,0.7692,0.9102,1.0,1.0,39.452,38.709,108,21,-87,ok,103.0,21.0,36.64596273291926,3.7267080745341614,-82.0
K. Itoh,0000-0003-3873-4766,Physics,Elite (matched),61,18873,1300,15.54,7.29,36,0.2068,0.8664,0.0,191,0.3772,0.0931,0.8334,0.4701,1.0,0.72,39.306,47.141,109,116,7,ok,104.0,116.0,36.024844720496894,47.20496894409938,12.0
S. H. Glenzer,0000-0001-9112-0558,Physics,Elite (matched),82,27227,1072,27.68,14.14,31,0.4667,0.8116,0.015,182,0.6647,0.0287,0.7944,0.3862,1.0,0.62,39.212,42.244,110,35,-75,ok,105.0,35.0,35.40372670807454,18.633540372670808,-70.0
C. B. Schroeder,0000-0002-9610-0166,Physics,Elite (matched),52,17351,800,9.86,6.05,41,0.4408,0.8042,0.02,188,0.2994,0.1405,0.786,0.524,1.0,0.82,38.997,48.272,111,140,29,ok,106.0,140.0,34.78260869565217,53.41614906832298,34.0
Fabián Pedregosa,0000-0003-4025-3953,Physics,Elite (matched),12,66235,77,17.43,8.18,15,0.4096,0.6267,0.013,66,0.9222,0.0799,0.6158,0.0868,1.0,0.3,38.841,42.611,112,162,50,ok,107.0,159.0,34.161490683229815,20.496894409937887,52.0
R. Neu,0000-0002-6062-1955,Physics,Elite (matched),79,22572,992,16.8,10.38,27,0.2519,0.8062,0.0,138,0.5808,0.0667,0.7785,0.2934,1.0,0.54,38.838,44.044,113,39,-74,ok,108.0,39.0,33.54037267080746,26.70807453416149,-69.0
E. P. Hartouni,0000-0001-9869-4351,Physics,Elite (matched),87,27989,428,34.15,19.73,35,0.3124,0.8292,0.0,139,0.6886,0.0011,0.8034,0.4491,1.0,0.7,38.803,39.123,114,28,-86,ok,109.0,28.0,32.91925465838509,5.590062111801243,-81.0
R. J. Groebner,0000-0002-5643-564X,Physics,Elite (matched),73,20584,707,13.14,6.44,18,0.2438,0.8228,0.0,166,0.4431,0.1117,0.7938,0.1138,1.0,0.36,38.629,47.063,115,58,-57,ok,110.0,58.0,32.298136645962735,45.962732919254655,-52.0
A. Loarte,0000-0001-9592-1117,Physics,Elite (matched),70,22286,607,17.84,8.96,18,0.2501,0.8195,0.0,150,0.5629,0.0734,0.791,0.1138,1.0,0.36,38.61,44.887,116,67,-49,ok,111.0,67.0,31.67701863354037,32.298136645962735,-44.0
M. Krůs,0000-0002-8595-3139,Physics,Elite (matched),74,20401,266,15.89,10.67,43,0.4384,0.8248,0.008,109,0.4371,0.0673,0.8055,0.5479,1.0,0.86,38.405,44.397,117,53,-64,ok,112.0,53.0,31.05590062111801,30.434782608695656,-59.0
Hitoshi Nishimura,0000-0001-5068-1738,Physics,Elite (matched),68,17234,709,10.21,5.57,89,0.3716,0.7453,0.165,141,0.2754,0.1419,0.7266,0.9671,1.0,1.0,38.401,46.81,118,77,-41,ok,113.0,77.0,30.434782608695656,44.72049689440994,-36.0
B. A. Remington,0000-0002-9369-7040,Physics,Elite (matched),80,22208,854,21.28,13.88,46,0.4032,0.8037,0.035,150,0.5569,0.036,0.7837,0.6228,1.0,0.92,38.382,41.743,119,37,-82,ok,114.0,37.0,29.81366459627329,14.906832298136646,-77.0
O. L. Landen,0000-0002-1499-8217,Physics,Elite (matched),88,30060,1150,32.55,17.7,15,0.4008,0.8156,0.015,189,0.7305,0.01,0.7949,0.0868,1.0,0.3,38.268,39.844,120,25,-95,ok,115.0,25.0,29.19254658385093,6.211180124223603,-90.0
P. Beiersdörfer,0000-0003-0127-599X,Physics,Elite (matched),63,16103,976,9.52,4.98,28,0.32,0.8515,0.005,190,0.1617,0.1551,0.8249,0.3204,1.0,0.56,38.007,49.038,121,108,-13,ok,116.0,108.0,28.57142857142857,56.52173913043478,-8.0
T. C. Sangster,0000-0003-4040-2672,Physics,Elite (matched),73,26212,945,24.9,15.85,22,0.4016,0.8193,0.01,193,0.6407,0.0219,0.7984,0.1946,1.0,0.44,37.922,40.698,122,58,-64,ok,117.0,58.0,27.95031055900621,9.937888198757763,-59.0
D. D. Meyerhofer,0000-0002-0904-1250,Physics,Elite (matched),79,23780,916,21.0,13.44,24,0.3878,0.8092,0.005,194,0.5988,0.0389,0.7881,0.2365,1.0,0.48,37.894,41.866,123,39,-84,ok,118.0,39.0,27.32919254658385,16.149068322981368,-79.0
G. G. Paulus,0000-0002-8343-8811,Physics,Elite (matched),63,15956,443,10.79,8.79,60,0.3815,0.8637,0.025,168,0.1497,0.106,0.8396,0.8263,1.0,1.0,37.833,46.324,124,108,-16,ok,119.0,108.0,26.70807453416149,41.61490683229814,-11.0
M. A. Shay,0000-0003-1861-4767,Physics,Elite (matched),61,15907,371,10.47,5.11,38,0.1983,0.8481,0.0,122,0.1437,0.1438,0.8156,0.494,1.0,0.76,37.528,47.988,125,116,-9,ok,120.0,116.0,26.08695652173913,50.931677018633536,-4.0
L. L. Lao,0000-0003-1937-2675,Physics,Elite (matched),71,19772,486,13.18,8.09,21,0.297,0.8056,0.0,120,0.4192,0.0979,0.7802,0.1647,1.0,0.42,37.333,45.056,126,65,-61,ok,121.0,65.0,25.465838509316768,33.54037267080746,-56.0
A. Nelson,0000-0002-9612-1936,Physics,Elite (matched),80,20941,433,22.36,13.66,53,0.2669,0.7952,0.0,130,0.485,0.036,0.7688,0.7635,1.0,1.0,37.281,40.597,127,37,-90,ok,122.0,37.0,24.84472049689441,9.316770186335404,-85.0
A. J. Mackinnon,0000-0002-4380-2906,Physics,Elite (matched),77,23853,632,32.41,17.99,35,0.414,0.8052,0.005,186,0.6048,0.0088,0.7856,0.4491,1.0,0.7,37.26,38.822,128,44,-84,ok,123.0,44.0,24.22360248447205,4.3478260869565215,-79.0
Andrea Ghez,0000-0003-3230-5055,Physics,Nobel,60,13382,476,11.22,5.43,51,0.2219,0.8693,0.0,157,0.0539,0.1341,0.8369,0.7425,1.0,1.0,37.252,47.774,129,123,-6,ok,124.0,123.0,23.60248447204969,49.06832298136646,-1.0
R. B. White,0000-0002-4239-2685,Physics,Elite (matched),64,16267,657,9.19,7.01,23,0.2766,0.8425,0.0,139,0.1856,0.1375,0.8142,0.2126,1.0,0.46,36.795,46.773,130,102,-28,ok,125.0,102.0,22.981366459627328,44.099378881987576,-23.0
G.A.P. Cirrone,0000-0001-5733-9281,Physics,Elite (matched),40,17283,475,19.62,7.21,62,0.4316,0.791,0.25,138,0.2904,0.0796,0.773,0.8593,1.0,1.0,36.766,44.251,131,148,17,ok,126.0,147.0,22.36024844720497,28.57142857142857,21.0
Rachel Woodbrook,0000-0002-4548-944X,Physics,Elite (matched),8,33603,31,9.29,4.33,11,0.3333,0.5095,0.048,18,0.7725,0.1646,0.5007,0.0539,1.0,0.22,36.644,42.943,132,164,32,ok,127.0,161.0,21.73913043478261,22.981366459627328,34.0
R. E. Bell,0000-0001-9544-498X,Physics,Elite (matched),68,17455,886,17.79,5.23,13,0.2572,0.8452,0.005,178,0.3114,0.0985,0.8158,0.0659,1.0,0.26,36.432,46.116,133,77,-56,ok,128.0,77.0,21.11801242236025,40.993788819875775,-51.0
Zachary DeVito,0009-0002-8863-1503,Physics,Elite (matched),15,29130,33,12.27,6.06,6,0.2851,0.6051,0.0,32,0.7126,0.1205,0.5891,0.021,1.0,0.12,36.334,42.431,134,161,27,ok,129.0,158.0,20.496894409937887,19.25465838509317,29.0
G. Krämer,0000-0001-5105-8139,Physics,Elite (matched),63,16655,675,13.55,7.14,27,0.2575,0.8415,0.0,164,0.2335,0.1037,0.8123,0.2934,1.0,0.54,36.181,45.339,135,108,-27,ok,130.0,108.0,19.875776397515526,35.40372670807454,-22.0
X. Garbet,0000-0001-5730-1259,Physics,Elite (matched),64,15699,733,10.97,5.66,21,0.2431,0.8645,0.0,185,0.1257,0.1341,0.8334,0.1647,1.0,0.42,36.126,47.134,136,102,-34,ok,131.0,102.0,18.944099378881987,46.58385093167702,-29.0
Rob Hooft,0000-0001-6825-9439,Physics,Elite (matched),28,26051,134,13.77,6.49,26,0.2516,0.6304,0.065,71,0.6347,0.1077,0.6115,0.2665,1.0,0.52,36.126,42.037,136,154,18,ok,131.0,153.0,18.944099378881987,17.391304347826086,22.0
A.W. Leonard,0000-0001-9356-1074,Physics,Elite (matched),65,18467,625,15.99,8.94,22,0.2552,0.8297,0.0,158,0.3413,0.0794,0.801,0.1946,1.0,0.44,35.997,43.638,138,97,-41,ok,133.0,97.0,18.012422360248447,26.08695652173913,-36.0
B. LaBombard,0000-0002-7841-9261,Physics,Elite (matched),68,16740,691,14.54,7.13,26,0.2719,0.8296,0.005,167,0.2395,0.0988,0.8017,0.2665,1.0,0.52,35.596,44.666,139,77,-62,ok,134.0,77.0,17.391304347826086,31.05590062111801,-57.0
E. J. Strait,0000-0001-9215-3757,Physics,Elite (matched),74,18088,574,13.23,9.47,17,0.2256,0.8201,0.0,135,0.3353,0.0864,0.7904,0.1018,1.0,0.34,35.542,43.178,140,53,-87,ok,135.0,53.0,16.77018633540373,24.22360248447205,-82.0
Z. M. Sheng,0000-0002-8823-9993,Physics,Elite (matched),66,15346,815,9.96,7.61,43,0.3838,0.8314,0.045,198,0.0778,0.124,0.809,0.5479,1.0,0.86,35.515,45.363,141,86,-55,ok,136.0,86.0,16.149068322981368,36.024844720496894,-50.0
V. T. Tikhonchuk,0000-0001-7532-5879,Physics,Elite (matched),59,15737,824,10.41,7.88,42,0.3914,0.8094,0.03,183,0.1377,0.1176,0.7885,0.5329,1.0,0.84,35.438,44.688,142,126,-16,ok,137.0,126.0,15.527950310559005,31.67701863354037,-11.0
D. von der Linde,0000-0001-5618-3879,Physics,Elite (matched),57,15501,367,9.24,7.27,34,0.3286,0.8199,0.016,45,0.0958,0.1342,0.7953,0.4281,1.0,0.68,35.4,45.39,143,134,-9,ok,138.0,134.0,14.906832298136646,36.64596273291926,-4.0
R. Betti,0000-0001-8742-0304,Physics,Elite (matched),74,18613,656,23.73,8.48,24,0.3593,0.8089,0.01,191,0.3533,0.0628,0.7864,0.2365,1.0,0.48,35.073,42.474,144,53,-91,ok,139.0,53.0,14.285714285714285,19.875776397515526,-86.0
D. Neely,0000-0001-7709-4074,Physics,Elite (matched),69,17222,546,17.59,13.57,52,0.3847,0.8146,0.035,181,0.2695,0.0432,0.7931,0.7545,1.0,1.0,34.952,40.075,145,71,-74,ok,140.0,71.0,13.664596273291925,6.832298136645963,-69.0
J. R. Wilson,0000-0003-3627-1278,Physics,Elite (matched),69,17740,811,15.11,11.74,44,0.2557,0.7873,0.005,158,0.3174,0.0617,0.7607,0.5719,1.0,0.88,34.867,40.539,146,71,-75,ok,141.0,71.0,13.043478260869565,8.695652173913043,-70.0
Peter Higgs,0000-0002-6569-2937,Physics,Nobel,33,4411,316,7.12,4.13,108,0.4594,0.655,0.48,149,0.0299,0.2008,0.6452,1.0,0.4411,1.0,34.792,45.183,147,153,6,ok,142.0,152.0,12.422360248447205,34.78260869565217,10.0
P.C. Stangeby,0000-0002-3511-2286,Physics,Elite (matched),57,16586,496,12.23,7.14,20,0.2531,0.809,0.0,115,0.2216,0.1114,0.7812,0.1347,1.0,0.4,34.757,44.163,148,134,-14,ok,143.0,134.0,11.801242236024844,27.95031055900621,-9.0
R. Budny,0000-0001-5472-3771,Physics,Elite (matched),66,16357,645,13.02,4.94,21,0.2264,0.7937,0.0,94,0.2036,0.1249,0.7653,0.1647,1.0,0.42,34.711,45.015,149,86,-63,ok,144.0,86.0,11.180124223602485,32.91925465838509,-58.0
M. Yokoyama,0000-0001-8856-1483,Physics,Elite (matched),59,16291,557,17.51,8.29,36,0.2708,0.8278,0.045,178,0.1976,0.0789,0.7999,0.4701,1.0,0.72,34.68,42.938,150,126,-24,ok,145.0,126.0,10.559006211180124,22.36024844720497,-19.0
B. Lipschultz,0000-0001-5968-3684,Physics,Elite (matched),65,16925,561,18.18,9.64,29,0.2457,0.8184,0.0,147,0.2515,0.068,0.7898,0.3473,1.0,0.58,34.227,41.641,151,97,-54,ok,146.0,97.0,9.937888198757763,14.285714285714285,-49.0
O. Sauter,0000-0002-0099-6675,Physics,Elite (matched),60,16474,875,15.18,10.02,27,0.2725,0.8315,0.0,170,0.2156,0.0743,0.8036,0.2934,1.0,0.54,34.205,42.024,152,123,-29,ok,147.0,123.0,9.316770186335404,16.77018633540373,-24.0
H. R. Wilson,0000-0003-3333-7470,Physics,Elite (matched),59,15296,287,9.49,8.42,31,0.1907,0.8296,0.0,100,0.0659,0.1198,0.7977,0.3862,1.0,0.62,34.155,43.62,153,126,-27,ok,148.0,126.0,8.695652173913043,25.465838509316768,-22.0
S. W. Haan,0000-0001-8404-5131,Physics,Elite (matched),76,18763,418,33.74,13.14,28,0.3564,0.8059,0.005,171,0.3653,0.0292,0.7834,0.3204,1.0,0.56,33.873,38.862,154,47,-107,ok,149.0,47.0,8.074534161490684,4.968944099378882,-102.0
J. P. Knauer,0009-0009-9097-2885,Physics,Elite (matched),69,18036,712,28.11,15.04,32,0.4083,0.8168,0.005,175,0.3293,0.024,0.7964,0.4012,1.0,0.64,33.775,38.346,155,71,-84,ok,150.0,71.0,7.453416149068323,3.1055900621118013,-79.0
Brian P. Schmidt,0000-0001-6589-1287,Physics,Nobel,4,163,69,6.23,3.35,10,0.1559,0.7147,0.038,13,0.012,0.2313,0.6868,0.0479,0.0163,0.2,33.765,46.072,156,166,10,under-collected,,,,,
P. M. Celliers,0000-0001-7600-1227,Physics,Elite (matched),76,17283,603,30.14,10.1,32,0.3775,0.7991,0.005,182,0.2904,0.0456,0.778,0.4012,1.0,0.64,33.594,40.174,157,47,-110,ok,151.0,47.0,6.832298136645963,7.453416149068323,-104.0
W. W. Heidbrink,0000-0002-6942-8043,Physics,Elite (matched),64,15661,686,15.62,6.16,9,0.2906,0.8512,0.0,199,0.1138,0.101,0.8232,0.0389,1.0,0.18,33.552,44.295,158,102,-56,ok,152.0,102.0,6.211180124223603,29.19254658385093,-50.0
S. Brezinsek,0000-0002-7213-3326,Physics,Elite (matched),61,17145,1006,24.75,8.09,18,0.3097,0.8223,0.0,148,0.2635,0.063,0.7967,0.1138,1.0,0.36,33.531,41.783,159,116,-43,ok,153.0,116.0,5.590062111801243,15.527950310559005,-37.0
A. Kallenbach,0000-0003-0538-2493,Physics,Elite (matched),66,16231,555,18.34,7.81,26,0.2413,0.82,0.0,140,0.1737,0.0795,0.7911,0.2665,1.0,0.52,33.28,42.103,160,86,-74,ok,154.0,86.0,4.968944099378882,18.012422360248447,-68.0
A. Herrmann,0000-0003-3872-2407,Physics,Elite (matched),65,15332,480,14.7,6.79,27,0.2438,0.8208,0.005,135,0.0719,0.1006,0.7919,0.2934,1.0,0.54,32.799,42.876,161,97,-64,ok,155.0,97.0,4.3478260869565215,21.73913043478261,-58.0
K. Ida,0000-0002-0585-4561,Physics,Elite (matched),59,15989,437539,22.59,9.1,21,0.2152,0.8494,0.0,196,0.1557,0.0615,0.8177,0.1647,1.0,0.42,32.616,41.07,162,126,-36,ok,156.0,126.0,3.7267080745341614,11.801242236024844,-30.0
P.B. Snyder,0000-0002-0613-4232,Physics,Elite (matched),66,15525,492,15.43,10.57,24,0.2375,0.8344,0.0,184,0.1018,0.0694,0.8046,0.2365,1.0,0.48,31.981,40.271,163,86,-77,ok,157.0,86.0,3.1055900621118013,8.074534161490684,-71.0
Takaaki Kajita,0000-0002-4357-7450,Physics,Nobel,51,14790,224,25.64,14.27,44,0.2191,0.8547,0.0,64,0.0599,0.0296,0.8229,0.5719,1.0,0.88,31.254,37.365,164,142,-22,ok,158.0,142.0,2.484472049689441,1.8633540372670807,-16.0
H. Zohm,0000-0002-8870-7806,Physics,Elite (matched),62,15404,779,15.97,12.42,26,0.2467,0.8238,0.0,159,0.0838,0.0545,0.7949,0.2665,1.0,0.52,30.779,38.223,165,113,-52,ok,159.0,113.0,1.8633540372670807,2.484472049689441,-46.0
C. Stöeckl,0000-0001-5375-5800,Physics,Elite (matched),64,16149,804,22.25,16.11,21,0.4116,0.8178,0.005,190,0.1677,0.0222,0.7975,0.1647,1.0,0.42,30.269,35.882,166,102,-64,ok,160.0,102.0,1.2422360248447204,1.2422360248447204,-58.0
Arthur B. McDonald,0000-0003-1161-4238,Physics,Nobel,40,12408,169,49.33,38.33,27,0.228,0.8445,0.0,30,0.0479,0.0,0.8137,0.2934,1.0,0.54,28.309,32.573,167,148,-19,ok,161.0,147.0,0.6211180124223602,0.6211180124223602,-14.0
