name,orcid,field,is_nobel,horizon,ref_year,cutoff_year,total_citations,avg_author_position,avg_authors_per_paper,complexity_keyword_score,complexity_concept_score,complexity_mesh_score,mesh_coverage,journals,h_index,total_publications,complexity_n_works_analyzed,cby_min_year
Victor Ambros,0000-0001-6772-9174,Medicine,1,0,2024,2024,5154,4.1,4.52,0.298,0.8768,0.4343,0.2,38,35,115,91,2012
Victor Ambros,0000-0001-6772-9174,Medicine,1,5,2024,2019,14781,3.5,4.01,0.3296,0.8695,0.4533,0.27,37,37,100,70,2012
Victor Ambros,0000-0001-6772-9174,Medicine,1,10,2024,2014,6236,3.32,3.95,0.3677,0.8646,0.4151,0.3467,31,30,75,45,2012
Gary Ruvkun,0000-0002-6506-1673,Medicine,1,0,2024,2024,10806,5.11,5.81,0.3176,0.8467,0.4435,0.2389,57,57,180,125,2012
Gary Ruvkun,0000-0002-6506-1673,Medicine,1,5,2024,2019,13641,5.13,5.8,0.3237,0.8421,0.4426,0.3057,66,56,193,116,2012
Gary Ruvkun,0000-0002-6506-1673,Medicine,1,10,2024,2014,6440,4.84,5.29,0.3566,0.8467,0.4495,0.3515,60,39,165,93,2012
Katalin Karikó,0000-0002-2343-5899,Medicine,1,0,2023,2023,14902,8.42,14.02,0.4531,0.8054,0.5563,0.375,48,40,96,56,2012
Katalin Karikó,0000-0002-2343-5899,Medicine,1,5,2023,2018,3414,5.3,8.99,0.4758,0.8172,0.5413,0.4789,39,25,71,39,2012
Katalin Karikó,0000-0002-2343-5899,Medicine,1,10,2023,2013,848,3.5,6.7,0.4383,0.8197,0.5004,0.5,33,13,64,41,2012
Drew Weissman,0000-0002-4448-8933,Medicine,1,0,2023,2023,18558,11.4,14.45,0.4241,0.7868,0.5343,0.3697,102,58,238,177,2012
Drew Weissman,0000-0002-4448-8933,Medicine,1,5,2023,2018,3274,6.82,8.81,0.5443,0.8083,0.6128,0.5699,53,28,93,72,2012
Drew Weissman,0000-0002-4448-8933,Medicine,1,10,2023,2013,835,4.81,7.26,0.4818,0.8232,0.5556,0.589,41,15,73,57,2012
Svante Pääbo,0000-0002-5613-2926,Medicine,1,0,2022,2022,44100,11.3,12.66,0.444,0.6983,0.525,0.5034,76,99,294,193,2012
Svante Pääbo,0000-0002-5613-2926,Medicine,1,5,2022,2017,20975,9.77,10.92,0.4506,0.7255,0.5144,0.5458,77,73,273,162,2012
Svante Pääbo,0000-0002-5613-2926,Medicine,1,10,2022,2012,2814,7.08,7.85,0.4551,0.7658,0.526,0.5469,70,25,245,137,2012
David Julius,0000-0002-6942-9277,Medicine,1,0,2021,2021,19616,5.33,7.88,0.3422,0.7586,0.4602,0.2721,43,50,147,44,2012
David Julius,0000-0002-6942-9277,Medicine,1,5,2021,2016,14146,5.65,8.11,0.3397,0.7559,0.4312,0.3411,44,46,129,41,2012
David Julius,0000-0002-6942-9277,Medicine,1,10,2021,2011,17,5.8,8.52,0.3401,0.7496,0.4147,0.4037,41,1,109,41,2012
Ardem Patapoutian,0000-0002-2278-5397,Medicine,1,0,2021,2021,20233,7.99,8.83,0.4405,0.7749,0.5397,0.3623,42,68,138,66,2012
Ardem Patapoutian,0000-0002-2278-5397,Medicine,1,5,2021,2016,8058,6.78,7.69,0.4774,0.7695,0.5736,0.4141,34,45,99,40,2012
Ardem Patapoutian,0000-0002-2278-5397,Medicine,1,10,2021,2011,1,4.89,5.58,0.4906,0.7681,0.6099,0.4923,29,1,65,30,2012
Harvey J. Alter,0000-0003-0748-3965,Medicine,1,0,2020,2020,4152,5.3,7.65,0.5945,0.7289,0.642,0.4451,46,36,182,135,2012
Harvey J. Alter,0000-0003-0748-3965,Medicine,1,5,2020,2015,2810,5.53,7.81,0.6251,0.7169,0.655,0.5652,44,31,161,118,2012
Harvey J. Alter,0000-0003-0748-3965,Medicine,1,10,2020,2010,54,4.9,7.23,0.6188,0.7141,0.6439,0.5563,40,3,142,94,2012
Michael Houghton,0000-0001-8002-0977,Medicine,1,0,2020,2020,3279,8.68,10.99,0.4409,0.7265,0.5193,0.4926,70,32,136,86,2012
Michael Houghton,0000-0001-8002-0977,Medicine,1,5,2020,2015,2565,8.02,10.58,0.4661,0.7271,0.5336,0.5414,60,24,133,79,2012
Michael Houghton,0000-0001-8002-0977,Medicine,1,10,2020,2010,99,7.67,10.17,0.4664,0.7268,0.5303,0.5422,53,6,166,91,2012
Charles M. Rice,0000-0001-5622-7397,Medicine,1,0,2020,2020,32725,8.94,10.69,0.4803,0.7499,0.5584,0.4779,100,93,429,274,2012
Charles M. Rice,0000-0001-5622-7397,Medicine,1,5,2020,2015,14879,6.59,8.03,0.4793,0.7448,0.5458,0.5216,77,62,347,221,2012
Charles M. Rice,0000-0001-5622-7397,Medicine,1,10,2020,2010,37,5.08,6.14,0.4626,0.7366,0.528,0.5185,53,4,243,164,2012
William G. Kaelin Jr.,0000-0002-5473-2556,Medicine,1,0,2019,2019,16941,6.56,7.45,0.354,0.827,0.4912,0.3577,82,67,260,126,2012
William G. Kaelin Jr.,0000-0002-5473-2556,Medicine,1,5,2019,2014,7412,4.88,5.69,0.3449,0.8323,0.4714,0.3802,85,49,263,122,2012
William G. Kaelin Jr.,0000-0002-5473-2556,Medicine,1,10,2019,2009,22,3.86,4.63,0.3437,0.8285,0.489,0.4009,77,2,232,107,2012
Peter J. Ratcliffe,0000-0003-1292-8707,Medicine,1,0,2019,2019,21170,7.54,9.54,0.4403,0.7849,0.5929,0.354,155,69,339,193,2012
Peter J. Ratcliffe,0000-0003-1292-8707,Medicine,1,5,2019,2014,9624,6.61,8.47,0.4384,0.7714,0.5755,0.3701,144,44,335,190,2012
Peter J. Ratcliffe,0000-0003-1292-8707,Medicine,1,10,2019,2009,98,5.17,6.77,0.4398,0.7613,0.5827,0.3907,129,5,302,160,2012
Gregg L. Semenza,0000-0003-4515-6180,Medicine,1,0,2019,2019,42766,5.47,6.41,0.4308,0.8326,0.5381,0.3912,158,109,432,291,2012
Gregg L. Semenza,0000-0003-4515-6180,Medicine,1,5,2019,2014,18249,5.24,6.15,0.4253,0.8403,0.5329,0.3863,152,73,409,283,2012
Gregg L. Semenza,0000-0003-4515-6180,Medicine,1,10,2019,2009,21,4.45,5.35,0.4195,0.8422,0.5339,0.3671,123,2,286,201,2012
James P. Allison,0000-0003-0546-0370,Medicine,1,0,2018,2018,25453,9.75,12.7,0.5247,0.7922,0.6442,0.4556,91,81,349,251,2012
James P. Allison,0000-0003-0546-0370,Medicine,1,5,2018,2013,5246,5.86,7.8,0.5212,0.8154,0.5889,0.5673,78,42,245,157,2012
James P. Allison,0000-0003-0546-0370,Medicine,1,10,2018,2008,95,4.12,5.35,0.4776,0.8194,0.5206,0.5561,69,5,223,133,2012
Tasuku Honjo,0000-0002-4658-9175,Medicine,1,0,2018,2018,20221,6.25,7.51,0.4825,0.827,0.5785,0.492,120,65,313,178,2012
Tasuku Honjo,0000-0002-4658-9175,Medicine,1,5,2018,2013,5948,6.04,6.94,0.4755,0.8265,0.5534,0.5281,126,40,356,205,2012
Tasuku Honjo,0000-0002-4658-9175,Medicine,1,10,2018,2008,318,5.91,6.68,0.4817,0.8288,0.5496,0.5585,123,11,376,205,2012
Jeffrey C. Hall,0000-0002-2172-8968,Medicine,1,0,2017,2017,20,18.64,35.88,0.293,0.8529,0.0,0.0,12,3,25,20,2012
Jeffrey C. Hall,0000-0002-2172-8968,Medicine,1,5,2017,2012,2,17.55,23.09,0.4286,0.8241,0.0,0.0,7,1,11,8,2012
Jeffrey C. Hall,0000-0002-2172-8968,Medicine,1,10,2017,2007,0,27.83,32.5,0.3417,0.8276,0.0,0.0,4,0,6,5,2020
Michael Rosbash,0000-0003-2845-2460,Medicine,1,0,2017,2017,5475,4.21,4.71,0.3699,0.8159,0.4645,0.427,42,44,185,103,2012
Michael Rosbash,0000-0003-2845-2460,Medicine,1,5,2017,2012,1047,3.69,4.22,0.3511,0.8245,0.458,0.4041,40,17,193,96,2012
Michael Rosbash,0000-0003-2845-2460,Medicine,1,10,2017,2007,68,3.42,3.91,0.3693,0.8312,0.4779,0.4143,44,3,210,105,2012
Michael W. Young,0000-0002-6381-5668,Medicine,1,0,2017,2017,174,12.18,20.64,0.3644,0.7713,0.5854,0.2045,23,6,44,24,2012
Michael W. Young,0000-0002-6381-5668,Medicine,1,5,2017,2012,33,9.11,16.81,0.2719,0.8184,0.4497,0.1892,21,2,37,22,2012
Michael W. Young,0000-0002-6381-5668,Medicine,1,10,2017,2007,8,14.69,23.28,0.1736,0.8335,0.2765,0.1111,19,2,36,21,2012
Yoshinori Ohsumi,0000-0002-4083-6541,Medicine,1,0,2016,2016,16830,3.86,4.35,0.4877,0.7877,0.5978,0.2645,75,62,397,156,2012
Yoshinori Ohsumi,0000-0002-4083-6541,Medicine,1,5,2016,2011,13,3.32,3.69,0.474,0.7958,0.5659,0.2746,61,2,346,132,2012
Yoshinori Ohsumi,0000-0002-4083-6541,Medicine,1,10,2016,2006,59,3.09,3.56,0.4999,0.8095,0.5744,0.292,49,4,274,100,2012
William C. Campbell,0000-0002-8547-5166,Medicine,1,0,2015,2015,2549,3.94,7.01,0.5675,0.6283,0.8163,0.5152,71,21,132,92,2012
William C. Campbell,0000-0002-8547-5166,Medicine,1,5,2015,2010,47,3.75,6.17,0.6739,0.687,0.779,0.5806,83,3,124,71,2012
William C. Campbell,0000-0002-8547-5166,Medicine,1,10,2015,2005,77,3.41,5.7,0.6409,0.6841,0.7364,0.5859,81,5,128,76,2012
Satoshi Ōmura,0000-0003-1676-5972,Medicine,1,0,2015,2015,3120,6.31,7.12,0.4141,0.8034,0.5982,0.358,104,22,500,261,2012
Satoshi Ōmura,0000-0003-1676-5972,Medicine,1,5,2015,2010,29,5.99,6.57,0.4116,0.8039,0.5882,0.3528,85,3,360,201,2012
Satoshi Ōmura,0000-0003-1676-5972,Medicine,1,10,2015,2005,15,5.9,6.19,0.3328,0.7996,0.5595,0.2171,34,2,129,70,2012
Tu Youyou,0000-0002-2467-4911,Medicine,1,0,2015,2015,170,2.69,3.31,0.3978,0.7666,0.4682,0.4615,4,4,13,8,2012
Tu Youyou,0000-0002-2467-4911,Medicine,1,5,2015,2010,1,2.92,3.58,0.4239,0.7667,0.5344,0.4167,3,1,12,8,2012
Tu Youyou,0000-0002-2467-4911,Medicine,1,10,2015,2005,17,2.45,3.64,0.4691,0.752,0.6177,0.4545,2,1,11,8,2012
John O'Keefe,0000-0001-5829-2926,Medicine,1,0,2014,2014,1516,4.39,6.88,0.4661,0.7069,0.664,0.3692,84,18,260,132,2012
John O'Keefe,0000-0001-5829-2926,Medicine,1,5,2014,2009,79,4.01,6.38,0.4898,0.6987,0.6292,0.4603,73,5,189,91,2012
John O'Keefe,0000-0001-5829-2926,Medicine,1,10,2014,2004,147,3.36,5.55,0.5025,0.7046,0.6075,0.5524,57,7,143,78,2012
May-Britt Moser,0000-0003-4071-1145,Medicine,1,0,2014,2014,5038,3.89,4.77,0.4613,0.7877,0.5084,0.5851,34,37,94,44,2012
May-Britt Moser,0000-0003-4071-1145,Medicine,1,5,2014,2009,1,3.5,4.34,0.4384,0.794,0.4841,0.625,24,1,56,33,2012
May-Britt Moser,0000-0003-4071-1145,Medicine,1,10,2014,2004,0,2.66,3.84,0.4372,0.7938,0.4977,0.5625,17,0,32,23,2012
Edvard I. Moser,0000-0002-5830-2259,Medicine,1,0,2014,2014,5754,2.18,3.11,0.1801,0.7686,0.4978,0.2061,44,44,330,88,2012
Edvard I. Moser,0000-0002-5830-2259,Medicine,1,5,2014,2009,2,1.95,2.62,0.1635,0.7728,0.4588,0.2054,30,1,224,63,2012
Edvard I. Moser,0000-0002-5830-2259,Medicine,1,10,2014,2004,1,1.99,3.15,0.1867,0.7646,0.4543,0.2474,22,1,97,36,2012
James E. Rothman,0000-0001-8653-8650,Medicine,1,0,2013,2013,1763,5.23,5.79,0.4032,0.865,0.4378,0.5065,27,20,77,46,2012
James E. Rothman,0000-0001-8653-8650,Medicine,1,5,2013,2008,45,4.86,5.18,0.4481,0.8718,0.4714,0.5059,25,2,85,47,2012
James E. Rothman,0000-0001-8653-8650,Medicine,1,10,2013,2003,96,4.21,4.51,0.4298,0.872,0.4724,0.4494,24,3,89,45,2012
Randy W. Schekman,0000-0001-8615-6409,Medicine,1,0,2013,2013,1797,3.19,3.65,0.3242,0.8427,0.432,0.3316,39,23,196,125,2012
Randy W. Schekman,0000-0001-8615-6409,Medicine,1,5,2013,2008,57,3.0,3.33,0.3607,0.8734,0.4545,0.4032,37,4,186,111,2012
Randy W. Schekman,0000-0001-8615-6409,Medicine,1,10,2013,2003,116,3.05,3.37,0.394,0.8755,0.487,0.4396,39,5,182,113,2012
Thomas C. Südhof,0000-0001-9319-0149,Medicine,1,0,2013,2013,9257,4.65,5.23,0.5009,0.8477,0.5665,0.5821,71,46,414,226,2012
Thomas C. Südhof,0000-0001-9319-0149,Medicine,1,5,2013,2008,16,4.34,4.88,0.5236,0.8503,0.5906,0.5914,58,3,350,193,2012
Thomas C. Südhof,0000-0001-9319-0149,Medicine,1,10,2013,2003,310,3.83,4.5,0.508,0.8528,0.5525,0.6061,53,8,264,148,2012
John B. Gurdon,0000-0002-8395-5467,Medicine,1,0,2012,2012,622,2.12,2.73,0.4065,0.8484,0.5511,0.4406,59,14,143,74,2012
John B. Gurdon,0000-0002-8395-5467,Medicine,1,5,2012,2007,92,1.94,2.63,0.4391,0.8456,0.56,0.4173,43,5,127,55,2012
John B. Gurdon,0000-0002-8395-5467,Medicine,1,10,2012,2002,260,1.89,2.55,0.3974,0.8345,0.5397,0.3359,43,9,131,51,2012
Shinya Yamanaka,0000-0001-9469-1494,Medicine,1,0,2012,2012,7033,6.74,7.96,0.4593,0.8238,0.5119,0.5086,95,30,232,128,2012
Shinya Yamanaka,0000-0001-9469-1494,Medicine,1,5,2012,2007,30,4.19,6.02,0.4574,0.8015,0.5244,0.5566,49,3,106,61,2012
Shinya Yamanaka,0000-0001-9469-1494,Medicine,1,10,2012,2002,30,3.59,6.35,0.4632,0.7676,0.503,0.5686,22,3,51,29,2012
Bruce A. Beutler,0000-0002-5482-6695,Medicine,1,0,2011,2011,31,4.89,5.74,0.3789,0.835,0.4923,0.4027,114,3,293,164,2012
Bruce A. Beutler,0000-0002-5482-6695,Medicine,1,5,2011,2006,143,3.75,4.57,0.3509,0.8233,0.4513,0.3648,95,7,244,128,2012
Bruce A. Beutler,0000-0002-5482-6695,Medicine,1,10,2011,2001,139,2.82,3.67,0.3692,0.7993,0.4514,0.369,72,7,168,89,2012
Jules A. Hoffmann,0000-0001-8316-6514,Medicine,1,0,2011,2011,4,4.76,5.99,0.3838,0.8296,0.4426,0.4205,40,1,88,41,2012
Jules A. Hoffmann,0000-0001-8316-6514,Medicine,1,5,2011,2006,6,4.69,5.77,0.3705,0.8365,0.4192,0.44,34,2,75,33,2012
Jules A. Hoffmann,0000-0001-8316-6514,Medicine,1,10,2011,2001,6,4.64,5.26,0.3732,0.8383,0.4366,0.4894,26,2,47,26,2012
Elizabeth H. Blackburn,0000-0001-6327-8544,Medicine,1,0,2009,2009,101,2.72,3.77,0.4029,0.7784,0.5399,0.3832,66,6,167,109,2012
Elizabeth H. Blackburn,0000-0001-6327-8544,Medicine,1,5,2009,2004,116,2.33,3.24,0.3865,0.7924,0.4923,0.4012,51,6,162,103,2012
Elizabeth H. Blackburn,0000-0001-6327-8544,Medicine,1,10,2009,1999,110,2.13,2.44,0.397,0.8047,0.4764,0.4206,33,6,126,73,2012
Carol W. Greider,0000-0002-3504-2562,Medicine,1,0,2009,2009,19,3.17,3.64,0.421,0.7794,0.4723,0.4848,43,2,99,54,2012
Carol W. Greider,0000-0002-3504-2562,Medicine,1,5,2009,2004,19,2.9,3.49,0.4064,0.7857,0.4551,0.4643,36,2,84,42,2012
Carol W. Greider,0000-0002-3504-2562,Medicine,1,10,2009,1999,19,2.98,3.84,0.4016,0.7817,0.4645,0.4286,33,2,63,31,2012
Jack W. Szostak,0000-0003-2322-3106,Medicine,1,0,2009,2009,68,3.05,3.44,0.3758,0.8513,0.4561,0.4765,58,4,170,102,2012
Jack W. Szostak,0000-0003-2322-3106,Medicine,1,5,2009,2004,101,3.04,3.41,0.3386,0.8565,0.4375,0.4122,47,6,148,84,2012
Jack W. Szostak,0000-0003-2322-3106,Medicine,1,10,2009,1999,151,2.87,3.3,0.3344,0.8555,0.4124,0.4326,37,7,141,76,2012
Harald zur Hausen,0000-0001-8939-7527,Medicine,1,0,2008,2008,64,2.32,2.88,0.3774,0.7151,0.5249,0.1828,47,4,279,77,2012
Harald zur Hausen,0000-0001-8939-7527,Medicine,1,5,2008,2003,187,2.57,2.71,0.3857,0.715,0.4946,0.2282,51,8,298,75,2012
Harald zur Hausen,0000-0001-8939-7527,Medicine,1,10,2008,1998,479,2.66,2.87,0.3724,0.7165,0.4739,0.2476,50,13,315,81,2012
Françoise Barré-Sinoussi,0000-0003-2804-5957,Medicine,1,0,2008,2008,113,7.34,9.32,0.4812,0.8002,0.6029,0.5252,46,6,139,107,2012
Françoise Barré-Sinoussi,0000-0003-2804-5957,Medicine,1,5,2008,2003,196,6.23,8.66,0.4414,0.7817,0.5584,0.5075,45,8,134,84,2012
Françoise Barré-Sinoussi,0000-0003-2804-5957,Medicine,1,10,2008,1998,186,5.41,8.25,0.431,0.7784,0.5246,0.5208,39,8,96,51,2012
Mario R. Capecchi,0000-0003-0382-2729,Medicine,1,0,2007,2007,49,3.57,4.4,0.5012,0.845,0.5408,0.56,42,4,125,69,2012
Mario R. Capecchi,0000-0003-0382-2729,Medicine,1,5,2007,2002,71,2.94,3.19,0.4949,0.8652,0.5402,0.5806,28,4,93,53,2012
Mario R. Capecchi,0000-0003-0382-2729,Medicine,1,10,2007,1997,70,2.94,3.2,0.4817,0.8687,0.5192,0.6,24,4,65,35,2012
Andrew Z. Fire,0000-0002-9103-7449,Medicine,1,0,2006,2006,8,3.37,4.06,0.3693,0.8747,0.4068,0.5128,31,1,78,51,2012
Andrew Z. Fire,0000-0002-9103-7449,Medicine,1,5,2006,2001,0,3.88,4.78,0.3707,0.8679,0.3958,0.5224,27,0,67,42,2012
Andrew Z. Fire,0000-0002-9103-7449,Medicine,1,10,2006,1996,82,3.3,4.65,0.3884,0.8556,0.4363,0.4865,20,2,37,24,2012
Craig C. Mello,0000-0002-4741-6876,Medicine,1,0,2006,2006,1,5.07,6.0,0.458,0.8475,0.4904,0.439,18,1,41,12,2012
Craig C. Mello,0000-0002-4741-6876,Medicine,1,5,2006,2001,0,4.3,5.75,0.3073,0.8399,0.3073,0.4,8,0,20,6,2012
Craig C. Mello,0000-0002-4741-6876,Medicine,1,10,2006,1996,0,2.27,4.64,0.3889,0.8024,0.3889,0.2727,7,0,11,4,2012
Barry J. Marshall,0000-0001-9322-1323,Medicine,1,0,2005,2005,107,3.02,4.73,0.5504,0.6827,0.6241,0.4771,55,6,153,75,2012
Barry J. Marshall,0000-0001-9322-1323,Medicine,1,5,2005,2000,109,2.92,4.76,0.5356,0.6885,0.5877,0.4922,41,6,128,61,2012
Barry J. Marshall,0000-0001-9322-1323,Medicine,1,10,2005,1995,86,2.44,4.76,0.5031,0.685,0.5298,0.5,29,6,80,34,2012
John J. Hopfield,0000-0002-6976-6069,Physics,1,0,2024,2024,628,1.71,2.5,0.3275,0.7117,0.0,0.0,12,12,28,23,2012
John J. Hopfield,0000-0002-6976-6069,Physics,1,5,2024,2019,569,1.62,2.27,0.3363,0.7018,0.5406,0.0889,23,12,45,33,2012
John J. Hopfield,0000-0002-6976-6069,Physics,1,10,2024,2014,1003,1.6,2.17,0.3382,0.7123,0.5134,0.1552,30,12,58,38,2012
Geoffrey E. Hinton,0000-0003-4373-3611,Physics,1,0,2024,2024,342152,3.12,3.96,0.3014,0.6244,0.3554,0.0632,40,97,190,161,2012
Geoffrey E. Hinton,0000-0003-4373-3611,Physics,1,5,2024,2019,140695,2.52,3.05,0.3205,0.6205,0.5165,0.0667,47,80,195,166,2012
Geoffrey E. Hinton,0000-0003-4373-3611,Physics,1,10,2024,2014,10853,2.17,2.74,0.3265,0.6249,0.5678,0.0872,46,50,195,163,2012
Pierre Agostini,0000-0002-8817-3487,Physics,1,0,2023,2023,5678,5.6,8.55,0.27,0.8511,0.3872,0.0213,44,29,141,89,2012
Pierre Agostini,0000-0002-8817-3487,Physics,1,5,2023,2018,4365,5.75,7.95,0.2377,0.8579,0.2917,0.0074,38,26,135,84,2012
Pierre Agostini,0000-0002-8817-3487,Physics,1,10,2023,2013,1203,5.7,8.3,0.2517,0.8721,0.0,0.0,35,15,118,77,2012
Ferenc Krausz,0000-0002-2843-9471,Physics,1,0,2023,2023,17715,8.53,9.75,0.2879,0.8503,0.8607,0.04,87,61,500,431,2012
Ferenc Krausz,0000-0002-2843-9471,Physics,1,5,2023,2018,9624,8.52,9.67,0.2828,0.8504,0.8893,0.0372,73,43,403,342,2012
Ferenc Krausz,0000-0002-2843-9471,Physics,1,10,2023,2013,2144,8.79,10.15,0.2856,0.8551,0.8893,0.0615,46,20,244,205,2012
Anne L'Huillier,0000-0003-2613-9191,Physics,1,0,2023,2023,7097,9.33,10.88,0.3129,0.8718,0.819,0.015,72,44,266,238,2012
Anne L'Huillier,0000-0003-2613-9191,Physics,1,5,2023,2018,3799,8.4,10.05,0.3045,0.8683,0.7844,0.0226,60,31,221,189,2012
Anne L'Huillier,0000-0003-2613-9191,Physics,1,10,2023,2013,1620,6.52,8.33,0.2971,0.8655,0.9075,0.0211,52,19,190,154,2012
Alain Aspect,0000-0002-3956-0474,Physics,1,0,2022,2022,5266,3.23,4.61,0.2021,0.8191,0.0,0.0,48,33,470,359,2012
Alain Aspect,0000-0002-3956-0474,Physics,1,5,2022,2017,2891,3.36,4.66,0.1981,0.8209,0.0,0.0,50,24,468,353,2012
Alain Aspect,0000-0002-3956-0474,Physics,1,10,2022,2012,533,3.71,5.22,0.2073,0.8217,0.0,0.0,41,11,334,240,2012
John F. Clauser,0000-0003-0347-1130,Physics,1,0,2022,2022,19,1.33,1.5,0.15,0.7133,0.0,0.0,4,3,6,1,2012
John F. Clauser,0000-0003-0347-1130,Physics,1,5,2022,2017,20,1.33,1.5,0.1555,0.7133,0.0,0.0,3,3,6,1,2012
John F. Clauser,0000-0003-0347-1130,Physics,1,10,2022,2012,11,1.35,1.83,0.3704,0.7596,0.0,0.0,10,2,23,16,2012
Anton Zeilinger,0000-0003-4832-0849,Physics,1,0,2022,2022,18703,6.15,6.47,0.2948,0.7365,0.6736,0.0091,79,66,329,236,2012
Anton Zeilinger,0000-0003-4832-0849,Physics,1,5,2022,2017,13106,5.35,5.65,0.2853,0.7415,0.55,0.0127,86,57,393,265,2012
Anton Zeilinger,0000-0003-4832-0849,Physics,1,10,2022,2012,2675,4.89,5.22,0.2781,0.7491,0.4792,0.0077,80,26,390,251,2012
Syukuro Manabe,0000-0002-0335-3190,Physics,1,0,2021,2021,652,2.97,7.44,0.2444,0.6209,0.8438,0.0294,17,11,34,11,2012
Syukuro Manabe,0000-0002-0335-3190,Physics,1,5,2021,2016,845,2.98,6.31,0.1903,0.6503,0.8438,0.0204,23,15,49,25,2012
Syukuro Manabe,0000-0002-0335-3190,Physics,1,10,2021,2011,34,2.73,5.55,0.1722,0.6473,0.0,0.0,23,3,64,35,2012
Klaus Hasselmann,0000-0001-8336-2130,Physics,1,0,2021,2021,943,3.3,6.52,0.2152,0.5927,0.6528,0.0448,36,14,67,24,2012
Klaus Hasselmann,0000-0001-8336-2130,Physics,1,5,2021,2016,761,3.06,4.73,0.2188,0.6187,0.6528,0.0319,45,14,94,33,2012
Klaus Hasselmann,0000-0001-8336-2130,Physics,1,10,2021,2011,45,3.13,4.77,0.2069,0.6532,0.6528,0.027,43,4,111,45,2012
Giorgio Parisi,0000-0002-2190-883X,Physics,1,0,2021,2021,9842,3.79,5.63,0.2519,0.7612,0.607,0.0375,98,48,427,333,2012
Giorgio Parisi,0000-0002-2190-883X,Physics,1,5,2021,2016,4710,3.33,4.8,0.2581,0.7622,0.6046,0.0377,84,30,398,305,2012
Giorgio Parisi,0000-0002-2190-883X,Physics,1,10,2021,2011,86,3.22,4.52,0.2308,0.7619,0.4408,0.0177,66,5,282,214,2012
Roger Penrose,0000-0003-2552-0916,Physics,1,0,2020,2020,3790,2.27,2.69,0.1649,0.7206,0.3333,0.0079,42,25,127,54,2012
Roger Penrose,0000-0003-2552-0916,Physics,1,5,2020,2015,2018,1.64,1.95,0.1872,0.717,0.3333,0.0067,54,20,149,63,2012
Roger Penrose,0000-0003-2552-0916,Physics,1,10,2020,2010,29,1.37,1.6,0.1918,0.6964,0.3333,0.0067,64,3,150,60,2012
Reinhard Genzel,0000-0002-2767-9653,Physics,1,0,2020,2020,24550,8.39,18.92,0.1794,0.8621,0.0,0.0,69,80,500,377,2012
Reinhard Genzel,0000-0002-2767-9653,Physics,1,5,2020,2015,9845,7.48,16.12,0.1774,0.8599,0.0,0.0,58,52,396,292,2012
Reinhard Genzel,0000-0002-2767-9653,Physics,1,10,2020,2010,42,6.3,13.36,0.1811,0.8567,0.0,0.0,43,3,276,190,2012
Andrea Ghez,0000-0003-3230-5055,Physics,1,0,2020,2020,4146,4.07,8.67,0.2014,0.8662,0.0,0.0,76,33,314,173,2012
Andrea Ghez,0000-0003-3230-5055,Physics,1,5,2020,2015,1858,3.58,7.31,0.1936,0.863,0.0,0.0,72,22,303,155,2012
Andrea Ghez,0000-0003-3230-5055,Physics,1,10,2020,2010,57,3.31,6.94,0.1854,0.86,0.0,0.0,60,4,250,131,2012
James Peebles,0000-0002-0949-7549,Physics,1,0,2019,2019,2769,1.91,2.49,0.1892,0.8606,0.0,0.0,37,15,90,68,2012
James Peebles,0000-0002-0949-7549,Physics,1,5,2019,2014,1210,2.06,2.66,0.1789,0.8525,0.25,0.0093,34,12,108,77,2012
James Peebles,0000-0002-0949-7549,Physics,1,10,2019,2009,21,1.72,2.26,0.1691,0.8505,0.25,0.0083,33,2,120,73,2012
Michel Mayor,0000-0003-0456-3728,Physics,1,0,2019,2019,19072,9.5,16.04,0.1439,0.8845,0.625,0.004,73,75,500,416,2012
Michel Mayor,0000-0003-0456-3728,Physics,1,5,2019,2014,7122,8.48,14.44,0.1379,0.8834,0.625,0.0047,66,44,424,352,2012
Michel Mayor,0000-0003-0456-3728,Physics,1,10,2019,2009,56,7.49,12.94,0.1357,0.8851,1.0,0.0035,45,4,286,238,2012
Didier Queloz,0000-0002-1248-3967,Physics,1,0,2019,2019,12404,16.04,22.8,0.1368,0.8746,0.0,0.0,53,59,500,363,2012
Didier Queloz,0000-0002-1248-3967,Physics,1,5,2019,2014,3355,16.13,22.37,0.1264,0.875,0.0,0.0,44,28,318,230,2012
Gérard Mourou,0000-0002-6966-6009,Physics,1,0,2018,2018,5459,6.2,7.76,0.267,0.8029,0.7765,0.0206,81,36,339,254,2012
Gérard Mourou,0000-0002-6966-6009,Physics,1,5,2018,2013,2002,5.53,6.89,0.2657,0.8032,0.7835,0.0154,78,22,390,303,2012
Gérard Mourou,0000-0002-6966-6009,Physics,1,10,2018,2008,189,5.05,6.2,0.2661,0.8022,0.8352,0.0107,69,7,374,285,2012
Donna Strickland,0000-0003-0335-6318,Physics,1,0,2018,2018,99,2.81,3.43,0.246,0.8179,0.3081,0.0741,20,7,54,42,2012
Donna Strickland,0000-0003-0335-6318,Physics,1,5,2018,2013,42,3.0,3.72,0.2559,0.8078,0.4036,0.0465,18,4,43,31,2012
Donna Strickland,0000-0003-0335-6318,Physics,1,10,2018,2008,2,3.17,4.21,0.2562,0.8193,0.5417,0.0192,26,1,52,42,2012
Rainer Weiss,0000-0003-0974-2988,Physics,1,0,2017,2017,0,2.33,2.33,0.5834,0.6,0.0,0.0,3,0,3,2,
Rainer Weiss,0000-0003-0974-2988,Physics,1,5,2017,2012,0,2.5,2.5,0.2,0.45,0.0,0.0,2,0,2,1,
Rainer Weiss,0000-0003-0974-2988,Physics,1,10,2017,2007,0,4.0,4.0,0.2,0.2,0.0,0.0,1,0,1,1,
Barry C. Barish,0000-0002-8763-1072,Physics,1,0,2017,2017,6067,22.03,67.93,0.2451,0.8076,0.0,0.0,48,35,148,111,2012
Barry C. Barish,0000-0002-8763-1072,Physics,1,5,2017,2012,760,24.75,72.57,0.1866,0.8309,0.0,0.0,39,14,189,139,2012
Barry C. Barish,0000-0002-8763-1072,Physics,1,10,2017,2007,410,26.03,79.47,0.173,0.8619,0.0,0.0,31,14,204,144,2012
Kip S. Thorne,0000-0002-4766-8499,Physics,1,0,2017,2017,934,3.33,3.98,0.2309,0.7709,0.0,0.0,23,15,58,37,2012
Kip S. Thorne,0000-0002-4766-8499,Physics,1,5,2017,2012,255,3.26,3.78,0.2117,0.8078,0.0,0.0,32,8,73,41,2012
Kip S. Thorne,0000-0002-4766-8499,Physics,1,10,2017,2007,32,2.69,3.0,0.1969,0.8027,0.0,0.0,29,3,80,57,2012
F. Duncan M. Haldane,0000-0002-0384-0886,Physics,1,0,2016,2016,2405,2.11,2.42,0.2157,0.8449,0.0,0.0,15,21,112,65,2012
F. Duncan M. Haldane,0000-0002-0384-0886,Physics,1,5,2016,2011,9,1.93,2.25,0.2065,0.834,0.0,0.0,19,2,103,63,2012
F. Duncan M. Haldane,0000-0002-0384-0886,Physics,1,10,2016,2006,8,1.8,2.21,0.1965,0.8499,0.0,0.0,17,2,86,57,2012
J. Michael Kosterlitz,0000-0002-4292-5335,Physics,1,0,2016,2016,72,2.4,3.2,0.2566,0.7505,0.0,0.0,11,4,15,12,2012
J. Michael Kosterlitz,0000-0002-4292-5335,Physics,1,5,2016,2011,15,1.62,1.79,0.2132,0.574,0.2125,0.0588,9,3,34,22,2012
J. Michael Kosterlitz,0000-0002-4292-5335,Physics,1,10,2016,2006,46,1.44,1.61,0.24,0.5726,0.2042,0.0806,9,4,62,35,2012
Takaaki Kajita,0000-0002-4357-7450,Physics,1,0,2015,2015,487,2.74,5.32,0.1905,0.8744,0.0,0.0,41,11,88,44,2012
Takaaki Kajita,0000-0002-4357-7450,Physics,1,5,2015,2010,40,3.61,9.81,0.1891,0.8789,0.0,0.0,39,4,97,45,2012
Takaaki Kajita,0000-0002-4357-7450,Physics,1,10,2015,2005,77,3.76,15.2,0.161,0.8825,0.0,0.0,29,4,89,43,2012
Arthur B. McDonald,0000-0003-1161-4238,Physics,1,0,2015,2015,444,24.98,33.57,0.215,0.8656,0.0,0.0,28,10,46,25,2012
Arthur B. McDonald,0000-0003-1161-4238,Physics,1,5,2015,2010,47,20.22,27.88,0.2333,0.8646,0.0,0.0,22,3,41,20,2012
Arthur B. McDonald,0000-0003-1161-4238,Physics,1,10,2015,2005,40,17.41,25.24,0.2314,0.8952,0.0,0.0,14,2,34,18,2012
Hiroshi Amano,0000-0002-2128-1708,Physics,1,0,2014,2014,1716,5.87,7.7,0.242,0.7827,0.636,0.032,106,17,500,343,2012
Hiroshi Amano,0000-0002-2128-1708,Physics,1,5,2014,2009,44,5.89,7.63,0.2311,0.7884,0.5127,0.0214,66,3,281,180,2012
Hiroshi Amano,0000-0002-2128-1708,Physics,1,10,2014,2004,26,5.82,7.35,0.2055,0.7955,0.3333,0.013,32,3,77,47,2012
Shuji Nakamura,0000-0002-3761-1197,Physics,1,0,2014,2014,5757,6.04,7.01,0.234,0.8207,0.8344,0.01,78,35,500,396,2012
Shuji Nakamura,0000-0002-3761-1197,Physics,1,5,2014,2009,59,5.67,6.63,0.23,0.8174,0.908,0.0088,65,4,341,257,2012
Shuji Nakamura,0000-0002-3761-1197,Physics,1,10,2014,2004,44,4.4,5.33,0.2277,0.8212,0.0,0.0,36,3,141,85,2012
François Englert,0000-0002-5340-8046,Physics,1,0,2013,2013,48,1.29,2.52,0.2111,0.8223,0.5,0.0323,11,4,31,21,2012
François Englert,0000-0002-5340-8046,Physics,1,5,2013,2008,19,1.38,3.0,0.1722,0.8111,0.5,0.0417,8,3,24,17,2012
François Englert,0000-0002-5340-8046,Physics,1,10,2013,2003,14,1.46,2.58,0.1524,0.8032,0.0,0.0,9,2,26,16,2012
Peter Higgs,0000-0002-6569-2937,Physics,1,0,2013,2013,183,2.59,4.9,0.4406,0.6351,0.5907,0.411,40,6,73,39,2012
Peter Higgs,0000-0002-6569-2937,Physics,1,5,2013,2008,26,2.4,3.9,0.4739,0.6173,0.6399,0.3333,25,2,42,22,2012
Peter Higgs,0000-0002-6569-2937,Physics,1,10,2013,2003,25,2.1,3.14,0.3875,0.6005,0.6528,0.1429,12,2,21,7,2012
Serge Haroche,0000-0002-1442-2881,Physics,1,0,2012,2012,857,4.47,5.58,0.2453,0.7853,0.0,0.0,65,15,206,135,2012
Serge Haroche,0000-0002-1442-2881,Physics,1,5,2012,2007,43,4.14,4.91,0.2409,0.7929,0.0,0.0,63,4,187,121,2012
Serge Haroche,0000-0002-1442-2881,Physics,1,10,2012,2002,38,3.82,4.46,0.2264,0.8071,0.0,0.0,58,3,167,100,2012
David J. Wineland,0000-0003-3895-5710,Physics,1,0,2012,2012,1189,6.51,7.42,0.2466,0.7752,0.0,0.0,59,18,264,141,2012
David J. Wineland,0000-0003-3895-5710,Physics,1,5,2012,2007,123,5.91,7.02,0.2541,0.7837,0.0,0.0,57,6,245,143,2012
David J. Wineland,0000-0003-3895-5710,Physics,1,10,2012,2002,148,4.57,5.64,0.2509,0.8021,0.0,0.0,56,7,215,127,2012
Saul Perlmutter,0000-0002-9589-2701,Physics,1,0,2011,2011,63,15.8,25.68,0.1532,0.868,0.0,0.0,67,4,446,159,2012
Saul Perlmutter,0000-0002-9589-2701,Physics,1,5,2011,2006,73,13.76,23.65,0.1623,0.8692,0.0,0.0,58,4,346,102,2012
Saul Perlmutter,0000-0002-9589-2701,Physics,1,10,2011,2001,107,9.11,16.59,0.15,0.8643,0.0,0.0,40,4,167,55,2012
Brian P. Schmidt,0000-0001-6589-1287,Physics,1,0,2011,2011,3,2.76,5.53,0.2694,0.8511,0.4583,0.0408,24,1,49,9,2013
Brian P. Schmidt,0000-0001-6589-1287,Physics,1,5,2011,2006,3,2.84,4.62,0.3125,0.8727,0.4583,0.0444,23,1,45,6,2013
Brian P. Schmidt,0000-0001-6589-1287,Physics,1,10,2011,2001,0,3.36,5.64,0.5833,0.885,0.5833,0.0455,14,0,22,3,2013
Adam G. Riess,0000-0002-0938-4314,Physics,1,0,2011,2011,48,11.86,19.98,0.1325,0.8557,0.0,0.0,65,3,350,144,2012
Adam G. Riess,0000-0002-0938-4314,Physics,1,5,2011,2006,37,10.65,17.19,0.1196,0.8579,0.0,0.0,46,3,222,82,2012
Adam G. Riess,0000-0002-0938-4314,Physics,1,10,2011,2001,12,4.12,8.46,0.135,0.878,0.0,0.0,21,2,80,42,2012
Andre Geim,0000-0002-2551-0548,Physics,1,0,2010,2010,163,4.21,6.3,0.2504,0.8244,0.7673,0.0273,59,7,220,131,2012
Andre Geim,0000-0002-2551-0548,Physics,1,5,2010,2005,172,2.7,5.82,0.1961,0.8613,0.0,0.0,37,8,115,58,2012
Andre Geim,0000-0002-2551-0548,Physics,1,10,2010,2000,170,2.38,5.86,0.1959,0.8668,0.0,0.0,25,8,86,40,2012
Konstantin Novoselov,0000-0002-1928-7159,Physics,1,0,2010,2010,11,4.05,6.39,0.2546,0.8013,0.6625,0.0331,58,2,151,100,2012
Konstantin Novoselov,0000-0002-1928-7159,Physics,1,5,2010,2005,11,2.16,5.77,0.1842,0.8294,0.0,0.0,28,2,43,26,2012
Konstantin Novoselov,0000-0002-1928-7159,Physics,1,10,2010,2000,2,3.2,6.9,0.1667,0.8097,0.0,0.0,8,1,10,3,2012
Makoto Kobayashi,0000-0002-8849-4445,Physics,1,0,2008,2008,59,2.85,5.63,0.1983,0.7443,0.1979,0.0297,62,4,101,70,2012
Makoto Kobayashi,0000-0002-8849-4445,Physics,1,5,2008,2003,54,3.21,5.75,0.1622,0.7743,0.1979,0.04,43,4,75,53,2012
Makoto Kobayashi,0000-0002-8849-4445,Physics,1,10,2008,1998,57,3.04,5.43,0.167,0.8081,0.1719,0.027,40,5,74,53,2012
Albert Fert,0000-0003-3244-1610,Physics,1,0,2007,2007,103,4.75,6.71,0.2368,0.837,0.0,0.0,51,6,214,130,2012
Albert Fert,0000-0003-3244-1610,Physics,1,5,2007,2002,170,3.74,5.87,0.2381,0.841,0.0,0.0,40,8,171,104,2012
Albert Fert,0000-0003-3244-1610,Physics,1,10,2007,1997,144,3.27,5.17,0.2404,0.8398,0.0,0.0,31,6,146,88,2012
John C. Mather,0000-0001-8748-7315,Physics,1,0,2006,2006,109,3.48,6.78,0.1673,0.8382,0.0,0.0,58,5,224,132,2012
John C. Mather,0000-0001-8748-7315,Physics,1,5,2006,2001,113,3.4,7.08,0.1705,0.8311,0.0,0.0,44,6,168,98,2012
John C. Mather,0000-0001-8748-7315,Physics,1,10,2006,1996,70,3.4,7.68,0.1532,0.8275,0.0,0.0,32,4,115,64,2012
George F. Smoot,0000-0003-0861-1709,Physics,1,0,2006,2006,80,6.91,8.1,0.1748,0.8283,0.0,0.0,35,4,118,61,2012
George F. Smoot,0000-0003-0861-1709,Physics,1,5,2006,2001,73,2.5,3.36,0.1648,0.8192,0.0,0.0,30,4,103,53,2012
George F. Smoot,0000-0003-0861-1709,Physics,1,10,2006,1996,37,2.1,3.19,0.1855,0.811,1.0,0.0123,27,3,81,39,2012
Theodor W. Hänsch,0000-0002-2796-1589,Physics,1,0,2005,2005,77,4.31,5.52,0.2379,0.8445,0.7709,0.0091,56,5,219,138,2012
Theodor W. Hänsch,0000-0002-2796-1589,Physics,1,5,2005,2000,82,3.71,4.5,0.2534,0.8506,0.5417,0.007,33,6,143,91,2012
Theodor W. Hänsch,0000-0002-2796-1589,Physics,1,10,2005,1995,80,3.31,4.04,0.2543,0.8458,0.5417,0.011,26,4,91,47,2012
David Baker,0000-0001-7896-6217,Chemistry,1,0,2024,2024,19173,13.18,15.99,0.4319,0.8054,0.5468,0.246,97,59,500,409,2012
David Baker,0000-0001-7896-6217,Chemistry,1,5,2024,2019,9,6.16,8.04,0.5349,0.8048,0.7389,0.24,12,2,25,14,2019
Demis Hassabis,0000-0002-5359-5567,Chemistry,1,0,2024,2024,134189,13.28,15.64,0.4281,0.6859,0.5966,0.3025,52,80,162,128,2012
Demis Hassabis,0000-0002-5359-5567,Chemistry,1,5,2024,2019,22844,8.39,10.44,0.4276,0.6881,0.5629,0.4222,34,46,90,69,2012
Demis Hassabis,0000-0002-5359-5567,Chemistry,1,10,2024,2014,1545,2.4,4.6,0.5474,0.7334,0.5817,0.7667,19,19,30,26,2012
John M. Jumper,0000-0001-9254-7192,Chemistry,1,0,2024,2024,51161,8.02,13.27,0.4669,0.8361,0.5542,0.3571,22,24,56,39,2012
John M. Jumper,0000-0001-9254-7192,Chemistry,1,5,2024,2019,1567,2.88,6.04,0.4754,0.859,0.553,0.4231,13,8,26,14,2012
John M. Jumper,0000-0001-9254-7192,Chemistry,1,10,2024,2014,597,4.8,7.4,0.625,0.8332,0.6042,0.8,5,2,5,4,2012
Moungi G. Bawendi,0000-0003-2220-4365,Chemistry,1,0,2023,2023,43902,7.05,8.26,0.3857,0.7747,0.6203,0.19,125,104,500,406,2012
Moungi G. Bawendi,0000-0003-2220-4365,Chemistry,1,5,2023,2018,21314,6.5,7.48,0.3816,0.775,0.6382,0.2314,100,77,376,299,2012
Moungi G. Bawendi,0000-0003-2220-4365,Chemistry,1,10,2023,2013,4898,5.72,6.58,0.3899,0.7745,0.6823,0.2753,73,38,247,184,2012
Louis E. Brus,0000-0002-8276-0242,Chemistry,1,0,2023,2023,11511,6.35,7.58,0.3138,0.7939,0.5052,0.075,38,53,160,124,2012
Louis E. Brus,0000-0002-8276-0242,Chemistry,1,5,2023,2018,9387,5.73,6.86,0.3042,0.7932,0.5052,0.0609,43,50,197,155,2012
Louis E. Brus,0000-0002-8276-0242,Chemistry,1,10,2023,2013,3158,4.57,5.46,0.2921,0.792,0.4792,0.0538,46,29,186,140,2012
Carolyn R. Bertozzi,0000-0003-4102-4615,Chemistry,1,0,2022,2022,16499,7.75,24.04,0.3494,0.6854,0.5018,0.226,150,71,500,423,2012
Carolyn R. Bertozzi,0000-0003-4102-4615,Chemistry,1,5,2022,2017,4672,4.47,5.94,0.4029,0.7975,0.5404,0.3833,63,38,180,150,2012
Carolyn R. Bertozzi,0000-0003-4102-4615,Chemistry,1,10,2022,2012,313,4.95,5.27,0.475,0.8325,0.535,0.4821,23,10,56,48,2012
Morten Meldal,0000-0002-6948-9165,Chemistry,1,0,2022,2022,5076,2.88,3.8,0.291,0.8394,0.5414,0.2706,48,25,170,104,2012
Morten Meldal,0000-0002-6948-9165,Chemistry,1,5,2022,2017,6770,3.0,3.9,0.292,0.8476,0.5298,0.2436,62,21,275,179,2012
Morten Meldal,0000-0002-6948-9165,Chemistry,1,10,2022,2012,1396,2.87,4.19,0.2782,0.8576,0.5123,0.241,71,10,332,228,2012
K. Barry Sharpless,0000-0002-6898-4623,Chemistry,1,0,2022,2022,16349,6.67,7.66,0.3429,0.829,0.5353,0.2469,56,60,243,204,2012
K. Barry Sharpless,0000-0002-6898-4623,Chemistry,1,5,2022,2017,24644,5.02,5.71,0.3162,0.85,0.5126,0.1962,47,48,265,228,2012
K. Barry Sharpless,0000-0002-6898-4623,Chemistry,1,10,2022,2012,4593,4.1,4.54,0.2671,0.8646,0.5278,0.1066,47,26,347,291,2012
Benjamin List,0000-0002-9899-4052,Chemistry,1,0,2021,2021,741,1.97,3.06,0.1704,0.871,0.5958,0.002,17,14,500,446,2016
David W.C. MacMillan,0000-0001-6447-0587,Chemistry,1,0,2021,2021,35241,3.34,3.68,0.228,0.8724,0.2865,0.0672,37,92,357,258,2012
David W.C. MacMillan,0000-0001-6447-0587,Chemistry,1,5,2021,2016,13084,2.81,3.18,0.2131,0.8745,0.2982,0.0607,25,61,313,228,2012
David W.C. MacMillan,0000-0001-6447-0587,Chemistry,1,10,2021,2011,3,2.73,3.15,0.1967,0.8711,0.3269,0.0667,21,1,195,150,2012
Emmanuelle Charpentier,0000-0002-6590-3657,Chemistry,1,0,2020,2020,20193,4.78,6.59,0.3285,0.8114,0.4564,0.303,57,34,99,54,2012
Emmanuelle Charpentier,0000-0002-6590-3657,Chemistry,1,5,2020,2015,4068,4.19,5.97,0.374,0.8022,0.4669,0.3881,35,20,67,38,2012
Emmanuelle Charpentier,0000-0002-6590-3657,Chemistry,1,10,2020,2010,0,2.91,4.57,0.3812,0.7818,0.4742,0.4571,22,0,35,23,2012
Jennifer A. Doudna,0000-0001-9161-999X,Chemistry,1,0,2020,2020,47271,5.4,6.69,0.4522,0.8387,0.5425,0.419,82,96,420,218,2012
Jennifer A. Doudna,0000-0001-9161-999X,Chemistry,1,5,2020,2015,11114,3.96,4.84,0.477,0.8508,0.5432,0.4831,59,51,267,131,2012
Jennifer A. Doudna,0000-0001-9161-999X,Chemistry,1,10,2020,2010,57,3.06,3.54,0.4545,0.8453,0.5248,0.4867,48,4,150,82,2012
John B. Goodenough,0000-0001-9350-3034,Chemistry,1,0,2019,2019,31529,5.44,6.51,0.2727,0.75,0.7173,0.01,110,76,500,361,2012
John B. Goodenough,0000-0001-9350-3034,Chemistry,1,5,2019,2014,5307,4.91,6.3,0.277,0.759,0.7173,0.0184,68,30,272,185,2012
John B. Goodenough,0000-0001-9350-3034,Chemistry,1,10,2019,2009,0,5.23,6.38,0.2667,0.7949,0.0,0.0,11,0,26,18,2012
M. Stanley Whittingham,0000-0003-4451-3168,Chemistry,1,0,2019,2019,11482,6.85,8.11,0.3157,0.7351,0.4372,0.0087,67,45,343,220,2012
M. Stanley Whittingham,0000-0003-4451-3168,Chemistry,1,5,2019,2014,3869,5.96,7.16,0.2604,0.7464,0.4372,0.0096,57,28,312,177,2012
M. Stanley Whittingham,0000-0003-4451-3168,Chemistry,1,10,2019,2009,72,3.16,3.47,0.2077,0.7804,0.2917,0.0043,48,4,230,117,2012
Akira Yoshino,0000-0001-6981-4982,Chemistry,1,0,2019,2019,839,5.69,8.81,0.2829,0.6843,0.9917,0.0169,32,10,59,41,2012
Akira Yoshino,0000-0001-6981-4982,Chemistry,1,5,2019,2014,337,4.68,7.49,0.3201,0.684,0.8209,0.0366,45,8,82,56,2012
Akira Yoshino,0000-0001-6981-4982,Chemistry,1,10,2019,2009,77,2.83,5.46,0.329,0.6794,0.8156,0.0526,37,5,76,53,2012
Frances H. Arnold,0000-0002-4027-364X,Chemistry,1,0,2018,2018,15597,4.75,6.03,0.4119,0.795,0.6003,0.362,132,62,500,288,2012
Frances H. Arnold,0000-0002-4027-364X,Chemistry,1,5,2018,2013,4152,4.71,6.35,0.4108,0.7813,0.6157,0.3568,108,32,370,206,2012
Frances H. Arnold,0000-0002-4027-364X,Chemistry,1,10,2018,2008,70,4.46,5.89,0.4219,0.785,0.6351,0.3477,86,6,256,127,2012
George P. Smith,0000-0003-2221-8831,Chemistry,1,0,2018,2018,7223,11.49,16.08,0.6095,0.7086,0.8068,0.448,132,43,500,371,2012
Gregory P. Winter,0000-0002-1980-0609,Chemistry,1,0,2018,2018,1133,4.44,5.08,0.5281,0.7955,0.5729,0.62,25,16,50,22,2012
Gregory P. Winter,0000-0002-1980-0609,Chemistry,1,5,2018,2013,750,4.8,5.56,0.5349,0.8025,0.589,0.6489,40,15,94,36,2012
Gregory P. Winter,0000-0002-1980-0609,Chemistry,1,10,2018,2008,45,4.5,5.09,0.5124,0.8012,0.5536,0.7023,51,3,131,52,2012
Jacques Dubochet,0000-0002-5792-4067,Chemistry,1,0,2017,2017,1878,3.54,4.93,0.5454,0.7959,0.6759,0.4868,39,24,76,37,2012
Jacques Dubochet,0000-0002-5792-4067,Chemistry,1,5,2017,2012,403,3.56,4.89,0.5351,0.803,0.662,0.48,45,10,100,46,2012
Jacques Dubochet,0000-0002-5792-4067,Chemistry,1,10,2017,2007,54,3.59,4.98,0.5424,0.808,0.6706,0.4848,46,3,99,45,2012
Joachim Frank,0000-0002-1589-3667,Chemistry,1,0,2017,2017,7257,10.49,25.41,0.4868,0.811,0.5977,0.3571,89,48,476,157,2012
Joachim Frank,0000-0002-1589-3667,Chemistry,1,5,2017,2012,1328,11.1,27.92,0.5032,0.8071,0.6019,0.3461,77,20,419,137,2012
Joachim Frank,0000-0002-1589-3667,Chemistry,1,10,2017,2007,42,4.19,5.06,0.5002,0.8441,0.6048,0.5045,63,4,222,107,2012
Richard Henderson,0000-0002-4795-8364,Chemistry,1,0,2017,2017,3781,2.9,4.45,0.4252,0.7889,0.5883,0.2243,72,27,214,139,2012
Richard Henderson,0000-0002-4795-8364,Chemistry,1,5,2017,2012,765,2.61,4.02,0.418,0.7973,0.6377,0.2248,71,13,218,130,2012
Richard Henderson,0000-0002-4795-8364,Chemistry,1,10,2017,2007,109,2.37,3.6,0.4249,0.8079,0.6667,0.214,74,6,243,138,2012
Jean-Pierre Sauvage,0000-0002-6270-8057,Chemistry,1,0,2016,2016,3747,3.16,3.77,0.2645,0.7873,0.542,0.0475,67,33,400,262,2012
Jean-Pierre Sauvage,0000-0002-6270-8057,Chemistry,1,5,2016,2011,80,3.61,4.3,0.2543,0.8169,0.5583,0.0492,70,5,366,282,2012
Jean-Pierre Sauvage,0000-0002-6270-8057,Chemistry,1,10,2016,2006,90,3.76,4.42,0.2366,0.8239,0.56,0.033,61,5,303,232,2012
Fraser Stoddart,0000-0003-3161-3697,Chemistry,1,0,2016,2016,14551,8.12,8.89,0.3687,0.8285,0.5307,0.15,64,59,500,469,2012
Fraser Stoddart,0000-0003-3161-3697,Chemistry,1,5,2016,2011,0,6.63,7.16,0.3671,0.8379,0.5557,0.1837,41,0,147,134,2012
Bernard L. Feringa,0000-0003-0588-8435,Chemistry,1,0,2016,2016,8296,4.69,5.26,0.2615,0.8446,0.4946,0.142,94,45,500,406,2012
Bernard L. Feringa,0000-0003-0588-8435,Chemistry,1,5,2016,2011,7,4.54,5.06,0.2626,0.8357,0.5332,0.1429,62,1,252,203,2012
Tomas Lindahl,0000-0002-6771-3093,Chemistry,1,0,2015,2015,5023,4.13,5.3,0.5521,0.754,0.6705,0.4686,95,31,239,137,2012
Tomas Lindahl,0000-0002-6771-3093,Chemistry,1,5,2015,2010,31,3.84,4.73,0.5335,0.7839,0.6391,0.5021,87,3,237,132,2012
Tomas Lindahl,0000-0002-6771-3093,Chemistry,1,10,2015,2005,49,3.36,4.13,0.5095,0.8043,0.6117,0.476,71,4,208,112,2012
Paul Modrich,0000-0002-5073-2890,Chemistry,1,0,2015,2015,2880,5.17,6.13,0.4259,0.8225,0.5344,0.3883,29,29,103,69,2012
Paul Modrich,0000-0002-5073-2890,Chemistry,1,5,2015,2010,11,4.75,5.65,0.4557,0.8186,0.5639,0.3947,34,2,114,79,2012
Paul Modrich,0000-0002-5073-2890,Chemistry,1,10,2015,2005,11,4.42,5.19,0.4571,0.8223,0.5652,0.4057,33,2,106,76,2012
Aziz Sancar,0000-0002-8061-1046,Chemistry,1,0,2015,2015,4630,3.91,4.46,0.4022,0.8262,0.4503,0.5047,60,35,212,167,2012
Aziz Sancar,0000-0002-8061-1046,Chemistry,1,5,2015,2010,10,3.67,4.19,0.4161,0.835,0.4704,0.5063,59,2,237,182,2012
Aziz Sancar,0000-0002-8061-1046,Chemistry,1,10,2015,2005,46,3.36,3.82,0.4078,0.8359,0.4808,0.4719,50,3,231,182,2012
Eric Betzig,0000-0002-0395-4560,Chemistry,1,0,2014,2014,3151,4.59,5.59,0.4627,0.8341,0.5982,0.4828,31,21,58,38,2012
Eric Betzig,0000-0002-0395-4560,Chemistry,1,5,2014,2009,2,2.61,4.04,0.3585,0.7892,0.5942,0.1786,29,1,56,42,2012
Eric Betzig,0000-0002-0395-4560,Chemistry,1,10,2014,2004,2,2.1,4.17,0.2727,0.7593,0.4583,0.0208,23,1,48,38,2012
Stefan W. Hell,0000-0002-9638-5077,Chemistry,1,0,2014,2014,10159,5.06,6.13,0.4325,0.8278,0.6277,0.3448,123,53,464,285,2012
Stefan W. Hell,0000-0002-9638-5077,Chemistry,1,5,2014,2009,56,3.75,4.73,0.407,0.8265,0.6419,0.28,83,2,300,186,2012
Stefan W. Hell,0000-0002-9638-5077,Chemistry,1,10,2014,2004,55,2.46,3.32,0.3697,0.8214,0.6689,0.1786,46,3,140,91,2012
W.E. Moerner,0000-0002-4628-1155,Chemistry,1,0,2014,2014,4590,4.03,4.69,0.3238,0.8235,0.5051,0.2382,96,35,319,233,2012
W.E. Moerner,0000-0002-4628-1155,Chemistry,1,5,2014,2009,187,3.61,4.73,0.2623,0.8246,0.4819,0.1093,90,7,311,239,2012
W.E. Moerner,0000-0002-4628-1155,Chemistry,1,10,2014,2004,262,3.09,4.3,0.2353,0.8297,0.4705,0.0407,77,9,270,205,2012
Martin Karplus,0000-0002-8269-8025,Chemistry,1,0,2013,2013,6932,3.49,4.12,0.4689,0.8549,0.5178,0.5193,78,32,389,239,2012
Martin Karplus,0000-0002-8269-8025,Chemistry,1,5,2013,2008,154,3.82,4.85,0.465,0.8559,0.5186,0.4715,79,7,456,291,2012
Martin Karplus,0000-0002-8269-8025,Chemistry,1,10,2013,2003,129,3.85,4.88,0.4568,0.8572,0.526,0.4053,67,7,375,239,2012
Michael Levitt,0000-0001-6736-7885,Chemistry,1,0,2013,2013,1356,2.9,3.63,0.4632,0.8446,0.5108,0.5769,46,19,156,95,2012
Michael Levitt,0000-0001-6736-7885,Chemistry,1,5,2013,2008,91,2.37,2.89,0.4586,0.831,0.5117,0.5806,36,5,124,74,2012
Michael Levitt,0000-0001-6736-7885,Chemistry,1,10,2013,2003,92,2.26,2.96,0.4497,0.8244,0.521,0.5217,38,5,115,66,2012
Arieh Warshel,0000-0002-2453-7972,Chemistry,1,0,2013,2013,2921,2.83,3.09,0.385,0.8646,0.4627,0.3771,71,23,297,203,2012
Arieh Warshel,0000-0002-2453-7972,Chemistry,1,5,2013,2008,60,2.77,3.09,0.3616,0.8677,0.4583,0.2952,70,5,271,177,2012
Arieh Warshel,0000-0002-2453-7972,Chemistry,1,10,2013,2003,93,2.4,2.77,0.3442,0.8672,0.4433,0.2304,58,5,217,142,2012
Brian K. Kobilka,0000-0002-6590-7702,Chemistry,1,0,2012,2012,2903,5.3,6.06,0.4903,0.8135,0.6062,0.5304,79,24,230,125,2012
Brian K. Kobilka,0000-0002-6590-7702,Chemistry,1,5,2012,2007,98,4.43,5.35,0.4697,0.8083,0.5487,0.57,68,5,200,113,2012
Brian K. Kobilka,0000-0002-6590-7702,Chemistry,1,10,2012,2002,97,3.98,5.19,0.4475,0.8056,0.5053,0.6062,55,5,160,91,2012
Dan Shechtman,0000-0002-3968-2115,Chemistry,1,0,2011,2011,3,2.28,2.94,0.3548,0.7727,0.5833,0.0556,15,1,18,5,2012
Dan Shechtman,0000-0002-3968-2115,Chemistry,1,5,2011,2006,6,1.7,2.4,0.2933,0.7791,0.0,0.0,14,2,20,8,2012
Dan Shechtman,0000-0002-3968-2115,Chemistry,1,10,2011,2001,6,1.6,2.4,0.2429,0.7807,0.0,0.0,14,2,20,6,2012
Ei-ichi Negishi,0000-0003-3582-6011,Chemistry,1,0,2010,2010,44,1.78,2.75,0.1279,0.8851,0.2986,0.007,43,3,426,249,2012
Ei-ichi Negishi,0000-0003-3582-6011,Chemistry,1,5,2010,2005,45,1.75,2.8,0.1237,0.8848,0.2917,0.0046,39,3,436,255,2012
Ei-ichi Negishi,0000-0003-3582-6011,Chemistry,1,10,2010,2000,28,2.03,3.31,0.1301,0.8921,0.0,0.0,31,3,224,164,2012
Akira Suzuki,0000-0002-3854-8223,Chemistry,1,0,2010,2010,106,3.99,6.7,0.3465,0.7507,0.5335,0.246,260,5,500,288,2012
Akira Suzuki,0000-0002-3854-8223,Chemistry,1,5,2010,2005,100,3.71,6.66,0.3568,0.7537,0.5336,0.2609,173,5,299,168,2012
Akira Suzuki,0000-0002-3854-8223,Chemistry,1,10,2010,2000,80,3.19,5.96,0.3388,0.7482,0.4937,0.2417,76,5,120,72,2012
Venkatraman Ramakrishnan,0000-0002-2455-9361,Chemistry,1,0,2009,2009,1,2.31,3.69,0.2666,0.7429,0.0,0.0,10,1,16,5,2012
Venkatraman Ramakrishnan,0000-0002-2455-9361,Chemistry,1,5,2009,2004,4,2.2,3.68,0.2476,0.7675,0.0,0.0,15,1,25,7,2012
Venkatraman Ramakrishnan,0000-0002-2455-9361,Chemistry,1,10,2009,1999,5,2.28,3.69,0.2296,0.7668,0.0,0.0,18,1,32,7,2012
Ada E. Yonath,0000-0002-7513-452X,Chemistry,1,0,2009,2009,104,6.13,6.53,0.4437,0.8537,0.5606,0.4397,65,6,141,66,2012
Ada E. Yonath,0000-0002-7513-452X,Chemistry,1,5,2009,2004,321,6.49,7.32,0.4661,0.8522,0.5777,0.488,55,11,125,48,2012
Ada E. Yonath,0000-0002-7513-452X,Chemistry,1,10,2009,1999,397,5.82,7.16,0.486,0.8577,0.5785,0.5059,37,14,85,27,2012
Martin Chalfie,0000-0002-9108-5156,Chemistry,1,0,2008,2008,23,3.38,3.83,0.4096,0.8411,0.504,0.5,36,2,66,28,2012
Martin Chalfie,0000-0002-9108-5156,Chemistry,1,5,2008,2003,32,2.82,3.38,0.4158,0.8486,0.501,0.4754,31,3,61,28,2012
Martin Chalfie,0000-0002-9108-5156,Chemistry,1,10,2008,1998,55,2.07,2.79,0.4009,0.8428,0.4856,0.4821,29,4,56,28,2012
Gerhard Ertl,0000-0001-5185-1936,Chemistry,1,0,2007,2007,275,3.92,4.79,0.2392,0.7985,0.5486,0.006,94,11,500,235,2012
Gerhard Ertl,0000-0001-5185-1936,Chemistry,1,5,2007,2002,272,3.87,4.8,0.2316,0.7993,0.7917,0.0022,84,11,446,193,2012
Gerhard Ertl,0000-0001-5185-1936,Chemistry,1,10,2007,1997,256,3.72,4.89,0.2091,0.8032,0.0,0.0,61,11,341,131,2012
Roger D. Kornberg,0000-0002-7504-3471,Chemistry,1,0,2006,2006,48,4.2,4.54,0.5107,0.8816,0.5605,0.5156,43,4,192,109,2012
Roger D. Kornberg,0000-0002-7504-3471,Chemistry,1,5,2006,2001,100,3.98,4.33,0.488,0.8833,0.5349,0.528,40,5,161,99,2012
Roger D. Kornberg,0000-0002-7504-3471,Chemistry,1,10,2006,1996,109,3.64,4.06,0.4462,0.8821,0.5169,0.4758,34,5,124,76,2012
Robert H. Grubbs,0000-0002-0057-7817,Chemistry,1,0,2005,2005,45,3.14,3.64,0.2343,0.8474,0.4708,0.028,69,4,500,431,2012
Robert H. Grubbs,0000-0002-0057-7817,Chemistry,1,5,2005,2000,38,3.16,3.75,0.1911,0.8502,0.4056,0.0107,51,4,281,237,2012
Robert H. Grubbs,0000-0002-0057-7817,Chemistry,1,10,2005,1995,23,2.91,3.83,0.1674,0.8598,0.0,0.0,33,3,133,107,2012
Richard R. Schrock,0000-0002-7030-6111,Chemistry,1,0,2005,2005,73,2.67,3.72,0.2299,0.8584,0.5568,0.0252,53,5,436,382,2012
Richard R. Schrock,0000-0002-7030-6111,Chemistry,1,5,2005,2000,95,2.62,3.63,0.2014,0.8617,0.0,0.0,41,7,369,323,2012
Richard R. Schrock,0000-0002-7030-6111,Chemistry,1,10,2005,1995,92,2.56,3.46,0.1754,0.8612,0.0,0.0,31,7,281,250,2012
Daron Acemoglu,0000-0002-7152-7017,Economics,1,0,2024,2024,48271,1.19,3.6,0.1935,0.4879,0.2083,0.002,103,93,500,317,2012
Daron Acemoglu,0000-0002-7152-7017,Economics,1,5,2024,2019,17915,1.17,3.19,0.1872,0.4961,0.2083,0.0031,76,59,319,210,2012
Daron Acemoglu,0000-0002-7152-7017,Economics,1,10,2024,2014,3516,1.25,3.4,0.1918,0.5022,0.2083,0.0055,51,23,183,122,2012
Simon Johnson,0000-0002-2945-4040,Economics,1,0,2024,2024,13717,2.86,4.55,0.1686,0.467,0.0,0.0,65,33,218,111,2012
Simon Johnson,0000-0002-2945-4040,Economics,1,5,2024,2019,21204,2.28,3.6,0.1629,0.464,0.0,0.0,70,43,256,130,2012
Simon Johnson,0000-0002-2945-4040,Economics,1,10,2024,2014,8526,1.85,3.17,0.1591,0.4644,0.0,0.0,71,35,252,136,2012
James A. Robinson,0000-0001-8888-2549,Economics,1,0,2024,2024,23147,3.47,4.16,0.1342,0.4442,0.4166,0.0074,87,57,272,196,2012
James A. Robinson,0000-0001-8888-2549,Economics,1,5,2024,2019,22385,3.39,4.05,0.1226,0.4524,0.4166,0.0072,94,57,277,199,2012
James A. Robinson,0000-0001-8888-2549,Economics,1,10,2024,2014,7897,3.43,4.05,0.1167,0.4538,0.5,0.0041,89,35,245,170,2012
Claudia Goldin,0000-0002-7189-0463,Economics,1,0,2023,2023,8505,1.6,3.22,0.1972,0.4345,0.6667,0.0063,32,37,158,107,2012
Claudia Goldin,0000-0002-7189-0463,Economics,1,5,2023,2018,5309,1.53,3.1,0.1881,0.4316,0.0,0.0,34,32,178,134,2012
Claudia Goldin,0000-0002-7189-0463,Economics,1,10,2023,2013,1361,1.39,2.26,0.1597,0.4344,0.0,0.0,35,19,176,127,2012
Ben S. Bernanke,0000-0003-2185-0852,Economics,1,0,2022,2022,7633,1.04,1.21,0.1088,0.4848,0.0,0.0,38,33,500,181,2012
Ben S. Bernanke,0000-0003-2185-0852,Economics,1,5,2022,2017,3876,1.04,1.18,0.0927,0.4841,0.0,0.0,31,24,482,175,2012
Ben S. Bernanke,0000-0003-2185-0852,Economics,1,10,2022,2012,605,1.03,1.15,0.1,0.484,0.0,0.0,22,10,419,165,2012
Douglas W. Diamond,0000-0001-6747-7800,Economics,1,0,2022,2022,1932,1.58,4.62,0.1667,0.4811,0.0,0.0,19,19,45,29,2012
Douglas W. Diamond,0000-0001-6747-7800,Economics,1,5,2022,2017,2833,1.46,3.93,0.18,0.4852,0.0,0.0,20,20,56,40,2012
Douglas W. Diamond,0000-0001-6747-7800,Economics,1,10,2022,2012,571,1.42,3.25,0.1533,0.4837,0.0,0.0,21,13,53,38,2012
Philip H. Dybvig,0000-0002-8250-8970,Economics,1,0,2022,2022,717,1.49,3.24,0.1,0.4735,0.0,0.0,13,13,41,20,2012
Philip H. Dybvig,0000-0002-8250-8970,Economics,1,5,2022,2017,630,1.49,3.19,0.1095,0.4704,0.0,0.0,14,12,47,27,2012
Philip H. Dybvig,0000-0002-8250-8970,Economics,1,10,2022,2012,121,1.3,2.15,0.1454,0.4737,0.0,0.0,17,7,53,36,2012
David Card,0000-0002-0386-5447,Economics,1,0,2021,2021,14067,1.55,2.58,0.2305,0.5075,0.2468,0.0045,51,53,445,196,2012
David Card,0000-0002-0386-5447,Economics,1,5,2021,2016,8948,1.3,2.72,0.2392,0.4568,0.2468,0.0068,49,38,292,197,2012
David Card,0000-0002-0386-5447,Economics,1,10,2021,2011,65,1.2,2.53,0.2452,0.45,0.2468,0.0098,39,5,204,143,2012
Joshua D. Angrist,0000-0002-2191-7147,Economics,1,0,2021,2021,0,2.0,3.0,0.0,0.2,0.0,0.0,1,0,2,2,
Joshua D. Angrist,0000-0002-2191-7147,Economics,1,5,2021,2016,0,2.0,3.0,0.0,0.2,0.0,0.0,1,0,2,2,
Guido W. Imbens,0000-0002-0767-2977,Economics,1,0,2021,2021,27819,2.54,3.71,0.3222,0.5661,0.8351,0.0205,55,59,292,238,2012
Guido W. Imbens,0000-0002-0767-2977,Economics,1,5,2021,2016,11393,1.88,2.68,0.3038,0.5621,0.9114,0.008,48,47,250,190,2012
Guido W. Imbens,0000-0002-0767-2977,Economics,1,10,2021,2011,67,1.87,2.58,0.2864,0.5501,0.0,0.0,39,4,204,149,2012
Paul R. Milgrom,0000-0002-2179-7173,Economics,1,0,2020,2020,3871,4.24,10.73,0.4746,0.6911,0.534,0.5455,21,21,99,27,2012
Paul R. Milgrom,0000-0002-2179-7173,Economics,1,5,2020,2015,1852,4.26,9.9,0.5068,0.6943,0.5479,0.6,18,16,90,21,2012
Paul R. Milgrom,0000-0002-2179-7173,Economics,1,10,2020,2010,17,4.37,8.95,0.4936,0.701,0.5228,0.6184,15,2,76,18,2012
Robert B. Wilson,0000-0002-7887-8071,Economics,1,0,2020,2020,1140,3.08,3.42,0.1765,0.5578,0.5458,0.0132,35,13,76,45,2012
Robert B. Wilson,0000-0002-7887-8071,Economics,1,5,2020,2015,814,4.75,5.79,0.1922,0.6463,0.0,0.0,54,13,131,80,2012
Robert B. Wilson,0000-0002-7887-8071,Economics,1,10,2020,2010,231,4.77,6.35,0.1917,0.7338,0.0,0.0,75,8,308,212,2012
Abhijit Banerjee,0000-0002-7865-8316,Economics,1,0,2019,2019,2518,1.34,4.73,0.2119,0.5109,0.2188,0.004,33,20,500,161,2012
Abhijit Banerjee,0000-0002-7865-8316,Economics,1,5,2019,2014,131,1.79,4.76,0.2148,0.5203,0.0,0.0,15,6,180,28,2012
Esther Duflo,0000-0001-9456-6615,Economics,1,0,2019,2019,2285,2.61,4.56,0.2502,0.5184,0.687,0.01,23,21,500,186,2012
Michael Kremer,0000-0002-2766-1857,Economics,1,0,2019,2019,11168,2.6,3.77,0.2098,0.4942,0.3586,0.0275,82,51,363,256,2012
Michael Kremer,0000-0002-2766-1857,Economics,1,5,2019,2014,4213,2.33,3.44,0.2213,0.4828,0.4806,0.0203,75,34,295,194,2012
Michael Kremer,0000-0002-2766-1857,Economics,1,10,2019,2009,38,2.2,3.17,0.2235,0.4779,0.5142,0.0238,61,3,210,144,2012
William D. Nordhaus,0000-0001-9844-3996,Economics,1,0,2018,2018,9220,1.65,2.2,0.13,0.5238,0.5208,0.0042,54,41,237,143,2012
William D. Nordhaus,0000-0001-9844-3996,Economics,1,5,2018,2013,2407,1.73,2.24,0.1135,0.5173,0.5208,0.0054,54,24,184,128,2012
William D. Nordhaus,0000-0001-9844-3996,Economics,1,10,2018,2008,53,1.61,2.04,0.1087,0.5091,0.0,0.0,46,3,160,115,2012
Paul M. Romer,0000-0002-5005-0154,Economics,1,0,2018,2018,1005,2.11,2.89,0.1417,0.4926,0.0,0.0,21,14,45,32,2012
Paul M. Romer,0000-0002-5005-0154,Economics,1,5,2018,2013,471,2.13,2.83,0.2152,0.494,0.6667,0.0213,27,8,47,30,2012
Paul M. Romer,0000-0002-5005-0154,Economics,1,10,2018,2008,15,2.08,2.58,0.1963,0.486,0.6667,0.0161,33,2,62,40,2012
Richard H. Thaler,0000-0002-9910-6380,Economics,1,0,2017,2017,11259,2.48,2.82,0.146,0.481,0.0,0.0,51,42,163,87,2012
Richard H. Thaler,0000-0002-9910-6380,Economics,1,5,2017,2012,2609,2.44,2.75,0.1523,0.4778,0.0,0.0,48,29,158,91,2012
Richard H. Thaler,0000-0002-9910-6380,Economics,1,10,2017,2007,13,2.4,2.68,0.1703,0.479,0.0,0.0,38,2,144,94,2012
Bengt Holmström,0000-0002-9776-7773,Economics,1,0,2016,2016,3261,1.31,2.41,0.103,0.462,0.0,0.0,21,22,51,36,2012
Bengt Holmström,0000-0002-9776-7773,Economics,1,5,2016,2011,2,1.27,2.41,0.1111,0.4589,0.0,0.0,22,1,51,37,2012
Bengt Holmström,0000-0002-9776-7773,Economics,1,10,2016,2006,2,1.24,1.9,0.1143,0.4649,0.0,0.0,24,1,51,35,2012
Angus Deaton,0000-0002-1195-6489,Economics,1,0,2015,2015,6360,1.62,3.17,0.1813,0.5185,0.7458,0.0386,61,40,414,287,2012
Angus Deaton,0000-0002-1195-6489,Economics,1,5,2015,2010,20,1.49,2.49,0.1932,0.4809,0.6987,0.0546,59,2,238,193,2012
Angus Deaton,0000-0002-1195-6489,Economics,1,10,2015,2005,33,1.34,2.09,0.1799,0.4741,0.7833,0.0284,52,3,176,143,2012
Jean Tirole,0000-0002-2245-0803,Economics,1,0,2014,2014,7861,2.09,2.24,0.1233,0.4878,0.0,0.0,67,46,304,190,2012
Jean Tirole,0000-0002-2245-0803,Economics,1,5,2014,2009,81,2.06,2.22,0.1213,0.4868,0.0,0.0,69,5,272,173,2012
Jean Tirole,0000-0002-2245-0803,Economics,1,10,2014,2004,115,2.03,2.13,0.1172,0.4921,0.0,0.0,63,6,253,156,2012
Eugene F. Fama,0000-0002-9700-8396,Economics,1,0,2013,2013,3,4.5,6.6,0.2967,0.7,0.4278,0.3,4,1,10,7,2012
Eugene F. Fama,0000-0002-9700-8396,Economics,1,5,2013,2008,1,4.4,6.2,0.4611,0.7,0.4278,0.6,3,1,5,3,2012
Eugene F. Fama,0000-0002-9700-8396,Economics,1,10,2013,2003,1,4.4,6.2,0.4611,0.7,0.4278,0.6,3,1,5,3,2012
Lars Peter Hansen,0000-0002-8916-8746,Economics,1,0,2013,2013,1512,1.64,2.97,0.2235,0.5204,0.8556,0.0162,54,20,185,105,2012
Lars Peter Hansen,0000-0002-8916-8746,Economics,1,5,2013,2008,26,1.65,2.91,0.2034,0.5251,0.7833,0.0145,44,3,138,81,2012
Lars Peter Hansen,0000-0002-8916-8746,Economics,1,10,2013,2003,18,1.71,2.91,0.2061,0.5277,0.4165,0.0667,38,2,90,57,2012
Robert J. Shiller,0000-0003-1352-3494,Economics,1,0,2013,2013,1991,1.75,2.39,0.1498,0.4795,0.0,0.0,69,21,260,146,2012
Robert J. Shiller,0000-0003-1352-3494,Economics,1,5,2013,2008,55,1.58,2.26,0.1488,0.4818,0.0,0.0,70,4,195,147,2012
Robert J. Shiller,0000-0003-1352-3494,Economics,1,10,2013,2003,55,1.49,1.87,0.1508,0.4874,0.0,0.0,62,4,205,165,2012
Alvin E. Roth,0000-0002-0968-1816,Economics,1,0,2012,2012,860,2.19,3.02,0.2464,0.5139,0.3277,0.0973,61,17,185,129,2012
Alvin E. Roth,0000-0002-0968-1816,Economics,1,5,2012,2007,27,1.87,2.56,0.2436,0.4956,0.2683,0.0786,51,2,140,90,2012
Alvin E. Roth,0000-0002-0968-1816,Economics,1,10,2012,2002,17,1.85,2.5,0.2491,0.4855,0.2958,0.0435,48,2,115,70,2012
Thomas J. Sargent,0000-0003-1801-1175,Economics,1,0,2011,2011,67,1.94,2.24,0.2249,0.5073,0.5312,0.004,59,5,250,151,2012
Thomas J. Sargent,0000-0003-1801-1175,Economics,1,5,2011,2006,77,1.88,2.26,0.2329,0.5099,0.0,0.0,50,5,184,112,2012
Thomas J. Sargent,0000-0003-1801-1175,Economics,1,10,2011,2001,70,1.68,1.98,0.1864,0.516,0.0,0.0,47,5,154,88,2012
Christopher A. Sims,0000-0001-6695-0886,Economics,1,0,2011,2011,27,1.31,1.66,0.2474,0.5216,0.5833,0.0084,39,2,119,75,2012
Christopher A. Sims,0000-0001-6695-0886,Economics,1,5,2011,2006,34,1.35,1.78,0.266,0.5159,0.5833,0.0086,42,3,116,78,2012
Christopher A. Sims,0000-0001-6695-0886,Economics,1,10,2011,2001,58,1.44,1.99,0.2571,0.5139,0.5833,0.0104,36,5,96,67,2012
Peter A. Diamond,0000-0002-0957-2015,Economics,1,0,2010,2010,110,1.38,1.84,0.1687,0.4558,0.6334,0.0114,47,4,176,117,2012
Peter A. Diamond,0000-0002-0957-2015,Economics,1,5,2010,2005,112,1.21,1.74,0.1854,0.4687,0.625,0.0074,40,4,136,89,2012
Peter A. Diamond,0000-0002-0957-2015,Economics,1,10,2010,2000,82,1.14,1.72,0.1787,0.4787,0.625,0.0094,33,4,106,71,2012
Christopher A. Pissarides,0000-0002-5059-7791,Economics,1,0,2010,2010,27,1.66,1.91,0.1528,0.4689,0.0,0.0,44,3,152,84,2012
Christopher A. Pissarides,0000-0002-5059-7791,Economics,1,5,2010,2005,60,1.54,1.86,0.1246,0.4709,0.2604,0.0069,46,5,145,69,2012
Christopher A. Pissarides,0000-0002-5059-7791,Economics,1,10,2010,2000,72,1.39,1.7,0.1299,0.4761,0.2604,0.008,38,5,125,64,2012
Paul Krugman,0000-0001-8364-0845,Economics,1,0,2008,2008,65,1.52,2.25,0.1255,0.4684,0.1417,0.0027,123,3,365,140,2012
Paul Krugman,0000-0001-8364-0845,Economics,1,5,2008,2003,88,1.47,2.11,0.1205,0.474,0.0,0.0,115,5,344,155,2012
Paul Krugman,0000-0001-8364-0845,Economics,1,10,2008,1998,71,1.42,1.97,0.1228,0.4757,0.0,0.0,101,4,311,147,2012
Eric S. Maskin,0000-0002-8460-8468,Economics,1,0,2007,2007,24,1.67,2.62,0.1085,0.4863,0.0,0.0,34,3,113,69,2012
Eric S. Maskin,0000-0002-8460-8468,Economics,1,5,2007,2002,68,1.79,2.7,0.099,0.492,0.0,0.0,29,4,106,57,2012
Eric S. Maskin,0000-0002-8460-8468,Economics,1,10,2007,1997,103,1.79,2.49,0.1095,0.5001,0.0,0.0,33,5,106,49,2012
Roger B. Myerson,0000-0002-8860-0647,Economics,1,0,2007,2007,15,1.31,1.52,0.1377,0.4908,0.0,0.0,35,2,87,53,2012
Roger B. Myerson,0000-0002-8860-0647,Economics,1,5,2007,2002,12,1.32,1.66,0.1484,0.5016,0.0,0.0,26,2,77,45,2012
Roger B. Myerson,0000-0002-8860-0647,Economics,1,10,2007,1997,18,1.31,1.57,0.1536,0.5061,0.0,0.0,24,2,84,47,2012
Edmund S. Phelps,0000-0002-1735-7724,Economics,1,0,2006,2006,105,1.61,1.97,0.1333,0.4751,0.0,0.0,40,5,145,108,2012
Edmund S. Phelps,0000-0002-1735-7724,Economics,1,5,2006,2001,94,1.7,2.08,0.1429,0.4714,0.0,0.0,38,5,117,92,2012
Edmund S. Phelps,0000-0002-1735-7724,Economics,1,10,2006,1996,115,1.4,1.64,0.1481,0.4751,0.0,0.0,33,6,154,82,2012
Robert J. Aumann,0000-0003-1231-2997,Economics,1,0,2005,2005,16,1.01,1.68,0.1555,0.4968,0.0,0.0,25,2,69,27,2012
Robert J. Aumann,0000-0003-1231-2997,Economics,1,5,2005,2000,10,1.07,1.63,0.187,0.5245,0.0,0.0,27,2,60,22,2012
Robert J. Aumann,0000-0003-1231-2997,Economics,1,10,2005,1995,28,1.08,1.6,0.1861,0.5333,0.0,0.0,26,3,48,19,2012
Aviv Regev,0000-0003-3293-3158,Medicine,0,0,2006,2006,18,3.32,5.45,0.5513,0.8426,0.6261,0.5909,14,2,22,11,2012
Aviv Regev,0000-0003-3293-3158,Medicine,0,5,2006,2001,18,2.11,4.0,0.4783,0.8002,0.6029,0.5556,7,2,9,5,2012
Aviv Regev,0000-0003-3293-3158,Medicine,0,10,2006,1996,13,3.5,5.0,0.0,0.8,0.0,0.0,2,1,2,0,2013
Kevin W. Eliceiri,0000-0001-8678-670X,Medicine,0,0,2020,2020,67909,5.51,7.33,0.4524,0.7933,0.5962,0.4266,165,52,361,286,2012
Kevin W. Eliceiri,0000-0001-8678-670X,Medicine,0,5,2020,2015,10919,4.72,6.68,0.4677,0.8055,0.5823,0.4802,89,28,177,133,2012
Kevin W. Eliceiri,0000-0001-8678-670X,Medicine,0,10,2020,2010,3,3.73,5.47,0.5032,0.8276,0.5757,0.5968,36,1,62,48,2012
Eugene W. Myers,0000-0002-6580-7839,Medicine,0,0,2024,2024,22871,11.77,15.56,0.4717,0.8154,0.581,0.3688,53,51,160,126,2012
Eugene W. Myers,0000-0002-6580-7839,Medicine,0,5,2024,2019,14228,7.59,11.88,0.5274,0.8211,0.5988,0.5333,40,38,105,74,2012
Eugene W. Myers,0000-0002-6580-7839,Medicine,0,10,2024,2014,5544,5.88,10.51,0.4833,0.803,0.611,0.5176,38,24,85,55,2012
Nils Gehlenborg,0000-0003-0327-8297,Medicine,0,0,2017,2017,6180,16.63,25.77,0.3219,0.7503,0.425,0.3205,22,22,78,46,2012
Nils Gehlenborg,0000-0003-0327-8297,Medicine,0,5,2017,2012,142,1.92,5.75,0.3663,0.7969,0.4949,0.5,9,5,24,15,2012
Nils Gehlenborg,0000-0003-0327-8297,Medicine,0,10,2017,2007,0,1.33,3.0,0.3028,0.8964,0.5417,0.3333,3,0,3,3,2012
Roland Eils,0000-0002-0034-4036,Medicine,0,0,2017,2017,12490,9.76,14.03,0.5369,0.8213,0.6612,0.4638,173,50,470,315,2012
Roland Eils,0000-0002-0034-4036,Medicine,0,5,2017,2012,1330,6.86,9.64,0.5546,0.8229,0.6835,0.5052,132,17,291,176,2012
Roland Eils,0000-0002-0034-4036,Medicine,0,10,2017,2007,53,5.6,8.37,0.586,0.8256,0.6865,0.4935,78,4,154,77,2012
Sarah A. Teichmann,0000-0002-6294-6366,Medicine,0,0,2018,2018,11814,6.86,8.95,0.5076,0.8751,0.5585,0.4133,96,56,271,177,2012
Sarah A. Teichmann,0000-0002-6294-6366,Medicine,0,5,2018,2013,2200,5.12,6.56,0.4396,0.8747,0.5284,0.4565,63,24,138,77,2012
Sarah A. Teichmann,0000-0002-6294-6366,Medicine,0,10,2018,2008,16,4.29,5.39,0.4216,0.8708,0.5263,0.4048,39,2,84,39,2012
Mark D. Robinson,0000-0002-3048-5518,Medicine,0,0,2020,2020,34467,5.55,8.89,0.4784,0.8242,0.6401,0.3345,105,56,284,227,2012
Mark D. Robinson,0000-0002-3048-5518,Medicine,0,5,2020,2015,7472,4.48,8.45,0.488,0.7938,0.6477,0.4234,67,32,137,100,2012
Mark D. Robinson,0000-0002-3048-5518,Medicine,0,10,2020,2010,26,3.7,8.31,0.5464,0.7548,0.6531,0.6338,43,3,71,49,2012
Pavel Tomančák,0000-0002-2222-9370,Medicine,0,0,2021,2021,42392,6.44,8.06,0.4127,0.836,0.5201,0.391,57,45,156,98,2012
Pavel Tomančák,0000-0002-2222-9370,Medicine,0,5,2021,2016,7492,5.75,7.13,0.4616,0.8456,0.5198,0.5169,41,29,89,57,2012
Pavel Tomančák,0000-0002-2222-9370,Medicine,0,10,2021,2011,1,4.2,6.03,0.4873,0.8578,0.5572,0.6,24,1,40,28,2012
Curtis Rueden,0000-0001-7055-6707,Medicine,0,0,2009,2009,2,2.47,6.07,0.4709,0.765,0.7656,0.4667,8,1,15,13,2012
Curtis Rueden,0000-0001-7055-6707,Medicine,0,5,2009,2004,1,1.8,6.4,0.211,0.7066,0.2552,0.2,3,1,5,3,2012
Curtis Rueden,0000-0001-7055-6707,Medicine,0,10,2009,1999,0,2.0,6.0,0.1,0.6328,0.0,0.0,0,0,1,1,
Fabian J. Theis,0000-0002-2419-1943,Medicine,0,0,2021,2021,22764,10.2,12.82,0.5786,0.8087,0.694,0.386,158,70,500,378,2012
Fabian J. Theis,0000-0002-2419-1943,Medicine,0,5,2021,2016,2547,7.11,9.01,0.606,0.8191,0.7239,0.4652,90,27,187,126,2012
Fabian J. Theis,0000-0002-2419-1943,Medicine,0,10,2021,2011,0,3.5,4.0,0.1416,0.8834,0.25,0.5,2,0,2,2,2012
Ignacio Arganda‐Carreras,0000-0003-0229-5722,Medicine,0,0,2013,2013,651,2.07,6.64,0.5419,0.7619,0.7233,0.5714,11,7,14,11,2012
Ignacio Arganda‐Carreras,0000-0003-0229-5722,Medicine,0,5,2013,2008,0,1.25,5.5,0.2877,0.6997,0.751,0.25,3,0,4,3,2012
Jean-Yves Tinévez,0000-0002-0998-4718,Medicine,0,0,2023,2023,53950,4.05,6.48,0.3086,0.732,0.4452,0.1351,53,24,185,163,2012
Jean-Yves Tinévez,0000-0002-0998-4718,Medicine,0,5,2023,2018,12209,3.75,7.17,0.3804,0.6782,0.4745,0.25,32,13,76,61,2012
Jean-Yves Tinévez,0000-0002-0998-4718,Medicine,0,10,2023,2013,582,2.44,5.03,0.3565,0.5788,0.4671,0.2778,20,6,36,26,2012
Stephan Preibisch,0000-0002-0276-494X,Medicine,0,0,2024,2024,65276,6.21,13.56,0.4332,0.8429,0.566,0.2959,44,30,98,77,2012
Stephan Preibisch,0000-0002-0276-494X,Medicine,0,5,2024,2019,19166,4.06,6.4,0.4954,0.8455,0.5924,0.5,29,19,48,36,2012
Stephan Preibisch,0000-0002-0276-494X,Medicine,0,10,2024,2014,1905,2.57,5.21,0.4806,0.8391,0.6315,0.5,19,11,28,19,2012
Benjamin Schmid,0000-0002-9327-2296,Medicine,0,0,2021,2021,34758,3.96,8.77,0.4725,0.8029,0.5451,0.4464,42,20,56,42,2012
Benjamin Schmid,0000-0002-9327-2296,Medicine,0,5,2021,2016,5104,3.09,6.26,0.4384,0.8082,0.5477,0.4571,26,12,35,25,2012
Benjamin Schmid,0000-0002-9327-2296,Medicine,0,10,2021,2011,2,3.39,6.72,0.4246,0.8082,0.6896,0.2778,16,1,18,14,2012
Erwin Frise,0000-0002-9281-4567,Medicine,0,0,2018,2018,11493,6.67,13.4,0.4833,0.8422,0.5741,0.6,10,11,15,13,2012
Erwin Frise,0000-0002-9281-4567,Medicine,0,5,2018,2013,590,4.79,10.86,0.4905,0.8334,0.5393,0.6429,10,8,14,12,2012
Erwin Frise,0000-0002-9281-4567,Medicine,0,10,2018,2008,0,5.0,11.8,0.4548,0.8067,0.5417,0.5,7,0,10,9,2012
Tobias Pietzsch,0000-0002-9477-3957,Medicine,0,0,2018,2018,10863,2.28,5.08,0.3678,0.7257,0.4062,0.2,11,8,25,18,2012
Tobias Pietzsch,0000-0002-9477-3957,Medicine,0,5,2018,2013,435,2.08,3.83,0.2434,0.6685,0.4375,0.0833,5,4,12,8,2012
Tobias Pietzsch,0000-0002-9477-3957,Medicine,0,10,2018,2008,4,1.0,1.6,0.2333,0.5692,0.0,0.0,1,1,5,3,2012
Rahul Satija,0000-0002-1479-664X,Medicine,0,0,2009,2009,0,14.75,28.25,0.8333,0.8488,0.8333,1.0,4,0,4,4,2012
Garry P. Nolan,0000-0002-8862-9043,Medicine,0,0,2007,2007,136,4.37,5.92,0.5537,0.8282,0.665,0.6267,68,7,150,85,2012
Garry P. Nolan,0000-0002-8862-9043,Medicine,0,5,2007,2002,165,4.45,6.57,0.5158,0.8412,0.6161,0.6344,45,8,93,50,2012
Garry P. Nolan,0000-0002-8862-9043,Medicine,0,10,2007,1997,138,3.78,6.78,0.464,0.8396,0.5938,0.5556,26,7,54,36,2012
Xiaowei Zhuang,0000-0002-6034-7853,Medicine,0,0,2024,2024,45499,8.28,9.35,0.5251,0.8481,0.631,0.4182,82,95,275,177,2012
Xiaowei Zhuang,0000-0002-6034-7853,Medicine,0,5,2024,2019,22157,5.22,5.96,0.4926,0.846,0.6063,0.4779,69,66,226,136,2012
Xiaowei Zhuang,0000-0002-6034-7853,Medicine,0,10,2024,2014,6844,4.02,4.96,0.4624,0.8405,0.581,0.4343,64,41,175,91,2012
John C. Marioni,0000-0001-9092-0852,Medicine,0,0,2019,2019,13722,8.0,10.31,0.5678,0.8589,0.696,0.3803,65,55,234,192,2012
John C. Marioni,0000-0001-9092-0852,Medicine,0,5,2019,2014,2604,6.39,9.19,0.5583,0.8531,0.6995,0.5072,33,22,69,54,2012
John C. Marioni,0000-0001-9092-0852,Medicine,0,10,2019,2009,0,4.24,9.29,0.6739,0.847,0.6911,0.8235,12,0,17,11,2012
Peter K. Sorger,0000-0002-3364-1838,Medicine,0,0,2005,2005,4,3.55,4.55,0.439,0.8546,0.5241,0.5217,30,1,69,33,2012
Peter K. Sorger,0000-0002-3364-1838,Medicine,0,5,2005,2000,4,3.39,4.85,0.3602,0.8566,0.4151,0.3939,14,1,33,11,2012
Peter K. Sorger,0000-0002-3364-1838,Medicine,0,10,2005,1995,0,3.1,4.75,0.3943,0.7767,0.4144,0.45,9,0,20,7,2012
Michael Hawrylycz,0000-0002-5741-8024,Medicine,0,0,2009,2009,1,5.3,11.0,0.5214,0.7814,0.7205,0.3243,23,1,37,21,2012
Michael Hawrylycz,0000-0002-5741-8024,Medicine,0,5,2009,2004,5,1.76,4.06,0.5097,0.6941,0.6459,0.1176,11,1,17,11,2012
Michael Hawrylycz,0000-0002-5741-8024,Medicine,0,10,2009,1999,5,1.5,1.67,0.2333,0.6082,0.0,0.0,9,1,12,7,2012
Dana Pe’er,0000-0002-9259-8817,Medicine,0,0,2013,2013,1619,5.54,6.69,0.6473,0.8346,0.72,0.4375,22,16,48,41,2012
Dana Pe’er,0000-0002-9259-8817,Medicine,0,5,2013,2008,0,2.5,4.08,0.667,0.8133,0.9196,0.5833,10,0,12,10,2012
Dana Pe’er,0000-0002-9259-8817,Medicine,0,10,2013,2003,0,2.86,4.0,0.6405,0.8085,0.8958,0.5714,5,0,7,5,2012
Efthymia Papalexi,0000-0001-5898-694X,Medicine,0,0,2018,2018,358,5.0,11.27,0.6476,0.8363,0.8472,0.2727,9,3,11,5,2012
Efthymia Papalexi,0000-0001-5898-694X,Medicine,0,5,2018,2013,0,1.0,1.0,0.0,0.7995,0.0,0.0,0,0,1,0,2015
Ed S. Lein,0000-0001-9012-6552,Medicine,0,0,2012,2012,489,8.57,17.0,0.5944,0.8348,0.7031,0.6957,14,9,23,11,2012
Ed S. Lein,0000-0001-9012-6552,Medicine,0,5,2012,2007,0,1.25,27.25,0.4469,0.7667,0.5938,0.5,4,0,4,3,2012
Atsushi Miyawaki,0000-0002-0671-4376,Medicine,0,0,2007,2007,34,3.81,5.8,0.5334,0.8326,0.6518,0.4691,91,3,194,85,2012
Atsushi Miyawaki,0000-0002-0671-4376,Medicine,0,5,2007,2002,27,3.31,6.38,0.5355,0.8305,0.6106,0.4886,48,3,88,41,2012
Atsushi Miyawaki,0000-0002-0671-4376,Medicine,0,10,2007,1997,8,3.41,7.11,0.5224,0.8368,0.5956,0.4643,30,2,56,23,2012
Susan M. Sunkin,0000-0001-9893-3834,Medicine,0,0,2017,2017,7326,8.9,20.57,0.5109,0.8314,0.5773,0.6393,30,25,61,27,2012
Susan M. Sunkin,0000-0001-9893-3834,Medicine,0,5,2017,2012,635,7.46,11.66,0.558,0.803,0.5957,0.7805,27,10,41,18,2012
Susan M. Sunkin,0000-0001-9893-3834,Medicine,0,10,2017,2007,0,7.05,9.86,0.4526,0.7526,0.4987,0.7273,15,0,22,12,2012
Jean Yang,0000-0002-5271-2603,Medicine,0,0,2024,2024,9160,7.35,9.99,0.5245,0.7887,0.657,0.3523,152,48,352,288,2012
Jean Yang,0000-0002-5271-2603,Medicine,0,5,2024,2019,9695,5.81,8.23,0.5604,0.7888,0.6972,0.4278,95,26,180,142,2012
Jean Yang,0000-0002-5271-2603,Medicine,0,10,2024,2014,3820,4.44,6.79,0.5711,0.7869,0.7408,0.4533,44,16,75,55,2012
Emma Lundberg,0000-0001-7034-0850,Medicine,0,0,2019,2019,10200,7.16,11.66,0.5228,0.8281,0.5943,0.4221,50,30,154,114,2012
Emma Lundberg,0000-0001-7034-0850,Medicine,0,5,2019,2014,1513,4.92,9.24,0.5818,0.8336,0.647,0.5696,28,18,79,62,2012
Emma Lundberg,0000-0001-7034-0850,Medicine,0,10,2019,2009,1,3.15,7.58,0.5417,0.805,0.6042,0.3462,8,1,26,19,2012
Lydia Ng,0000-0002-7499-3514,Medicine,0,0,2013,2013,1168,3.86,8.86,0.5212,0.7957,0.762,0.2571,25,11,70,48,2012
Lydia Ng,0000-0002-7499-3514,Medicine,0,5,2013,2008,13,3.67,7.13,0.4972,0.774,0.8139,0.1304,12,2,46,38,2012
Lydia Ng,0000-0002-7499-3514,Medicine,0,10,2013,2003,10,1.83,4.17,0.3139,0.6386,0.7167,0.1667,3,1,6,4,2012
Yvan Saeys,0000-0002-0415-1506,Medicine,0,0,2015,2015,2433,3.24,5.44,0.3807,0.7856,0.6278,0.2212,30,17,113,61,2012
Yvan Saeys,0000-0002-0415-1506,Medicine,0,5,2015,2010,8,2.49,4.71,0.3173,0.8008,0.5721,0.2063,15,2,63,34,2012
Yvan Saeys,0000-0002-0415-1506,Medicine,0,10,2015,2005,4,1.95,4.52,0.3451,0.8226,0.575,0.2381,8,1,21,8,2012
Michael W. Davidson,0000-0002-6420-952X,Medicine,0,0,2017,2017,12588,4.38,5.84,0.421,0.7711,0.6294,0.337,91,47,273,199,2012
Michael W. Davidson,0000-0002-6420-952X,Medicine,0,5,2017,2012,1322,3.18,4.03,0.3833,0.7588,0.6136,0.3,55,16,150,107,2012
Michael W. Davidson,0000-0002-6420-952X,Medicine,0,10,2017,2007,23,2.88,4.24,0.349,0.7644,0.4846,0.3061,34,3,49,27,2012
Scott E. Fraser,0000-0002-5377-0223,Medicine,0,0,2020,2020,10948,4.59,5.87,0.4689,0.7865,0.6421,0.3859,131,51,355,238,2012
Scott E. Fraser,0000-0002-5377-0223,Medicine,0,5,2020,2015,5577,3.97,5.19,0.4739,0.7858,0.6373,0.4225,124,39,329,202,2012
Scott E. Fraser,0000-0002-5377-0223,Medicine,0,10,2020,2010,62,3.51,4.32,0.4757,0.7956,0.5971,0.4639,112,4,291,177,2012
Anne E. Carpenter,0000-0003-1555-8261,Medicine,0,0,2018,2018,8887,6.44,8.72,0.5264,0.8091,0.6415,0.4157,72,44,178,112,2012
Anne E. Carpenter,0000-0003-1555-8261,Medicine,0,5,2018,2013,1875,5.3,7.82,0.4595,0.8006,0.5715,0.3423,46,21,111,60,2012
Anne E. Carpenter,0000-0003-1555-8261,Medicine,0,10,2018,2008,0,3.23,6.1,0.4843,0.8655,0.6229,0.4516,25,0,31,18,2012
Shalev Itzkovitz,0000-0003-0685-2522,Medicine,0,0,2015,2015,4167,3.06,7.55,0.424,0.839,0.5328,0.4219,34,24,64,40,2012
Shalev Itzkovitz,0000-0003-0685-2522,Medicine,0,5,2015,2010,0,2.45,5.8,0.431,0.8434,0.6168,0.35,19,0,40,30,2012
Shalev Itzkovitz,0000-0003-0685-2522,Medicine,0,10,2015,2005,0,2.06,4.82,0.3247,0.8473,0.5903,0.1765,8,0,17,14,2012
Jeff W. Lichtman,0000-0002-0208-3212,Medicine,0,0,2021,2021,13609,6.16,7.39,0.4927,0.8113,0.6268,0.3889,81,54,234,142,2012
Jeff W. Lichtman,0000-0002-0208-3212,Medicine,0,5,2021,2016,6754,4.77,5.71,0.4858,0.8111,0.5572,0.5029,62,42,175,103,2012
Jeff W. Lichtman,0000-0002-0208-3212,Medicine,0,10,2021,2011,27,4.02,5.26,0.4415,0.8059,0.4976,0.536,54,2,125,63,2012
Evan Z. Macosko,0000-0002-2794-5165,Medicine,0,0,2021,2021,11969,13.35,17.59,0.5589,0.8428,0.715,0.359,20,28,78,52,2012
Evan Z. Macosko,0000-0002-2794-5165,Medicine,0,5,2021,2016,1047,2.88,8.25,0.4189,0.8067,0.5347,0.375,8,10,16,6,2012
Evan Z. Macosko,0000-0002-2794-5165,Medicine,0,10,2021,2011,0,3.2,6.2,0.2334,0.8072,0.2778,0.6,4,0,5,2,2012
Maryann E. Martone,0000-0002-8406-3871,Medicine,0,0,2014,2014,2163,4.52,6.82,0.4183,0.7882,0.5864,0.3317,79,24,205,143,2012
Maryann E. Martone,0000-0002-8406-3871,Medicine,0,5,2014,2009,89,3.96,6.71,0.5,0.7851,0.6206,0.4198,61,5,162,106,2012
Maryann E. Martone,0000-0002-8406-3871,Medicine,0,10,2014,2004,100,3.08,5.69,0.5134,0.7911,0.611,0.4397,50,6,116,68,2012
Markus Sauer,0000-0002-1692-3219,Medicine,0,0,2021,2021,15223,5.68,7.37,0.4328,0.8303,0.5816,0.3593,164,63,437,320,2012
Markus Sauer,0000-0002-1692-3219,Medicine,0,5,2021,2016,6430,4.64,6.22,0.4323,0.8192,0.5902,0.345,134,41,342,236,2012
Markus Sauer,0000-0002-1692-3219,Medicine,0,10,2021,2011,79,4.37,6.13,0.419,0.813,0.6294,0.2937,97,5,269,181,2012
Ernst H. K. Stelzer,0000-0003-1545-0736,Medicine,0,0,2014,2014,3418,11.57,14.38,0.4223,0.8325,0.6004,0.3489,95,29,235,123,2012
Ernst H. K. Stelzer,0000-0003-1545-0736,Medicine,0,5,2014,2009,74,10.97,14.11,0.398,0.835,0.6142,0.2681,91,6,235,114,2012
Ernst H. K. Stelzer,0000-0003-1545-0736,Medicine,0,10,2014,2004,322,11.45,15.22,0.3666,0.8287,0.5979,0.1943,73,9,211,103,2012
Wataru Fujibuchi,0000-0003-2243-9981,Medicine,0,0,2014,2014,3218,3.79,6.23,0.4855,0.8221,0.6863,0.3699,43,11,73,48,2012
Wataru Fujibuchi,0000-0003-2243-9981,Medicine,0,5,2014,2009,10,3.0,5.24,0.4902,0.8211,0.6764,0.3571,24,2,42,26,2012
Wataru Fujibuchi,0000-0003-2243-9981,Medicine,0,10,2014,2004,6,1.92,3.46,0.4937,0.8846,0.6823,0.3077,7,1,13,11,2012
Nir Yosef,0000-0001-9004-1225,Medicine,0,0,2007,2007,2,3.5,7.75,0.7222,0.8666,0.7222,0.75,3,1,4,2,2012
Nir Yosef,0000-0001-9004-1225,Medicine,0,5,2007,2002,2,1.0,2.0,0.0,0.7665,0.0,0.0,1,1,1,0,
Nir Yosef,0000-0001-9004-1225,Medicine,0,10,2007,1997,2,1.0,2.0,0.0,0.7665,0.0,0.0,1,1,1,0,
Paul A. Clemons,0000-0002-1800-5112,Medicine,0,0,2017,2017,4248,11.34,15.82,0.5897,0.8064,0.655,0.536,54,28,125,90,2012
Paul A. Clemons,0000-0002-1800-5112,Medicine,0,5,2017,2012,406,5.53,7.84,0.574,0.8088,0.6207,0.6182,27,8,55,39,2012
Paul A. Clemons,0000-0002-1800-5112,Medicine,0,10,2017,2007,21,2.91,4.55,0.7271,0.7909,0.7292,0.5909,13,2,22,10,2012
Gerard J. Kleywegt,0000-0002-4670-0331,Medicine,0,0,2023,2023,13860,8.84,12.13,0.5323,0.8285,0.6182,0.5106,49,44,141,104,2012
Gerard J. Kleywegt,0000-0002-4670-0331,Medicine,0,5,2023,2018,4136,7.76,10.5,0.5833,0.8321,0.6596,0.4934,47,34,152,96,2012
Gerard J. Kleywegt,0000-0002-4670-0331,Medicine,0,10,2023,2013,1530,5.22,6.81,0.5851,0.8243,0.6753,0.4539,41,22,152,80,2012
Jan Ellenberg,0000-0001-5909-701X,Medicine,0,0,2012,2012,1310,5.63,7.12,0.5628,0.8732,0.6575,0.5772,46,20,123,58,2012
Jan Ellenberg,0000-0001-5909-701X,Medicine,0,5,2012,2007,11,4.73,6.22,0.5599,0.8734,0.6599,0.557,31,2,79,36,2012
Jan Ellenberg,0000-0001-5909-701X,Medicine,0,10,2012,2002,6,3.74,5.96,0.4772,0.8692,0.5714,0.5185,16,1,27,15,2012
Allan R. Jones,0000-0001-6169-9749,Medicine,0,0,2009,2009,24,5.04,7.87,0.5145,0.7708,0.6699,0.5652,13,1,23,11,2012
Allan R. Jones,0000-0001-6169-9749,Medicine,0,5,2009,2004,29,2.71,4.88,0.3744,0.6913,0.618,0.3529,10,2,17,12,2012
Allan R. Jones,0000-0001-6169-9749,Medicine,0,10,2009,1999,29,2.36,3.0,0.2454,0.6538,0.3694,0.2143,8,2,14,9,2012
Zichen Wang,0000-0002-1415-1286,Medicine,0,0,2020,2020,7354,4.9,13.08,0.4544,0.7894,0.5566,0.3133,55,25,83,54,2012
Zichen Wang,0000-0002-1415-1286,Medicine,0,5,2020,2015,213,3.38,7.75,0.4172,0.849,0.5969,0.3125,12,5,16,9,2012
Zichen Wang,0000-0002-1415-1286,Medicine,0,10,2020,2010,0,3.0,4.0,0.0,0.6669,0.0,0.0,1,0,1,0,2015
Michael Boutros,0000-0002-9458-817X,Medicine,0,0,2014,2014,2973,6.1,7.31,0.4538,0.8634,0.5111,0.4593,64,31,135,76,2012
Michael Boutros,0000-0002-9458-817X,Medicine,0,5,2014,2009,2,4.56,6.27,0.4462,0.8548,0.5208,0.4583,32,1,48,21,2012
Michael Boutros,0000-0002-9458-817X,Medicine,0,10,2014,2004,0,2.92,5.62,0.4205,0.8329,0.4458,0.7692,8,0,13,5,2012
Bosiljka Tasic,0000-0002-6861-4506,Medicine,0,0,2021,2021,10849,22.4,28.2,0.5076,0.8489,0.6612,0.3694,30,35,111,69,2012
Bosiljka Tasic,0000-0002-6861-4506,Medicine,0,5,2021,2016,1869,3.7,8.8,0.546,0.8443,0.6046,0.7,12,14,20,9,2012
Bosiljka Tasic,0000-0002-6861-4506,Medicine,0,10,2021,2011,0,2.5,6.2,0.6581,0.8432,0.7092,0.7,7,0,10,5,2012
Rex L. Chisholm,0000-0002-5638-3990,Medicine,0,0,2008,2008,96,5.7,6.77,0.4006,0.837,0.4489,0.4426,26,5,61,40,2012
Rex L. Chisholm,0000-0002-5638-3990,Medicine,0,5,2008,2003,167,3.8,5.27,0.4526,0.824,0.4844,0.4909,26,8,55,35,2012
Rex L. Chisholm,0000-0002-5638-3990,Medicine,0,10,2008,1998,227,2.5,3.79,0.4542,0.828,0.5042,0.4167,23,9,48,29,2012
Christian Eggeling,0000-0002-3698-5599,Medicine,0,0,2016,2016,6536,5.37,7.72,0.5069,0.8455,0.6521,0.4064,81,44,219,119,2012
Christian Eggeling,0000-0002-3698-5599,Medicine,0,5,2016,2011,4,4.48,7.8,0.5107,0.8472,0.6918,0.4237,43,1,118,65,2012
Christian Eggeling,0000-0002-3698-5599,Medicine,0,10,2016,2006,4,3.52,6.23,0.5086,0.8469,0.7757,0.3115,25,1,61,35,2012
Bo Wang,0000-0002-9620-3413,Medicine,0,0,2006,2006,6,2.21,3.91,0.3892,0.6911,0.6329,0.2679,33,1,56,43,2012
Bo Wang,0000-0002-9620-3413,Medicine,0,5,2006,2001,3,1.91,4.82,0.3583,0.7547,0.4555,0.2727,7,1,11,6,2012
Bo Wang,0000-0002-9620-3413,Medicine,0,10,2006,1996,0,1.5,4.5,0.5833,0.7668,0.5833,0.5,2,0,2,1,2012
Qing Nie,0000-0002-8804-3368,Medicine,0,0,2006,2006,6,2.09,3.39,0.3294,0.7886,0.4792,0.2121,20,2,33,16,2012
Qing Nie,0000-0002-8804-3368,Medicine,0,5,2006,2001,3,1.85,2.23,0.2389,0.7481,0.0,0.0,8,1,13,7,2012
Qing Nie,0000-0002-8804-3368,Medicine,0,10,2006,1996,2,1.0,1.5,0.0,0.7334,0.0,0.0,2,1,2,1,2018
Richard H. Scheuermann,0000-0003-1355-892X,Medicine,0,0,2014,2014,1912,7.67,10.2,0.5168,0.8134,0.6133,0.4718,72,20,142,101,2012
Richard H. Scheuermann,0000-0003-1355-892X,Medicine,0,5,2014,2009,69,6.18,9.22,0.5189,0.8158,0.5898,0.5588,52,4,102,70,2012
Richard H. Scheuermann,0000-0003-1355-892X,Medicine,0,10,2014,2004,69,4.72,6.88,0.5126,0.8209,0.5584,0.7018,34,4,57,35,2012
Roberto Romero,0000-0002-4448-5121,Medicine,0,0,2008,2008,77,5.98,10.25,0.5684,0.737,0.6549,0.448,92,4,500,234,2012
Roberto Romero,0000-0002-4448-5121,Medicine,0,5,2008,2003,10,5.59,7.0,1.0,0.7201,1.0,0.0588,2,2,17,0,2012
K. H. Nicolaides,0000-0003-1266-0711,Medicine,0,0,2019,2019,13209,7.34,10.29,0.7197,0.7014,0.849,0.652,81,59,500,380,2012
K. H. Nicolaides,0000-0003-1266-0711,Medicine,0,5,2019,2014,1693,7.88,12.03,0.7204,0.6985,0.8184,0.6505,41,22,186,133,2012
Ross S. Berkowitz,0000-0002-7569-898X,Medicine,0,0,2022,2022,10191,7.04,9.94,0.5986,0.72,0.7062,0.5,95,49,396,179,2012
Ross S. Berkowitz,0000-0002-7569-898X,Medicine,0,5,2022,2017,4902,6.34,8.46,0.5996,0.7289,0.6832,0.5539,79,33,334,165,2012
Ross S. Berkowitz,0000-0002-7569-898X,Medicine,0,10,2022,2012,904,5.76,7.62,0.5821,0.7335,0.6573,0.5784,66,14,268,152,2012
Ronald J. Wapner,0000-0003-0727-1244,Medicine,0,0,2023,2023,10099,9.89,17.85,0.6008,0.7082,0.7142,0.5,117,50,500,337,2012
Ronald J. Wapner,0000-0003-0727-1244,Medicine,0,5,2023,2018,1419,7.89,18.2,0.6981,0.7106,0.7859,0.6076,55,22,158,100,2012
Susan J. Fisher,0000-0001-7745-4850,Medicine,0,0,2018,2018,10154,7.41,9.3,0.4798,0.773,0.6239,0.4178,104,47,225,132,2012
Susan J. Fisher,0000-0001-7745-4850,Medicine,0,5,2018,2013,2829,6.53,8.01,0.5259,0.7816,0.6288,0.5143,97,29,210,125,2012
Susan J. Fisher,0000-0001-7745-4850,Medicine,0,10,2018,2008,67,5.15,6.48,0.4899,0.7703,0.6114,0.516,90,4,188,109,2012
David Hill,0000-0003-1970-1432,Medicine,0,0,2016,2016,6235,4.98,7.59,0.5342,0.676,0.8037,0.282,109,37,500,200,2012
David Hill,0000-0003-1970-1432,Medicine,0,5,2016,2011,125,4.95,7.19,0.5493,0.6735,0.8032,0.3075,87,5,361,132,2012
David Hill,0000-0003-1970-1432,Medicine,0,10,2016,2006,118,4.7,6.88,0.5242,0.6696,0.7984,0.3077,61,5,247,95,2012
Lisa Sullivan,0000-0003-0726-7149,Medicine,0,0,2021,2021,20976,4.1,8.36,0.6755,0.658,0.813,0.5137,160,72,364,230,2012
Lisa Sullivan,0000-0003-0726-7149,Medicine,0,5,2021,2016,11922,4.01,7.73,0.6904,0.6642,0.7938,0.586,171,51,372,234,2012
Lisa Sullivan,0000-0003-0726-7149,Medicine,0,10,2021,2011,82,3.51,6.94,0.696,0.6519,0.7888,0.6046,149,5,306,187,2012
Carlos Simón,0000-0003-0902-9531,Medicine,0,0,2018,2018,8412,6.42,8.0,0.6146,0.7648,0.7281,0.438,94,49,500,205,2012
Carlos Simón,0000-0003-0902-9531,Medicine,0,5,2018,2013,1760,5.96,7.57,0.6514,0.7621,0.7486,0.4373,64,22,311,125,2012
Carlos Simón,0000-0003-0902-9531,Medicine,0,10,2018,2008,13,5.1,6.55,0.6857,0.7493,0.8086,0.4306,40,2,144,58,2012
Yuk Ming Dennis Lo,0000-0001-8746-0293,Medicine,0,0,2021,2021,15781,6.71,7.74,0.5577,0.7619,0.6353,0.6689,94,65,293,226,2012
Yuk Ming Dennis Lo,0000-0001-8746-0293,Medicine,0,5,2021,2016,8765,5.33,6.37,0.5424,0.7539,0.6144,0.7038,86,46,260,201,2012
Yuk Ming Dennis Lo,0000-0001-8746-0293,Medicine,0,10,2021,2011,41,4.81,6.14,0.5256,0.7547,0.5965,0.7123,72,5,219,164,2012
Jan Deprest,0000-0002-4920-945X,Medicine,0,0,2014,2014,2538,6.59,9.83,0.5541,0.7011,0.754,0.416,100,26,500,233,2012
Jan Deprest,0000-0002-4920-945X,Medicine,0,5,2014,2009,14,6.93,9.21,0.5441,0.708,0.7539,0.4559,34,2,136,69,2012
Jie Qiao,0000-0003-2126-1376,Medicine,0,0,2017,2017,4007,6.21,7.89,0.6119,0.7473,0.7365,0.5942,129,27,414,266,2012
Jie Qiao,0000-0003-2126-1376,Medicine,0,5,2017,2012,219,4.09,6.64,0.6451,0.734,0.7502,0.5882,62,6,187,110,2012
Jie Qiao,0000-0003-2126-1376,Medicine,0,10,2017,2007,20,2.56,4.44,0.5091,0.72,0.6099,0.4762,24,2,63,30,2012
Nicholas Wald,0000-0003-1676-5908,Medicine,0,0,2012,2012,1318,2.57,4.01,0.5908,0.6732,0.6917,0.5871,61,16,310,173,2012
Nicholas Wald,0000-0003-1676-5908,Medicine,0,5,2012,2007,354,2.2,3.84,0.5389,0.6691,0.6528,0.5589,53,10,331,193,2012
Nicholas Wald,0000-0003-1676-5908,Medicine,0,10,2012,2002,472,2.24,3.76,0.5193,0.6679,0.6403,0.5477,47,12,283,159,2012
E. Gratacós,0000-0002-7405-7224,Medicine,0,0,2006,2006,43,4.76,7.85,0.5027,0.7071,0.719,0.3777,39,3,188,108,2012
E. Gratacós,0000-0002-7405-7224,Medicine,0,5,2006,2001,13,2.48,5.94,0.5679,0.7176,0.6931,0.5385,24,2,65,28,2012
E. Gratacós,0000-0002-7405-7224,Medicine,0,10,2006,1996,0,2.17,5.39,0.6591,0.7245,0.6776,0.7778,9,0,18,11,2012
Yuan Wei,0000-0003-3387-7549,Medicine,0,0,2014,2014,73,2.97,6.5,0.4418,0.7479,0.7787,0.3529,27,6,34,26,2012
Yuan Wei,0000-0003-3387-7549,Medicine,0,5,2014,2009,0,1.83,2.83,0.308,0.7747,0.7906,0.1667,12,0,12,10,2012
Yuan Wei,0000-0003-3387-7549,Medicine,0,10,2014,2004,0,1.5,1.67,0.2041,0.7774,0.5833,0.1667,6,0,6,6,2012
Aris T. Papageorghiou,0000-0001-8143-2232,Medicine,0,0,2019,2019,6993,6.42,10.52,0.5232,0.6849,0.8202,0.328,82,43,500,357,2012
Aris T. Papageorghiou,0000-0001-8143-2232,Medicine,0,5,2019,2014,833,4.85,7.53,0.5272,0.6804,0.8686,0.3452,33,16,197,159,2012
Martin H. Steinberg,0000-0001-8800-8020,Medicine,0,0,2014,2014,3284,5.69,7.62,0.5108,0.7161,0.6602,0.3736,88,31,356,277,2012
Martin H. Steinberg,0000-0001-8800-8020,Medicine,0,5,2014,2009,95,4.51,6.35,0.4845,0.711,0.6416,0.3855,75,5,275,205,2012
Martin H. Steinberg,0000-0001-8800-8020,Medicine,0,10,2014,2004,84,3.49,5.28,0.5194,0.708,0.6398,0.475,50,5,160,100,2012
Sonja A. Rasmussen,0000-0002-0574-4928,Medicine,0,0,2014,2014,3921,5.35,9.93,0.5673,0.7109,0.6573,0.6332,66,33,229,147,2012
Sonja A. Rasmussen,0000-0002-0574-4928,Medicine,0,5,2014,2009,20,3.75,7.15,0.5637,0.7127,0.6565,0.6077,46,3,130,87,2012
Sonja A. Rasmussen,0000-0002-0574-4928,Medicine,0,10,2014,2004,17,2.87,6.57,0.5702,0.7065,0.6349,0.65,27,3,60,36,2012
Helen Dolk,0000-0001-6639-5904,Medicine,0,0,2018,2018,5310,6.9,10.01,0.6147,0.6863,0.7855,0.5236,78,37,212,138,2012
Helen Dolk,0000-0001-6639-5904,Medicine,0,5,2018,2013,1189,3.86,6.94,0.6131,0.6777,0.7522,0.5394,64,17,165,101,2012
Helen Dolk,0000-0001-6639-5904,Medicine,0,10,2018,2008,24,2.98,5.94,0.5652,0.6683,0.699,0.5263,54,3,133,79,2012
Eric Jauniaux,0000-0003-0925-7737,Medicine,0,0,2017,2017,5455,3.32,5.35,0.5188,0.6917,0.6396,0.4554,68,36,314,152,2012
Eric Jauniaux,0000-0003-0925-7737,Medicine,0,5,2017,2012,1147,2.75,4.74,0.4967,0.6947,0.6132,0.4739,67,16,306,154,2012
Eric Jauniaux,0000-0003-0925-7737,Medicine,0,10,2017,2007,143,2.3,4.37,0.507,0.6976,0.5884,0.5392,63,7,293,138,2012
Asma Khalil,0000-0003-2802-7670,Medicine,0,0,2005,2005,0,2.5,4.0,0.2125,0.6748,0.2917,0.5,2,0,2,2,2012
Asma Khalil,0000-0003-2802-7670,Medicine,0,5,2005,2000,0,2.5,4.0,0.2125,0.6748,0.2917,0.5,2,0,2,2,2012
Peter Kaufmann,0000-0003-0459-2464,Medicine,0,0,2022,2022,7850,4.34,9.09,0.3547,0.6067,0.5953,0.2052,114,38,268,146,2012
Peter Kaufmann,0000-0003-0459-2464,Medicine,0,5,2022,2017,5457,3.98,7.04,0.4363,0.6584,0.6539,0.2736,113,36,296,114,2012
Peter Kaufmann,0000-0003-0459-2464,Medicine,0,10,2022,2012,1661,3.85,6.01,0.478,0.6892,0.6681,0.277,126,19,379,114,2012
Allan Hackshaw,0000-0002-5570-5070,Medicine,0,0,2007,2007,88,3.79,5.46,0.65,0.6827,0.7635,0.5524,38,6,105,48,2012
Allan Hackshaw,0000-0002-5570-5070,Medicine,0,5,2007,2002,62,2.12,3.27,0.6818,0.6882,0.7366,0.6271,22,5,59,28,2012
Allan Hackshaw,0000-0002-5570-5070,Medicine,0,10,2007,1997,30,2.17,3.54,0.6682,0.6995,0.7258,0.75,13,4,24,12,2012
Mark P. Johnson,0000-0002-5078-1410,Medicine,0,0,2006,2006,73,4.2,7.67,0.5437,0.6921,0.712,0.4568,107,4,278,147,2012
Mark P. Johnson,0000-0002-5078-1410,Medicine,0,5,2006,2001,97,4.01,7.33,0.5365,0.7043,0.6918,0.4945,71,4,182,108,2012
Mark P. Johnson,0000-0002-5078-1410,Medicine,0,10,2006,1996,69,3.88,7.83,0.6222,0.714,0.7432,0.5714,40,4,98,55,2012
Žarko Alfirević,0000-0001-9276-518X,Medicine,0,0,2019,2019,10726,4.19,6.7,0.5672,0.6777,0.7497,0.5024,72,52,424,300,2012
Žarko Alfirević,0000-0001-9276-518X,Medicine,0,5,2019,2014,3006,3.39,5.19,0.5723,0.6832,0.7424,0.538,60,27,303,232,2012
Žarko Alfirević,0000-0001-9276-518X,Medicine,0,10,2019,2009,38,2.48,4.31,0.5434,0.6816,0.6914,0.5359,45,3,181,134,2012
Laurent Salomon,0000-0003-0627-4347,Medicine,0,0,2009,2009,107,4.59,9.68,0.6663,0.7048,0.7672,0.5011,63,5,435,197,2012
Laurent Salomon,0000-0003-0627-4347,Medicine,0,5,2009,2004,47,3.25,8.04,0.7045,0.7035,0.7459,0.6429,33,3,182,81,2012
Laurent Salomon,0000-0003-0627-4347,Medicine,0,10,2009,1999,35,2.19,6.67,0.6937,0.706,0.7731,0.6111,6,3,36,22,2012
David Chitayat,0000-0003-1944-7294,Medicine,0,0,2017,2017,7226,6.71,12.43,0.553,0.7742,0.6692,0.5678,109,41,391,233,2012
David Chitayat,0000-0003-1944-7294,Medicine,0,5,2017,2012,1106,5.97,10.86,0.5453,0.7665,0.6627,0.5723,73,14,318,195,2012
David Chitayat,0000-0003-1944-7294,Medicine,0,10,2017,2007,60,4.36,8.46,0.5208,0.7667,0.6478,0.5921,47,4,228,162,2012
Judith G. Hall,0000-0001-5062-491X,Medicine,0,0,2019,2019,2300,3.77,5.69,0.289,0.7317,0.4629,0.094,62,22,500,194,2012
Judith G. Hall,0000-0001-5062-491X,Medicine,0,5,2019,2014,687,3.69,5.47,0.2641,0.7354,0.4429,0.07,51,14,457,161,2012
Judith G. Hall,0000-0001-5062-491X,Medicine,0,10,2019,2009,58,2.99,3.68,0.3202,0.7459,0.4626,0.0542,33,3,369,96,2012
Joe Leigh Simpson,0000-0002-5309-6881,Medicine,0,0,2012,2012,824,4.66,7.42,0.5847,0.7219,0.7129,0.4496,99,13,367,136,2012
Joe Leigh Simpson,0000-0002-5309-6881,Medicine,0,5,2012,2007,180,4.67,7.83,0.5948,0.7133,0.6927,0.5176,88,7,369,143,2012
Joe Leigh Simpson,0000-0002-5309-6881,Medicine,0,10,2012,2002,257,4.21,7.35,0.5843,0.7121,0.6867,0.5281,78,8,303,123,2012
David S. Johnson,0000-0002-9967-9812,Medicine,0,0,2014,2014,2570,2.24,7.43,0.6161,0.7973,0.6512,0.5238,24,12,42,22,2012
David S. Johnson,0000-0002-9967-9812,Medicine,0,5,2014,2009,11,2.45,8.67,0.5969,0.8008,0.6123,0.5455,21,2,33,15,2012
David S. Johnson,0000-0002-9967-9812,Medicine,0,10,2014,2004,9,2.65,7.4,0.4728,0.7816,0.483,0.55,18,2,20,9,2012
Mary E. D’Alton,0000-0002-1457-6284,Medicine,0,0,2017,2017,5908,7.6,9.62,0.5651,0.6881,0.7205,0.4399,61,37,391,192,2012
Mary E. D’Alton,0000-0002-1457-6284,Medicine,0,5,2017,2012,901,7.69,9.07,0.5482,0.6882,0.7213,0.4281,48,14,313,163,2012
Mary E. D’Alton,0000-0002-1457-6284,Medicine,0,10,2017,2007,33,7.41,8.43,0.5504,0.6852,0.7263,0.428,41,4,236,115,2012
Kwok Leung,0000-0002-9289-6857,Medicine,0,0,2006,2006,21,2.32,4.96,0.3344,0.5141,0.7096,0.1613,55,3,124,74,2012
Kwok Leung,0000-0002-9289-6857,Medicine,0,5,2006,2001,11,2.26,3.82,0.1162,0.4565,0.2552,0.0132,33,2,76,43,2012
Kwok Leung,0000-0002-9289-6857,Medicine,0,10,2006,1996,6,2.27,3.88,0.1254,0.4558,0.2552,0.0208,22,2,48,25,2012
Maria Loane,0000-0002-1206-3637,Medicine,0,0,2008,2008,1,2.78,7.72,0.4922,0.7097,0.652,0.5,26,1,60,44,2012
Maria Loane,0000-0002-1206-3637,Medicine,0,5,2008,2003,1,2.79,7.45,0.4105,0.682,0.514,0.5455,9,1,33,29,2012
Maria Loane,0000-0002-1206-3637,Medicine,0,10,2008,1998,0,2.21,7.0,0.5189,0.68,0.5898,0.6429,5,0,14,13,2012
Alan W. Flake,0000-0003-4913-7588,Medicine,0,0,2018,2018,6998,7.08,10.37,0.663,0.7235,0.7468,0.5628,123,45,478,239,2012
Alan W. Flake,0000-0003-4913-7588,Medicine,0,5,2018,2013,2274,6.63,9.7,0.6383,0.7266,0.7304,0.5594,104,22,379,182,2012
Alan W. Flake,0000-0003-4913-7588,Medicine,0,10,2018,2008,42,6.36,9.42,0.6306,0.724,0.7125,0.5803,87,3,274,127,2012
Bruce S. McEwen,0000-0002-5288-7892,Medicine,0,0,2015,2015,19199,6.29,10.07,0.4009,0.7216,0.5136,0.414,140,67,500,236,2012
Bruce S. McEwen,0000-0002-5288-7892,Medicine,0,5,2015,2010,50,6.88,11.35,0.4294,0.7261,0.5009,0.4631,90,3,339,162,2012
Bruce S. McEwen,0000-0002-5288-7892,Medicine,0,10,2015,2005,3,4.63,7.33,0.4829,0.7338,0.5331,0.5294,50,1,102,42,2012
Fred H. Gage,0000-0002-0938-4106,Medicine,0,0,2023,2023,59913,9.39,11.84,0.4297,0.8165,0.5229,0.366,148,123,500,272,2012
Fred H. Gage,0000-0002-0938-4106,Medicine,0,5,2023,2018,29048,7.24,8.76,0.4456,0.8196,0.5308,0.424,125,87,375,201,2012
Fred H. Gage,0000-0002-0938-4106,Medicine,0,10,2023,2013,6890,6.01,7.04,0.4981,0.8182,0.5267,0.5102,78,47,196,102,2012
Trevor W. Robbins,0000-0003-0642-5977,Medicine,0,0,2018,2018,17138,11.34,18.11,0.4631,0.6994,0.5864,0.424,111,70,500,274,2012
Trevor W. Robbins,0000-0003-0642-5977,Medicine,0,5,2018,2013,2582,13.51,24.32,0.4506,0.7018,0.5518,0.443,63,27,237,107,2012
Solomon H. Snyder,0000-0002-6818-7022,Medicine,0,0,2023,2023,21650,6.08,6.77,0.4032,0.8099,0.5129,0.3084,97,76,308,204,2012
Solomon H. Snyder,0000-0002-6818-7022,Medicine,0,5,2023,2018,16205,5.55,6.11,0.4288,0.8109,0.5317,0.375,95,65,344,210,2012
Solomon H. Snyder,0000-0002-6818-7022,Medicine,0,10,2023,2013,5551,5.25,5.76,0.4556,0.8014,0.533,0.4592,99,36,368,213,2012
Mark P. Mattson,0000-0002-9816-4155,Medicine,0,0,2015,2015,11901,5.98,7.81,0.4485,0.7818,0.5023,0.434,171,58,500,233,2012
Mark P. Mattson,0000-0002-9816-4155,Medicine,0,5,2015,2010,3,6.27,7.72,0.4389,0.7824,0.4984,0.5076,119,1,262,150,2012
Paul Greengard,0000-0002-4437-0893,Medicine,0,0,2013,2013,6793,6.24,7.54,0.4502,0.8183,0.5093,0.533,116,39,469,307,2012
Paul Greengard,0000-0002-4437-0893,Medicine,0,5,2013,2008,66,5.97,6.98,0.456,0.8191,0.5091,0.5401,104,4,424,277,2012
Paul Greengard,0000-0002-4437-0893,Medicine,0,10,2013,2003,65,5.73,6.71,0.4593,0.8175,0.5176,0.5208,82,4,313,207,2012
Christof Koch,0000-0001-6482-8067,Medicine,0,0,2017,2017,17839,3.56,4.9,0.3768,0.687,0.5664,0.248,115,66,500,259,2012
Christof Koch,0000-0001-6482-8067,Medicine,0,5,2017,2012,1942,2.98,4.03,0.3899,0.6904,0.5928,0.2493,92,22,349,197,2012
Christof Koch,0000-0001-6482-8067,Medicine,0,10,2017,2007,83,2.86,3.7,0.3848,0.6989,0.5426,0.3101,54,5,158,87,2012
Nora D. Volkow,0000-0001-6668-0908,Medicine,0,0,2022,2022,32430,5.46,7.75,0.477,0.7287,0.57,0.492,174,80,500,321,2012
Nora D. Volkow,0000-0001-6668-0908,Medicine,0,5,2022,2017,7946,4.32,7.2,0.4984,0.7386,0.5783,0.52,108,42,250,152,2012
Nora D. Volkow,0000-0001-6668-0908,Medicine,0,10,2022,2012,273,3.88,8.18,0.4947,0.7433,0.5596,0.6053,42,9,76,45,2012
Eric J. Nestler,0000-0002-7905-2000,Medicine,0,0,2018,2018,16218,26.63,37.2,0.4025,0.7481,0.5288,0.258,99,68,500,148,2012
Eric J. Nestler,0000-0002-7905-2000,Medicine,0,5,2018,2013,2614,36.57,52.35,0.3958,0.7237,0.5984,0.1897,54,28,311,67,2012
Karl Deisseroth,0000-0001-9440-3967,Medicine,0,0,2008,2008,9,3.93,5.4,0.4561,0.8093,0.5357,0.4889,18,1,45,16,2012
Karl Deisseroth,0000-0001-9440-3967,Medicine,0,5,2008,2003,9,2.37,4.47,0.2212,0.8183,0.2986,0.3158,11,1,19,9,2012
Karl Deisseroth,0000-0001-9440-3967,Medicine,0,10,2008,1998,9,2.38,5.0,0.2667,0.8209,0.2812,0.5,8,1,8,5,2012
György Buzsáki,0000-0002-3100-4800,Medicine,0,0,2015,2015,16326,3.75,5.35,0.4588,0.7842,0.5237,0.5476,66,69,252,130,2012
György Buzsáki,0000-0002-3100-4800,Medicine,0,5,2015,2010,71,3.34,4.59,0.4506,0.793,0.5141,0.564,58,4,211,113,2012
György Buzsáki,0000-0002-3100-4800,Medicine,0,10,2015,2005,128,2.99,4.51,0.4364,0.7986,0.4829,0.5684,49,6,190,90,2012
Daniel R. Weinberger,0000-0003-2409-2969,Medicine,0,0,2018,2018,25163,10.08,11.85,0.5638,0.7721,0.641,0.624,120,78,500,237,2012
Daniel R. Weinberger,0000-0003-2409-2969,Medicine,0,5,2018,2013,7165,7.58,8.78,0.6062,0.7641,0.6681,0.6973,89,43,337,137,2012
Daniel R. Weinberger,0000-0003-2409-2969,Medicine,0,10,2018,2008,18,7.49,8.5,0.6251,0.77,0.6893,0.746,59,2,189,74,2012
Michael E. Greenberg,0000-0003-1380-2160,Medicine,0,0,2005,2005,18,5.2,5.97,0.414,0.8526,0.5054,0.446,37,3,139,86,2012
Michael E. Greenberg,0000-0003-1380-2160,Medicine,0,5,2005,2000,185,4.08,4.94,0.3821,0.8556,0.4522,0.4271,27,4,96,67,2012
Michael E. Greenberg,0000-0003-1380-2160,Medicine,0,10,2005,1995,237,3.48,4.6,0.3842,0.8579,0.4533,0.431,15,6,58,44,2012
George F. Koob,0009-0002-9857-4493,Medicine,0,0,2011,2011,75,3.76,5.24,0.3769,0.7705,0.4121,0.5229,124,5,480,170,2012
George F. Koob,0009-0002-9857-4493,Medicine,0,5,2011,2006,129,3.51,4.42,0.3629,0.7696,0.3979,0.4987,101,7,371,121,2012
George F. Koob,0009-0002-9857-4493,Medicine,0,10,2011,2001,119,3.35,4.28,0.364,0.7763,0.3915,0.5455,72,7,231,65,2012
Terrence J. Sejnowski,0000-0002-0622-7391,Medicine,0,0,2013,2013,7435,3.68,4.18,0.4527,0.7503,0.599,0.402,133,41,500,336,2012
Terrence J. Sejnowski,0000-0002-0622-7391,Medicine,0,5,2013,2008,68,3.56,3.94,0.4594,0.7437,0.6171,0.3984,107,4,379,251,2012
Terrence J. Sejnowski,0000-0002-0622-7391,Medicine,0,10,2013,2003,58,3.27,3.5,0.4469,0.7336,0.5962,0.3704,85,4,270,177,2012
Barry J. Everitt,0000-0003-4431-6536,Medicine,0,0,2005,2005,90,2.41,3.37,0.3322,0.6863,0.4629,0.306,99,5,500,230,2012
Barry J. Everitt,0000-0003-4431-6536,Medicine,0,5,2005,2000,70,2.72,3.51,0.3688,0.7032,0.4771,0.3791,77,4,277,101,2012
Barry J. Everitt,0000-0003-4431-6536,Medicine,0,10,2005,1995,28,2.75,3.59,0.3335,0.692,0.4491,0.3805,50,3,113,37,2012
Tomas Hökfelt,0000-0002-3587-0116,Medicine,0,0,2012,2012,1751,5.22,6.85,0.5333,0.7752,0.593,0.6159,112,17,492,211,2012
Tomas Hökfelt,0000-0002-3587-0116,Medicine,0,5,2012,2007,281,4.93,6.22,0.542,0.7768,0.6019,0.6432,93,9,412,167,2012
Tomas Hökfelt,0000-0002-3587-0116,Medicine,0,10,2012,2002,269,4.65,5.88,0.5345,0.7745,0.5889,0.6791,70,9,296,126,2012
Kjell Fuxé,0000-0001-8491-4288,Medicine,0,0,2020,2020,10336,6.15,8.22,0.3964,0.8051,0.4631,0.406,169,50,500,194,2012
Kjell Fuxé,0000-0001-8491-4288,Medicine,0,5,2020,2015,4211,5.64,7.99,0.4212,0.805,0.4739,0.4855,130,29,379,135,2012
Kjell Fuxé,0000-0001-8491-4288,Medicine,0,10,2020,2010,63,5.95,8.76,0.4536,0.8028,0.477,0.564,76,3,211,60,2012
Eric R. Kandel,0000-0001-7851-6902,Medicine,0,0,2017,2017,14892,4.74,5.81,0.4287,0.7602,0.5288,0.4094,86,67,320,160,2012
Eric R. Kandel,0000-0001-7851-6902,Medicine,0,5,2017,2012,3144,4.59,5.62,0.4189,0.7724,0.514,0.454,81,26,326,154,2012
Eric R. Kandel,0000-0001-7851-6902,Medicine,0,10,2017,2007,67,4.44,5.32,0.428,0.7854,0.5277,0.4645,67,4,282,136,2012
Ben A. Barres,0000-0003-2905-4136,Medicine,0,0,2020,2020,37919,6.93,9.24,0.4676,0.7949,0.5169,0.4703,64,86,202,83,2012
Ben A. Barres,0000-0003-2905-4136,Medicine,0,5,2020,2015,9482,5.37,5.92,0.4635,0.7965,0.5222,0.4472,46,51,161,62,2012
Ben A. Barres,0000-0003-2905-4136,Medicine,0,10,2020,2010,10,4.15,4.68,0.4299,0.7838,0.4847,0.43,31,2,100,33,2012
Shizuo Akira,0000-0001-7602-9617,Medicine,0,0,2017,2017,31559,7.26,10.45,0.3795,0.8227,0.514,0.322,155,77,500,309,2012
Shizuo Akira,0000-0001-7602-9617,Medicine,0,5,2017,2012,3976,7.18,10.22,0.3941,0.8162,0.5304,0.339,105,29,295,184,2012
Richard A. Flavell,0000-0003-4461-0778,Medicine,0,0,2008,2008,33,5.47,6.77,0.4727,0.8372,0.5427,0.508,134,2,500,320,2012
Richard A. Flavell,0000-0003-4461-0778,Medicine,0,5,2008,2003,17,4.81,5.88,0.4668,0.8353,0.5224,0.5089,80,1,224,142,2012
Richard A. Flavell,0000-0003-4461-0778,Medicine,0,10,2008,1998,0,5.92,6.58,0.363,0.8308,0.5,0.3333,10,0,12,11,2012
Alberto Mantovani,0000-0001-5578-236X,Medicine,0,0,2009,2009,53,6.59,8.21,0.3686,0.8232,0.4795,0.29,164,5,500,274,2012
Alberto Mantovani,0000-0001-5578-236X,Medicine,0,5,2009,2004,51,6.2,7.73,0.3541,0.8212,0.4412,0.3228,87,5,254,157,2012
Alberto Mantovani,0000-0001-5578-236X,Medicine,0,10,2009,1999,20,6.44,7.88,0.3265,0.801,0.3711,0.2807,23,3,57,39,2012
Irving L. Weissman,0000-0002-9077-7467,Medicine,0,0,2017,2017,23463,7.65,8.68,0.4963,0.7987,0.564,0.424,129,77,500,374,2012
Irving L. Weissman,0000-0002-9077-7467,Medicine,0,5,2017,2012,3289,6.6,7.61,0.5322,0.7998,0.5914,0.4848,91,29,297,212,2012
Irving L. Weissman,0000-0002-9077-7467,Medicine,0,10,2017,2007,14,5.72,6.51,0.5142,0.7934,0.6048,0.4752,42,2,101,75,2012
Drew M. Pardoll,0000-0001-6215-1013,Medicine,0,0,2007,2007,129,5.87,7.16,0.6159,0.8354,0.6609,0.6562,78,6,192,114,2012
Drew M. Pardoll,0000-0001-6215-1013,Medicine,0,5,2007,2002,126,4.77,5.91,0.5923,0.8483,0.645,0.6692,58,6,130,80,2012
Drew M. Pardoll,0000-0001-6215-1013,Medicine,0,10,2007,1997,107,3.33,4.67,0.5478,0.8429,0.6497,0.5733,39,6,75,42,2012
Laurence Zitvogel,0000-0003-1596-0998,Medicine,0,0,2013,2013,8132,8.39,10.02,0.4398,0.8464,0.534,0.4474,103,47,342,220,2012
Laurence Zitvogel,0000-0003-1596-0998,Medicine,0,5,2013,2008,24,6.29,8.05,0.4901,0.8567,0.5611,0.5278,70,2,180,106,2012
Laurence Zitvogel,0000-0003-1596-0998,Medicine,0,10,2013,2003,14,4.28,7.01,0.5618,0.8641,0.6089,0.5672,31,2,67,40,2012
Charles A. Dinarello,0000-0002-5073-8316,Medicine,0,0,2007,2007,389,4.86,6.01,0.4099,0.7998,0.492,0.4245,160,10,490,312,2012
Charles A. Dinarello,0000-0002-5073-8316,Medicine,0,5,2007,2002,383,4.4,5.52,0.378,0.7971,0.4514,0.4208,132,10,366,228,2012
Charles A. Dinarello,0000-0002-5073-8316,Medicine,0,10,2007,1997,342,4.12,4.85,0.3932,0.7867,0.4665,0.4545,107,9,231,127,2012
Josef Penninger,0000-0002-8194-3777,Medicine,0,0,2013,2013,5615,15.93,29.82,0.4444,0.7836,0.501,0.336,146,39,500,200,2012
Josef Penninger,0000-0002-8194-3777,Medicine,0,5,2013,2008,11,7.57,8.76,0.4413,0.8108,0.4969,0.4365,84,2,197,104,2012
Josef Penninger,0000-0002-8194-3777,Medicine,0,10,2013,2003,4,7.16,8.5,0.4599,0.8243,0.5122,0.4429,41,1,70,39,2012
Anthony S. Fauci,0000-0002-7865-7235,Medicine,0,0,2014,2014,6743,5.84,6.39,0.4349,0.7661,0.558,0.4319,87,45,389,263,2012
Anthony S. Fauci,0000-0002-7865-7235,Medicine,0,5,2014,2009,179,5.71,6.45,0.4491,0.7752,0.561,0.4674,88,8,368,247,2012
Anthony S. Fauci,0000-0002-7865-7235,Medicine,0,10,2014,2004,186,5.71,6.45,0.4648,0.7793,0.5612,0.485,69,8,301,205,2012
Tak W. Mak,0000-0001-6766-861X,Medicine,0,0,2018,2018,24430,8.63,10.31,0.4646,0.8232,0.5464,0.418,151,81,500,329,2012
Tak W. Mak,0000-0001-6766-861X,Medicine,0,5,2018,2013,5813,7.77,9.2,0.4616,0.8257,0.5448,0.4489,94,39,323,215,2012
Tak W. Mak,0000-0001-6766-861X,Medicine,0,10,2018,2008,2,6.35,7.92,0.4343,0.8365,0.5167,0.4121,50,1,165,100,2012
Dan R. Littman,0000-0002-2850-8688,Medicine,0,0,2020,2020,45283,8.11,9.33,0.4207,0.8439,0.5125,0.3153,93,98,314,169,2012
Dan R. Littman,0000-0002-2850-8688,Medicine,0,5,2020,2015,21835,7.05,8.16,0.4315,0.8501,0.4962,0.417,79,72,283,153,2012
Dan R. Littman,0000-0002-2850-8688,Medicine,0,10,2020,2010,98,5.59,6.53,0.4683,0.8553,0.5224,0.4979,68,5,243,140,2012
Ruslan Medzhitov,0000-0002-7021-2012,Medicine,0,0,2009,2009,5,3.14,4.02,0.35,0.8432,0.4211,0.3581,52,1,148,51,2012
Ruslan Medzhitov,0000-0002-7021-2012,Medicine,0,5,2009,2004,5,2.59,3.36,0.3472,0.8507,0.4377,0.35,35,1,80,35,2012
Ruslan Medzhitov,0000-0002-7021-2012,Medicine,0,10,2009,1999,0,2.14,3.67,0.2917,0.8446,0.375,0.2857,15,0,21,12,2012
Alessandro Sette,0000-0001-7013-2250,Medicine,0,0,2011,2011,153,7.31,9.3,0.4658,0.8387,0.5217,0.5884,102,6,430,303,2012
Alessandro Sette,0000-0001-7013-2250,Medicine,0,5,2011,2006,260,6.24,8.48,0.461,0.8425,0.5012,0.6216,84,8,333,221,2012
Alessandro Sette,0000-0001-7013-2250,Medicine,0,10,2011,2001,256,5.52,7.75,0.4402,0.8406,0.4846,0.5868,62,8,242,154,2012
Jean‐Laurent Casanova,0000-0002-7782-4169,Medicine,0,0,2021,2021,20297,15.56,19.04,0.447,0.8129,0.5259,0.422,140,70,500,300,2012
Jean‐Laurent Casanova,0000-0002-7782-4169,Medicine,0,5,2021,2016,2920,12.98,15.53,0.4352,0.8146,0.5123,0.4601,65,24,163,93,2012
Mark J. Smyth,0000-0001-7098-7240,Medicine,0,0,2023,2023,3,10.26,11.61,0.27,0.7983,0.0,0.0,2,1,500,498,2015
Kiyoshi Takeda,0000-0002-1778-6332,Medicine,0,0,2020,2020,35131,6.77,9.05,0.3736,0.8044,0.4696,0.3598,172,78,403,258,2012
Kiyoshi Takeda,0000-0002-1778-6332,Medicine,0,5,2020,2015,20326,5.55,7.87,0.3824,0.8041,0.4772,0.3684,166,56,399,252,2012
Kiyoshi Takeda,0000-0002-1778-6332,Medicine,0,10,2020,2010,73,4.95,7.29,0.3635,0.7994,0.4669,0.3615,148,4,343,217,2012
M. Shoji,0000-0003-0655-7347,Physics,0,0,2021,2021,1525,14.93,24.84,0.2408,0.8126,0.0,0.0,35,19,247,165,2012
M. Shoji,0000-0003-0655-7347,Physics,0,5,2021,2016,951,20.82,33.36,0.2272,0.8089,0.0,0.0,35,14,260,172,2012
M. Shoji,0000-0003-0655-7347,Physics,0,10,2021,2011,135,22.79,35.78,0.2265,0.8122,0.0,0.0,36,6,218,152,2012
Е. А. Хазанов,0000-0001-5641-8025,Physics,0,0,2006,2006,33,3.18,5.71,0.2667,0.7619,0.0,0.0,18,3,119,109,2012
Е. А. Хазанов,0000-0001-5641-8025,Physics,0,5,2006,2001,25,2.96,4.22,0.2653,0.756,0.0,0.0,11,3,54,45,2012
Е. А. Хазанов,0000-0001-5641-8025,Physics,0,10,2006,1996,8,3.65,4.57,0.2217,0.7723,0.0,0.0,7,2,23,15,2012
F. Paoletti,0000-0001-8898-1963,Physics,0,0,2021,2021,1196,41.45,52.24,0.2061,0.8166,0.625,0.0056,41,21,180,109,2012
F. Paoletti,0000-0001-8898-1963,Physics,0,5,2021,2016,905,30.38,42.44,0.203,0.8015,0.0,0.0,36,16,171,115,2012
F. Paoletti,0000-0001-8898-1963,Physics,0,10,2021,2011,105,27.43,38.9,0.2086,0.8061,0.0,0.0,37,5,189,135,2012
Edward Ott,0000-0002-9395-5062,Physics,0,0,2007,2007,132,2.89,3.86,0.2361,0.7605,0.5891,0.0257,67,7,350,238,2012
Edward Ott,0000-0002-9395-5062,Physics,0,5,2007,2002,241,2.62,3.5,0.1982,0.7713,0.5208,0.0031,55,10,325,215,2012
Edward Ott,0000-0002-9395-5062,Physics,0,10,2007,1997,246,2.56,3.4,0.1886,0.7822,0.0,0.0,48,10,299,201,2012
Peter Politzer,0000-0002-8488-4282,Physics,0,0,2023,2023,24617,4.59,7.72,0.2576,0.8262,0.3828,0.0533,71,68,375,242,2012
Peter Politzer,0000-0002-8488-4282,Physics,0,5,2023,2018,14606,4.68,8.25,0.2444,0.8228,0.3765,0.0498,75,53,422,250,2012
Peter Politzer,0000-0002-8488-4282,Physics,0,10,2023,2013,3372,4.87,8.65,0.2466,0.8236,0.3765,0.0557,69,31,377,217,2012
R. Fischer,0009-0000-6205-4731,Physics,0,0,2015,2015,1679,4.21,9.12,0.2652,0.7877,0.5261,0.0053,84,21,380,233,2012
R. Fischer,0009-0000-6205-4731,Physics,0,5,2015,2010,186,3.33,6.62,0.2747,0.783,0.5261,0.0079,73,9,253,153,2012
R. Fischer,0009-0000-6205-4731,Physics,0,10,2015,2005,282,2.77,4.18,0.2695,0.7996,0.5261,0.0089,67,10,225,133,2012
Robert J. Taylor,0000-0002-6106-7722,Physics,0,0,2015,2015,1305,4.12,5.72,0.3915,0.6939,0.6074,0.1839,92,17,174,94,2012
Robert J. Taylor,0000-0002-6106-7722,Physics,0,5,2015,2010,32,3.71,5.07,0.3522,0.6991,0.5809,0.1369,82,3,168,87,2012
Robert J. Taylor,0000-0002-6106-7722,Physics,0,10,2015,2005,44,3.39,4.76,0.2892,0.7146,0.7072,0.0616,68,3,146,77,2012
Henry C. Kapteyn,0000-0001-8386-6317,Physics,0,0,2007,2007,196,4.87,6.24,0.2697,0.8468,0.8475,0.0161,68,6,436,316,2012
Henry C. Kapteyn,0000-0001-8386-6317,Physics,0,5,2007,2002,162,4.35,5.91,0.2806,0.8376,0.6328,0.0078,57,6,256,193,2012
Henry C. Kapteyn,0000-0001-8386-6317,Physics,0,10,2007,1997,108,3.8,5.54,0.2787,0.8366,0.0,0.0,34,4,127,98,2012
Margaret M. Murnane,0000-0001-9689-5432,Physics,0,0,2013,2013,2265,5.68,7.57,0.2803,0.8533,0.9042,0.026,71,25,500,362,2012
Margaret M. Murnane,0000-0001-9689-5432,Physics,0,5,2013,2008,101,5.14,6.72,0.2733,0.8509,0.8452,0.0207,52,4,338,246,2012
Margaret M. Murnane,0000-0001-9689-5432,Physics,0,10,2013,2003,76,4.79,6.26,0.2786,0.8464,1.0,0.0058,38,4,173,127,2012
S. W. Allen,0000-0003-0667-5941,Physics,0,0,2011,2011,120,3.29,9.56,0.2128,0.8242,0.6758,0.0131,92,6,381,223,2012
S. W. Allen,0000-0003-0667-5941,Physics,0,5,2011,2006,154,2.82,9.66,0.2214,0.8294,0.4395,0.007,66,7,287,174,2012
S. W. Allen,0000-0003-0667-5941,Physics,0,10,2011,2001,138,2.44,10.53,0.2329,0.8301,0.4395,0.0111,45,7,180,109,2012
A. Pukhov,0000-0001-5043-960X,Physics,0,0,2019,2019,10835,7.9,10.63,0.3145,0.8282,0.9004,0.0091,107,52,439,339,2012
A. Pukhov,0000-0001-5043-960X,Physics,0,5,2019,2014,4316,6.76,9.34,0.3111,0.826,0.9004,0.011,93,32,363,265,2012
A. Pukhov,0000-0001-5043-960X,Physics,0,10,2019,2009,83,7.45,10.1,0.3102,0.8295,1.0,0.004,80,5,248,181,2012
J. F. Drake,0000-0002-9150-1841,Physics,0,0,2010,2010,30,2.84,5.03,0.182,0.8375,0.0,0.0,55,3,274,139,2012
J. F. Drake,0000-0002-9150-1841,Physics,0,5,2010,2005,87,2.83,5.18,0.1954,0.8381,0.0,0.0,48,5,207,132,2012
J. F. Drake,0000-0002-9150-1841,Physics,0,10,2010,2000,170,2.63,4.49,0.2015,0.8553,0.0,0.0,37,8,182,146,2012
O. L. Landen,0000-0002-1499-8217,Physics,0,0,2024,2024,11352,14.81,25.99,0.3533,0.8014,0.3573,0.004,42,58,500,335,2012
O. L. Landen,0000-0002-1499-8217,Physics,0,5,2024,2019,5034,15.59,25.79,0.3414,0.8003,0.3573,0.0056,31,39,358,235,2012
O. L. Landen,0000-0002-1499-8217,Physics,0,10,2024,2014,823,17.69,29.31,0.3404,0.802,0.3573,0.0128,23,15,156,105,2012
K. A. Marsh,0000-0003-0107-7803,Physics,0,0,2022,2022,16375,10.0,16.45,0.3474,0.824,0.0,0.0,73,42,329,226,2012
K. A. Marsh,0000-0003-0107-7803,Physics,0,5,2022,2017,8451,9.96,16.07,0.3385,0.8178,0.0,0.0,71,30,331,213,2012
K. A. Marsh,0000-0003-0107-7803,Physics,0,10,2022,2012,1232,7.93,12.8,0.3406,0.813,0.0,0.0,62,13,261,169,2012
P. K. Shukla,0000-0001-8188-4976,Physics,0,0,2011,2011,32,4.74,5.74,0.231,0.844,0.5104,0.002,36,2,500,419,2012
Masayuki Yoshikawa,0000-0003-3106-3277,Physics,0,0,2018,2018,4445,5.69,9.27,0.358,0.8,0.5585,0.194,97,29,500,351,2012
Masayuki Yoshikawa,0000-0003-3106-3277,Physics,0,5,2018,2013,1165,5.29,8.58,0.3839,0.8053,0.5835,0.2149,69,13,377,268,2012
Masayuki Yoshikawa,0000-0003-3106-3277,Physics,0,10,2018,2008,10,4.3,7.76,0.4625,0.8056,0.7414,0.2162,41,1,148,115,2012
T. Kluge,0000-0003-4861-5584,Physics,0,0,2005,2005,28,1.94,3.41,0.242,0.7878,0.2917,0.0294,20,3,34,25,2012
T. Kluge,0000-0003-4861-5584,Physics,0,5,2005,2000,23,1.1,1.87,0.1792,0.6876,0.0,0.0,13,3,30,24,2012
T. Kluge,0000-0003-4861-5584,Physics,0,10,2005,1995,5,1.15,1.69,0.1467,0.5355,0.0,0.0,5,2,13,12,
E. P. Hartouni,0000-0001-9869-4351,Physics,0,0,2017,2017,2855,35.04,47.17,0.2732,0.8498,0.0,0.0,34,30,166,122,2012
E. P. Hartouni,0000-0001-9869-4351,Physics,0,5,2017,2012,500,37.35,49.44,0.2715,0.8599,0.0,0.0,33,11,142,106,2012
E. P. Hartouni,0000-0001-9869-4351,Physics,0,10,2017,2007,51,38.3,49.48,0.2689,0.8649,0.0,0.0,33,4,126,92,2012
S. H. Glenzer,0000-0001-9112-0558,Physics,0,0,2022,2022,8740,12.03,20.42,0.3943,0.8062,0.6719,0.004,72,53,500,320,2012
S. H. Glenzer,0000-0001-9112-0558,Physics,0,5,2022,2017,4084,11.95,21.57,0.3728,0.8109,0.6719,0.006,40,36,333,207,2012
S. H. Glenzer,0000-0001-9112-0558,Physics,0,10,2022,2012,353,9.9,22.26,0.337,0.8123,0.0,0.0,24,11,137,84,2012
A. L’Huillier,0000-0002-1335-4022,Physics,0,0,2018,2018,3799,8.4,10.05,0.3045,0.8683,0.7844,0.0226,60,31,221,189,2012
A. L’Huillier,0000-0002-1335-4022,Physics,0,5,2018,2013,1620,6.52,8.33,0.2971,0.8655,0.9075,0.0211,52,19,190,154,2012
A. L’Huillier,0000-0002-1335-4022,Physics,0,10,2018,2008,62,5.17,6.95,0.2848,0.8652,0.8229,0.0107,47,4,187,145,2012
T. C. Sangster,0000-0003-4040-2672,Physics,0,0,2014,2014,2009,11.23,16.94,0.3192,0.8028,1.0,0.002,33,22,500,237,2012
T. C. Sangster,0000-0003-4040-2672,Physics,0,5,2014,2009,35,9.02,14.33,0.3227,0.7949,0.0,0.0,23,2,229,109,2012
T. C. Sangster,0000-0003-4040-2672,Physics,0,10,2014,2004,10,7.54,12.69,0.2952,0.8,0.0,0.0,2,1,13,0,
P. H. Diamond,0000-0003-3273-2604,Physics,0,0,2021,2021,5717,3.62,7.72,0.2163,0.8162,0.2552,0.004,61,42,500,317,2012
P. H. Diamond,0000-0003-3273-2604,Physics,0,5,2021,2016,2820,3.77,8.12,0.2168,0.8293,0.2604,0.0026,49,29,381,247,2012
P. H. Diamond,0000-0003-3273-2604,Physics,0,10,2021,2011,9,3.29,6.16,0.2241,0.8277,0.2604,0.0055,27,2,181,110,2012
Makina Yabashi,0000-0002-2472-1684,Physics,0,0,2013,2013,1725,10.2,14.54,0.3503,0.8256,0.785,0.0259,78,17,424,309,2012
Makina Yabashi,0000-0002-2472-1684,Physics,0,5,2013,2008,34,7.69,12.52,0.333,0.8239,0.75,0.0212,43,4,189,129,2012
Makina Yabashi,0000-0002-2472-1684,Physics,0,10,2013,2003,18,5.11,8.91,0.3349,0.8265,0.4583,0.0213,15,3,47,34,2012
J. Fauré,0000-0003-0538-5774,Physics,0,0,2024,2024,4998,5.61,9.72,0.3548,0.8158,0.6921,0.0248,63,37,202,167,2012
J. Fauré,0000-0003-0538-5774,Physics,0,5,2024,2019,4084,4.31,8.7,0.3682,0.8153,0.6921,0.0235,64,32,213,172,2012
J. Fauré,0000-0003-0538-5774,Physics,0,10,2024,2014,1671,6.17,13.05,0.3807,0.8146,0.6106,0.0326,63,19,184,139,2012
A. J. Mackinnon,0000-0002-4380-2906,Physics,0,0,2019,2019,8214,13.09,24.46,0.3335,0.8,1.0,0.002,71,46,500,337,2012
A. J. Mackinnon,0000-0002-4380-2906,Physics,0,5,2019,2014,2883,12.48,23.85,0.3297,0.8012,1.0,0.0024,60,25,425,286,2012
A. J. Mackinnon,0000-0002-4380-2906,Physics,0,10,2019,2009,36,9.93,19.37,0.3161,0.7967,1.0,0.0037,50,3,272,178,2012
D. D. Meyerhofer,0000-0002-0904-1250,Physics,0,0,2011,2011,63,8.56,14.64,0.3013,0.7992,0.6292,0.002,48,2,500,271,2012
D. D. Meyerhofer,0000-0002-0904-1250,Physics,0,5,2011,2006,57,7.72,13.82,0.3122,0.7971,0.0,0.0,33,2,254,127,2012
D. D. Meyerhofer,0000-0002-0904-1250,Physics,0,10,2011,2001,8,6.66,12.6,0.2824,0.8093,0.0,0.0,10,1,47,25,2012
M. D. Perry,0000-0002-7535-5899,Physics,0,0,2020,2020,1947,5.84,10.3,0.4341,0.7718,0.7554,0.274,42,19,73,57,2012
M. D. Perry,0000-0002-7535-5899,Physics,0,5,2020,2015,2565,5.99,9.7,0.3469,0.7804,0.7796,0.103,62,23,165,131,2012
M. D. Perry,0000-0002-7535-5899,Physics,0,10,2020,2010,98,5.13,7.98,0.2847,0.7933,0.5267,0.0333,67,4,240,191,2012
E. R. Priest,0000-0003-3621-6690,Physics,0,0,2011,2011,142,2.07,2.51,0.1397,0.8663,0.0,0.0,65,7,317,147,2012
E. R. Priest,0000-0003-3621-6690,Physics,0,5,2011,2006,215,2.03,2.46,0.1627,0.8695,0.0,0.0,66,8,381,163,2012
E. R. Priest,0000-0003-3621-6690,Physics,0,10,2011,2001,310,1.95,2.41,0.1401,0.8665,0.0,0.0,66,10,390,155,2012
R. Neu,0000-0002-6062-1955,Physics,0,0,2022,2022,8060,8.62,13.95,0.2316,0.7956,0.0,0.0,45,46,500,231,2012
R. Neu,0000-0002-6062-1955,Physics,0,5,2022,2017,4122,8.51,14.59,0.2275,0.8021,0.0,0.0,33,33,370,181,2012
R. Neu,0000-0002-6062-1955,Physics,0,10,2022,2012,374,7.34,13.85,0.2415,0.8157,0.0,0.0,22,9,165,99,2012
R. J. Wallace,0000-0002-5129-3021,Physics,0,0,2006,2006,137,8.1,10.67,0.3237,0.7778,0.4326,0.0571,72,6,333,208,2012
R. J. Wallace,0000-0002-5129-3021,Physics,0,5,2006,2001,239,6.23,8.56,0.3144,0.7768,0.4782,0.0438,66,6,274,166,2012
R. J. Wallace,0000-0002-5129-3021,Physics,0,10,2006,1996,196,5.18,6.63,0.317,0.7525,0.5254,0.0552,47,6,145,98,2012
Gennady Shvets,0000-0001-8542-6753,Physics,0,0,2017,2017,6910,4.59,5.74,0.2925,0.8006,0.7695,0.0236,79,36,424,324,2012
Gennady Shvets,0000-0001-8542-6753,Physics,0,5,2017,2012,807,3.87,5.15,0.2755,0.8032,0.7995,0.0237,69,13,337,250,2012
Gennady Shvets,0000-0001-8542-6753,Physics,0,10,2017,2007,62,2.23,3.18,0.2591,0.8178,0.25,0.0051,44,4,197,148,2012
A. Loarte,0000-0001-9592-1117,Physics,0,0,2006,2006,79,6.56,14.18,0.2021,0.8256,0.0,0.0,23,6,197,102,2012
A. Loarte,0000-0001-9592-1117,Physics,0,5,2006,2001,46,5.84,13.49,0.2013,0.8246,0.0,0.0,15,5,86,33,2012
A. Loarte,0000-0001-9592-1117,Physics,0,10,2006,1996,25,5.3,10.35,0.2267,0.8352,0.0,0.0,6,3,23,11,2012
B. A. Remington,0000-0002-9369-7040,Physics,0,0,2011,2011,82,5.16,9.36,0.3242,0.8,0.8271,0.004,59,4,500,256,2012
B. A. Remington,0000-0002-9369-7040,Physics,0,5,2011,2006,80,4.89,9.05,0.3183,0.8041,0.6542,0.0028,46,4,362,185,2012
B. A. Remington,0000-0002-9369-7040,Physics,0,10,2011,2001,52,4.14,8.22,0.3176,0.8089,0.6542,0.0046,27,3,217,121,2012
Christoph H. Keitel,0000-0002-1984-1470,Physics,0,0,2007,2007,125,2.91,3.82,0.2645,0.8611,0.0,0.0,40,7,204,155,2012
Christoph H. Keitel,0000-0002-1984-1470,Physics,0,5,2007,2002,98,2.19,3.31,0.2409,0.8592,0.0,0.0,27,6,100,72,2012
Christoph H. Keitel,0000-0002-1984-1470,Physics,0,10,2007,1997,43,2.13,3.81,0.2055,0.8545,0.0,0.0,17,3,53,31,2012
K.H. Burrell,0000-0002-2639-1228,Physics,0,0,2020,2020,5340,4.56,11.31,0.2243,0.821,0.9583,0.0027,24,38,371,225,2012
K.H. Burrell,0000-0002-2639-1228,Physics,0,5,2020,2015,3003,4.35,11.62,0.2261,0.8246,0.0,0.0,23,28,401,266,2012
K.H. Burrell,0000-0002-2639-1228,Physics,0,10,2020,2010,115,4.2,12.18,0.2222,0.8274,0.0,0.0,24,6,336,242,2012
S. Peter Gary,0000-0002-4655-2316,Physics,0,0,2021,2021,4019,3.07,6.13,0.1778,0.8515,0.0,0.0,53,36,268,153,2012
S. Peter Gary,0000-0002-4655-2316,Physics,0,5,2021,2016,2191,2.75,4.91,0.1809,0.8524,0.0,0.0,50,26,303,182,2012
S. Peter Gary,0000-0002-4655-2316,Physics,0,10,2021,2011,51,2.19,3.7,0.1782,0.8602,0.0,0.0,42,4,286,200,2012
S. C. Wilks,0000-0002-7268-2683,Physics,0,0,2016,2016,3093,9.18,13.6,0.2788,0.8013,0.4729,0.0031,46,24,324,177,2012
S. C. Wilks,0000-0002-7268-2683,Physics,0,5,2016,2011,49,8.45,12.35,0.2852,0.8028,0.0,0.0,46,3,276,170,2012
S. C. Wilks,0000-0002-7268-2683,Physics,0,10,2016,2006,56,7.98,11.16,0.2988,0.8049,0.0,0.0,39,3,203,140,2012
Wim Leemans,0000-0001-6573-8434,Physics,0,0,2021,2021,6646,8.69,10.25,0.3837,0.7958,0.7044,0.008,60,33,500,397,2012
Wim Leemans,0000-0001-6573-8434,Physics,0,5,2021,2016,2241,7.32,8.73,0.4007,0.7951,0.7044,0.0116,41,20,344,282,2012
Wim Leemans,0000-0001-6573-8434,Physics,0,10,2021,2011,32,7.26,9.28,0.404,0.7867,1.0,0.0054,22,2,184,154,2012
S. V. Bulanov,0000-0001-8305-0289,Physics,0,0,2011,2011,99,7.68,11.25,0.2853,0.8142,0.9222,0.0063,90,5,478,332,2012
S. V. Bulanov,0000-0001-8305-0289,Physics,0,5,2011,2006,96,3.54,6.42,0.2573,0.8199,0.9292,0.0042,62,5,240,151,2012
S. V. Bulanov,0000-0001-8305-0289,Physics,0,10,2011,2001,78,2.38,4.7,0.2292,0.821,0.0,0.0,46,5,147,88,2012
K. Krushelnick,0000-0001-9116-9511,Physics,0,0,2011,2011,37,8.45,12.53,0.3111,0.8108,0.6635,0.0156,62,3,321,225,2012
K. Krushelnick,0000-0001-9116-9511,Physics,0,5,2011,2006,31,6.79,12.13,0.2985,0.8037,0.0,0.0,43,3,171,119,2012
K. Krushelnick,0000-0001-9116-9511,Physics,0,10,2011,2001,22,4.71,10.38,0.3148,0.7974,0.0,0.0,21,3,77,46,2012
Richard D. Gill,0000-0001-5821-9986,Physics,0,0,2024,2024,967,1.6,2.2,0.292,0.6541,0.7491,0.0469,52,15,128,98,2012
Richard D. Gill,0000-0001-5821-9986,Physics,0,5,2024,2019,1011,1.9,3.12,0.2954,0.6588,0.774,0.041,49,18,122,88,2012
Richard D. Gill,0000-0001-5821-9986,Physics,0,10,2024,2014,982,1.85,2.91,0.2803,0.5951,0.8877,0.0284,57,14,176,137,2012
C. F. Kennel,0000-0001-5997-7201,Physics,0,0,2007,2007,86,2.55,4.43,0.1539,0.8143,0.75,0.0085,41,6,117,72,2012
C. F. Kennel,0000-0001-5997-7201,Physics,0,5,2007,2002,140,2.37,4.43,0.1478,0.8401,0.0,0.0,44,7,167,112,2012
C. F. Kennel,0000-0001-5997-7201,Physics,0,10,2007,1997,172,2.26,3.91,0.1463,0.848,0.0,0.0,52,9,216,141,2012
John L. Johnson,0000-0003-1783-0476,Physics,0,0,2017,2017,2979,3.75,6.78,0.5321,0.7166,0.733,0.4333,85,28,240,168,2012
John L. Johnson,0000-0003-1783-0476,Physics,0,5,2017,2012,683,3.67,6.91,0.5103,0.7261,0.7059,0.3852,96,12,257,171,2012
John L. Johnson,0000-0003-1783-0476,Physics,0,10,2017,2007,195,3.08,6.18,0.4391,0.7377,0.6465,0.3093,99,9,236,159,2012
A. Nelson,0000-0002-9612-1936,Physics,0,0,2012,2012,79,25.75,33.44,0.1467,0.8289,0.0,0.0,10,4,16,6,2012
A. Nelson,0000-0002-9612-1936,Physics,0,5,2012,2007,0,7.67,9.67,0.0667,0.6667,0.0,0.0,3,0,3,1,2012
A. Nelson,0000-0002-9612-1936,Physics,0,10,2012,2002,0,5.0,5.0,0.0333,0.3,0.0,0.0,1,0,1,1,
Christian Dávid,0000-0002-2953-1265,Physics,0,0,2024,2024,14313,7.9,11.2,0.4771,0.8363,0.775,0.1176,96,58,374,312,2012
Christian Dávid,0000-0002-2953-1265,Physics,0,5,2024,2019,9956,5.82,8.5,0.4529,0.8215,0.7846,0.1243,91,48,354,283,2012
Christian Dávid,0000-0002-2953-1265,Physics,0,10,2024,2014,3788,4.8,7.32,0.4502,0.8203,0.7845,0.146,75,31,274,212,2012
Y. Homma,0000-0002-9872-9697,Physics,0,0,2022,2022,352,4.66,9.69,0.239,0.8005,0.5755,0.0161,25,10,62,43,2012
Y. Homma,0000-0002-9872-9697,Physics,0,5,2022,2017,101,6.56,17.08,0.2433,0.8289,0.0,0.0,19,6,39,27,2012
Y. Homma,0000-0002-9872-9697,Physics,0,10,2022,2012,51,13.3,44.63,0.2262,0.8463,0.0,0.0,14,5,30,14,2012
T. E. Cowan,0000-0002-5845-000X,Physics,0,0,2016,2016,3929,6.71,12.58,0.3053,0.7993,0.0,0.0,83,28,427,255,2012
T. E. Cowan,0000-0002-5845-000X,Physics,0,5,2016,2011,75,6.61,12.44,0.2954,0.797,0.0,0.0,67,4,353,210,2012
T. E. Cowan,0000-0002-5845-000X,Physics,0,10,2016,2006,105,5.56,11.64,0.2857,0.7979,0.0,0.0,61,5,270,154,2012
A. Mysyrowicz,0000-0001-8129-1783,Physics,0,0,2017,2017,4067,5.92,7.28,0.2341,0.8359,0.6654,0.0191,55,30,262,207,2012
A. Mysyrowicz,0000-0001-8129-1783,Physics,0,5,2017,2012,800,5.88,7.25,0.2505,0.8399,0.6341,0.0145,54,12,275,200,2012
A. Mysyrowicz,0000-0001-8129-1783,Physics,0,10,2017,2007,225,5.57,7.02,0.2511,0.8377,0.0,0.0,51,7,244,171,2012
Takehito Hayakawa,0000-0001-5286-8395,Physics,0,0,2019,2019,4451,5.88,12.17,0.4373,0.7856,0.8196,0.2372,131,31,409,264,2012
Takehito Hayakawa,0000-0001-5286-8395,Physics,0,5,2019,2014,1940,6.19,12.47,0.4323,0.7996,0.835,0.2301,106,18,352,203,2012
Takehito Hayakawa,0000-0001-5286-8395,Physics,0,10,2019,2009,28,4.64,10.3,0.4717,0.8026,0.8506,0.2465,75,4,215,106,2012
W. B. Mori,0000-0002-6394-5082,Physics,0,0,2023,2023,6491,7.63,9.79,0.3588,0.795,0.0,0.0,51,39,500,283,2012
W. B. Mori,0000-0002-6394-5082,Physics,0,5,2023,2018,3250,7.23,9.52,0.3416,0.7903,0.0,0.0,44,27,368,195,2012
W. B. Mori,0000-0002-6394-5082,Physics,0,10,2023,2013,675,6.86,9.21,0.3404,0.7942,0.0,0.0,30,14,227,124,2012
R. J. Groebner,0000-0002-5643-564X,Physics,0,0,2019,2019,4862,5.81,12.15,0.2241,0.8117,0.0,0.0,25,34,440,251,2012
R. J. Groebner,0000-0002-5643-564X,Physics,0,5,2019,2014,2001,5.5,11.75,0.227,0.8114,0.0,0.0,23,20,418,243,2012
R. J. Groebner,0000-0002-5643-564X,Physics,0,10,2019,2009,80,5.56,11.93,0.226,0.8143,0.0,0.0,20,5,308,187,2012
M. Krůs,0000-0002-8595-3139,Physics,0,0,2010,2010,0,1.0,1.0,0.1,0.9,0.0,0.0,2,0,2,2,
S. C. Chapman,0000-0003-0053-1584,Physics,0,0,2022,2022,6361,4.56,13.0,0.1791,0.8016,0.6459,0.004,90,36,500,262,2012
S. C. Chapman,0000-0003-0053-1584,Physics,0,5,2022,2017,3170,4.79,14.15,0.1804,0.8078,0.6459,0.0054,74,28,372,198,2012
S. C. Chapman,0000-0003-0053-1584,Physics,0,10,2022,2012,406,4.54,14.84,0.1767,0.8071,0.6459,0.0098,54,10,205,107,2012
Norio Suzuki,0000-0001-6100-3350,Physics,0,0,2022,2022,7453,4.65,7.89,0.4674,0.7547,0.5881,0.3518,132,38,253,152,2012
Norio Suzuki,0000-0001-6100-3350,Physics,0,5,2022,2017,4073,4.16,6.87,0.4706,0.7654,0.6134,0.3769,147,27,329,188,2012
Norio Suzuki,0000-0001-6100-3350,Physics,0,10,2022,2012,650,4.1,6.77,0.4475,0.7699,0.5959,0.3733,164,12,367,210,2012
L. L. Lao,0000-0003-1937-2675,Physics,0,0,2012,2012,484,8.37,15.16,0.2316,0.8077,0.0,0.0,23,9,304,181,2012
L. L. Lao,0000-0003-1937-2675,Physics,0,5,2012,2007,99,7.83,14.9,0.2245,0.8061,0.0,0.0,24,5,298,196,2012
L. L. Lao,0000-0003-1937-2675,Physics,0,10,2012,2002,86,7.0,14.5,0.2104,0.8081,0.0,0.0,21,4,227,155,2012
K. Mima,0000-0003-0714-8238,Physics,0,0,2023,2023,3671,9.19,11.93,0.299,0.8031,1.0,0.004,97,32,500,347,2012
K. Mima,0000-0003-0714-8238,Physics,0,5,2023,2018,2087,9.38,12.02,0.291,0.8035,1.0,0.0045,83,23,442,305,2012
K. Mima,0000-0003-0714-8238,Physics,0,10,2023,2013,656,9.82,12.2,0.2883,0.803,1.0,0.0052,71,11,381,269,2012
V. Malka,0000-0002-0488-2587,Physics,0,0,2011,2011,56,6.02,8.89,0.3708,0.8157,0.6833,0.028,70,3,250,195,2012
V. Malka,0000-0002-0488-2587,Physics,0,5,2011,2006,48,5.43,9.26,0.3474,0.8138,0.8508,0.0115,50,3,174,133,2012
V. Malka,0000-0002-0488-2587,Physics,0,10,2011,2001,24,5.06,10.03,0.3575,0.8169,0.0,0.0,20,3,67,48,2012
M. Hesse,0000-0003-0377-9673,Physics,0,0,2021,2021,4833,3.82,7.73,0.1428,0.8094,0.0,0.0,79,39,500,293,2012
M. Hesse,0000-0003-0377-9673,Physics,0,5,2021,2016,1524,3.23,6.03,0.1426,0.8001,0.0,0.0,59,22,334,204,2012
M. Hesse,0000-0003-0377-9673,Physics,0,10,2021,2011,2,2.72,5.04,0.155,0.8059,0.0,0.0,36,1,181,115,2012
J. C. Sprott,0000-0001-7014-3283,Physics,0,0,2021,2021,9648,2.24,2.86,0.2343,0.7433,0.6365,0.0455,71,55,286,189,2012
J. C. Sprott,0000-0001-7014-3283,Physics,0,5,2021,2016,2842,2.08,2.6,0.236,0.7401,0.6323,0.0476,62,27,252,163,2012
J. C. Sprott,0000-0001-7014-3283,Physics,0,10,2021,2011,4,2.07,2.57,0.2597,0.7171,0.6111,0.0495,50,1,182,113,2012
Michael G.H. Bell,0000-0001-8137-065X,Physics,0,0,2012,2012,591,3.19,13.87,0.2289,0.6864,0.7318,0.0063,85,11,318,209,2012
Michael G.H. Bell,0000-0001-8137-065X,Physics,0,5,2012,2007,114,3.33,17.2,0.2157,0.7235,0.0,0.0,61,5,288,199,2012
Michael G.H. Bell,0000-0001-8137-065X,Physics,0,10,2012,2002,239,3.4,19.88,0.2068,0.7505,0.0,0.0,35,8,242,165,2012
Oliver Bunk,0000-0001-6563-4053,Physics,0,0,2010,2010,56,4.08,7.71,0.4348,0.8373,0.7413,0.1087,63,4,184,116,2012
Oliver Bunk,0000-0001-6563-4053,Physics,0,5,2010,2005,53,3.63,7.6,0.4078,0.7993,0.0,0.0,24,4,57,33,2012
Oliver Bunk,0000-0001-6563-4053,Physics,0,10,2010,2000,41,2.89,7.21,0.3929,0.8317,0.0,0.0,8,3,19,7,2012
K. Itoh,0000-0003-3873-4766,Physics,0,0,2021,2021,3246,5.66,10.14,0.1946,0.815,0.2604,0.002,88,27,500,380,2012
K. Itoh,0000-0003-3873-4766,Physics,0,5,2021,2016,1311,5.87,10.39,0.1967,0.8239,0.0,0.0,72,17,387,296,2012
K. Itoh,0000-0003-3873-4766,Physics,0,10,2021,2011,23,6.3,9.51,0.202,0.8209,0.0,0.0,43,2,207,151,2012
Andrius Baltuška,0000-0002-5267-0626,Physics,0,0,2019,2019,5551,7.27,9.28,0.2779,0.8565,0.5395,0.018,77,36,500,458,2012
Andrius Baltuška,0000-0002-5267-0626,Physics,0,5,2019,2014,1478,6.95,9.1,0.2543,0.8588,0.63,0.0204,55,18,294,264,2012
Andrius Baltuška,0000-0002-5267-0626,Physics,0,10,2019,2009,9,5.4,8.5,0.2175,0.8659,0.7125,0.0119,24,2,84,68,2012
S. W. Haan,0000-0001-8404-5131,Physics,0,0,2011,2011,20,5.28,12.12,0.3021,0.7959,0.0,0.0,26,3,207,131,2012
S. W. Haan,0000-0001-8404-5131,Physics,0,5,2011,2006,20,4.16,9.24,0.2933,0.7951,0.0,0.0,22,3,142,87,2012
S. W. Haan,0000-0001-8404-5131,Physics,0,10,2011,2001,9,4.08,8.32,0.3193,0.7972,0.0,0.0,15,1,85,52,2012
Peixiang Lu,0000-0001-6993-8986,Physics,0,0,2007,2007,135,4.03,6.7,0.2987,0.8161,0.0,0.0,54,7,158,114,2012
Peixiang Lu,0000-0001-6993-8986,Physics,0,5,2007,2002,126,4.39,7.58,0.3311,0.8291,0.0,0.0,27,7,76,57,2012
Peixiang Lu,0000-0001-6993-8986,Physics,0,10,2007,1997,99,4.25,6.62,0.3268,0.8335,0.0,0.0,21,6,48,36,2012
R. Betti,0000-0001-8742-0304,Physics,0,0,2014,2014,2093,5.76,14.74,0.2822,0.7999,0.6292,0.0028,32,23,361,205,2012
R. Betti,0000-0001-8742-0304,Physics,0,5,2014,2009,41,4.77,12.19,0.2636,0.7997,0.6292,0.0044,26,3,227,136,2012
R. Betti,0000-0001-8742-0304,Physics,0,10,2014,2004,26,2.49,6.36,0.2408,0.7958,0.0,0.0,15,3,95,53,2012
A.W. Leonard,0000-0001-9356-1074,Physics,0,0,2020,2020,6967,7.3,13.27,0.2134,0.8074,0.0,0.0,36,38,433,225,2012
A.W. Leonard,0000-0001-9356-1074,Physics,0,5,2020,2015,3097,7.07,13.01,0.2033,0.8073,0.0,0.0,33,28,423,197,2012
A.W. Leonard,0000-0001-9356-1074,Physics,0,10,2020,2010,67,7.52,13.67,0.2014,0.8085,0.0,0.0,29,4,317,163,2012
E. J. Strait,0000-0001-9215-3757,Physics,0,0,2011,2011,68,9.96,14.01,0.1973,0.8109,0.0,0.0,24,4,366,206,2012
E. J. Strait,0000-0001-9215-3757,Physics,0,5,2011,2006,91,10.65,14.8,0.206,0.814,0.0,0.0,26,5,290,183,2012
E. J. Strait,0000-0001-9215-3757,Physics,0,10,2011,2001,75,10.96,15.68,0.2092,0.8111,0.0,0.0,20,4,192,133,2012
J. P. Knauer,0009-0009-9097-2885,Physics,0,0,2020,2020,6285,11.17,20.11,0.3036,0.8076,0.6292,0.002,51,44,499,252,2012
J. P. Knauer,0009-0009-9097-2885,Physics,0,5,2020,2015,2533,11.47,20.39,0.3079,0.8103,0.6292,0.0027,39,28,375,202,2012
J. P. Knauer,0009-0009-9097-2885,Physics,0,10,2020,2010,48,8.67,15.72,0.307,0.808,0.6292,0.0037,37,3,267,136,2012
P. Sprangle,0000-0001-8521-4128,Physics,0,0,2017,2017,1392,3.73,5.67,0.3291,0.8073,0.6684,0.0109,38,20,274,203,2012
P. Sprangle,0000-0001-8521-4128,Physics,0,5,2017,2012,454,3.76,5.57,0.3327,0.8087,0.474,0.003,41,10,331,232,2012
P. Sprangle,0000-0001-8521-4128,Physics,0,10,2017,2007,202,3.62,5.07,0.3233,0.8076,0.0,0.0,52,9,389,274,2012
J. R. Wilson,0000-0003-3627-1278,Physics,0,0,2015,2015,2080,10.07,13.42,0.2244,0.798,0.3812,0.004,76,21,500,324,2012
J. R. Wilson,0000-0003-3627-1278,Physics,0,5,2015,2010,89,9.39,13.47,0.2098,0.8043,0.3812,0.0054,65,4,369,210,2012
J. R. Wilson,0000-0003-3627-1278,Physics,0,10,2015,2005,78,9.56,13.04,0.1959,0.8091,0.625,0.004,44,4,249,142,2012
R. E. Bell,0000-0001-9544-498X,Physics,0,0,2005,2005,248,3.98,20.12,0.2103,0.821,0.0,0.0,39,7,365,258,2012
R. E. Bell,0000-0001-9544-498X,Physics,0,5,2005,2000,192,3.95,20.29,0.2064,0.8224,0.2083,0.0043,33,7,233,178,2012
R. E. Bell,0000-0001-9544-498X,Physics,0,10,2005,1995,158,4.38,22.73,0.2292,0.8215,0.2083,0.0076,28,7,131,115,2012
J. U. Brackbill,0000-0002-5029-2705,Physics,0,0,2016,2016,555,2.18,3.03,0.1872,0.7943,0.0,0.0,31,12,79,29,2012
J. U. Brackbill,0000-0002-5029-2705,Physics,0,5,2016,2011,44,2.04,2.65,0.1843,0.7917,0.0,0.0,33,4,95,43,2012
J. U. Brackbill,0000-0002-5029-2705,Physics,0,10,2016,2006,47,1.99,2.61,0.1864,0.7903,0.0,0.0,35,4,107,50,2012
C. B. Schroeder,0000-0002-9610-0166,Physics,0,0,2013,2013,1383,4.73,7.83,0.3899,0.7978,0.0,0.0,48,14,418,306,2012
C. B. Schroeder,0000-0002-9610-0166,Physics,0,5,2013,2008,26,3.74,6.79,0.3755,0.8044,0.0,0.0,34,2,178,108,2012
C. B. Schroeder,0000-0002-9610-0166,Physics,0,10,2013,2003,20,2.88,5.64,0.3304,0.7966,0.0,0.0,18,2,64,37,2012
P. M. Celliers,0000-0001-7600-1227,Physics,0,0,2011,2011,64,4.1,12.41,0.3118,0.7867,0.5534,0.0132,49,4,303,181,2012
P. M. Celliers,0000-0001-7600-1227,Physics,0,5,2011,2006,61,3.84,11.76,0.3296,0.788,0.5534,0.0181,46,4,221,139,2012
P. M. Celliers,0000-0001-7600-1227,Physics,0,10,2011,2001,68,3.11,9.64,0.3497,0.7906,0.636,0.0135,38,4,148,99,2012
G.A.P. Cirrone,0000-0001-5733-9281,Physics,0,0,2013,2013,1070,5.14,15.45,0.3563,0.7868,0.6355,0.1168,52,10,197,117,2012
G.A.P. Cirrone,0000-0001-5733-9281,Physics,0,5,2013,2008,12,4.36,12.8,0.3979,0.7877,0.8039,0.1325,30,1,83,49,2012
G.A.P. Cirrone,0000-0001-5733-9281,Physics,0,10,2013,2003,10,3.71,9.71,0.507,0.7765,0.8153,0.3529,10,1,17,12,2012
M. Nisoli,0000-0003-2309-732X,Physics,0,0,2022,2022,7000,7.59,10.5,0.3035,0.8687,0.0,0.0,80,35,317,249,2012
M. Nisoli,0000-0003-2309-732X,Physics,0,5,2022,2017,3999,6.41,10.03,0.2873,0.86,0.0,0.0,81,26,323,232,2012
M. Nisoli,0000-0003-2309-732X,Physics,0,10,2022,2012,947,5.38,9.33,0.2727,0.8413,0.0,0.0,78,17,330,221,2012
Hitoshi Nishimura,0000-0001-5068-1738,Physics,0,0,2019,2019,2176,4.2,8.55,0.3841,0.7611,0.6508,0.25,153,23,276,162,2012
Hitoshi Nishimura,0000-0001-5068-1738,Physics,0,5,2019,2014,1380,3.75,7.66,0.3778,0.7789,0.5672,0.2957,160,18,328,194,2012
Hitoshi Nishimura,0000-0001-5068-1738,Physics,0,10,2019,2009,233,3.54,7.14,0.3812,0.7885,0.55,0.2941,180,7,391,227,2012
D. Neely,0000-0001-7709-4074,Physics,0,0,2019,2019,4937,12.82,16.77,0.3333,0.8072,0.6165,0.019,81,39,368,276,2012
D. Neely,0000-0001-7709-4074,Physics,0,5,2019,2014,1854,11.95,16.38,0.3097,0.8088,0.5476,0.0105,72,20,381,283,2012
D. Neely,0000-0001-7709-4074,Physics,0,10,2019,2009,155,10.97,15.65,0.3004,0.811,0.4682,0.0064,66,6,311,220,2012
S. Brezinsek,0000-0002-7213-3326,Physics,0,0,2023,2023,4741,7.22,18.3,0.3098,0.8027,0.0,0.0,43,32,500,290,2013
S. Brezinsek,0000-0002-7213-3326,Physics,0,5,2023,2018,861,6.54,16.52,0.2862,0.7978,0.0,0.0,26,16,239,120,2013
Christian Spielmann,0000-0002-5223-4170,Physics,0,0,2017,2017,2670,5.71,6.86,0.3257,0.8471,0.646,0.0271,62,21,221,158,2012
Christian Spielmann,0000-0002-5223-4170,Physics,0,5,2017,2012,602,4.34,6.0,0.275,0.8326,0.646,0.0265,54,12,226,157,2012
Christian Spielmann,0000-0002-5223-4170,Physics,0,10,2017,2007,59,3.62,5.56,0.2461,0.8273,0.3909,0.0146,48,3,206,149,2012
B. Lipschultz,0000-0001-5968-3684,Physics,0,0,2024,2024,7766,8.26,15.11,0.2335,0.8046,0.0,0.0,33,43,317,174,2012
B. Lipschultz,0000-0001-5968-3684,Physics,0,5,2024,2019,4461,7.88,14.29,0.2188,0.7973,0.0,0.0,31,32,325,158,2012
B. Lipschultz,0000-0001-5968-3684,Physics,0,10,2024,2014,1773,6.77,12.9,0.2134,0.7963,0.0,0.0,26,20,355,147,2012
Vladislav S. Yakovlev,0000-0002-0648-9375,Physics,0,0,2008,2008,1,4.02,8.22,0.243,0.8667,0.7292,0.02,19,1,50,29,2012
Vladislav S. Yakovlev,0000-0002-0648-9375,Physics,0,5,2008,2003,0,3.44,7.38,0.2612,0.825,0.7292,0.0625,10,0,16,8,2012
B. LaBombard,0000-0002-7841-9261,Physics,0,0,2010,2010,54,5.22,10.44,0.2271,0.8015,1.0,0.0027,30,3,370,164,2012
B. LaBombard,0000-0002-7841-9261,Physics,0,5,2010,2005,142,4.75,9.8,0.2165,0.8013,0.0,0.0,29,7,289,137,2012
B. LaBombard,0000-0002-7841-9261,Physics,0,10,2010,2000,119,4.97,10.23,0.209,0.7987,0.0,0.0,23,7,179,87,2012
G. Krämer,0000-0001-5105-8139,Physics,0,0,2019,2019,3420,5.84,10.76,0.2418,0.8249,0.0,0.0,47,28,381,226,2012
G. Krämer,0000-0001-5105-8139,Physics,0,5,2019,2014,1449,5.8,10.58,0.2366,0.835,0.0,0.0,46,16,372,215,2012
G. Krämer,0000-0001-5105-8139,Physics,0,10,2019,2009,262,5.33,9.31,0.2242,0.8453,0.0,0.0,51,10,315,169,2012
Katsumi Midorikawa,0000-0002-0588-519X,Physics,0,0,2008,2008,191,4.96,6.43,0.2235,0.8044,0.9087,0.012,70,6,500,352,2012
Katsumi Midorikawa,0000-0002-0588-519X,Physics,0,5,2008,2003,169,5.51,7.87,0.2371,0.7922,0.4625,0.0036,42,6,278,192,2012
Katsumi Midorikawa,0000-0002-0588-519X,Physics,0,10,2008,1998,59,6.26,9.1,0.2297,0.7647,0.0,0.0,24,3,72,44,2012
P.C. Stangeby,0000-0002-3511-2286,Physics,0,0,2019,2019,4276,7.12,12.23,0.227,0.8036,0.0,0.0,25,28,260,120,2012
P.C. Stangeby,0000-0002-3511-2286,Physics,0,5,2019,2014,1443,7.54,11.86,0.2074,0.8095,0.0,0.0,21,15,231,98,2012
P.C. Stangeby,0000-0002-3511-2286,Physics,0,10,2019,2009,110,7.28,11.29,0.2163,0.8155,0.0,0.0,22,6,195,93,2012
O. Sauter,0000-0002-0099-6675,Physics,0,0,2024,2024,6912,8.95,13.38,0.2462,0.8136,0.0,0.0,47,43,500,345,2012
O. Sauter,0000-0002-0099-6675,Physics,0,5,2024,2019,3284,8.91,13.17,0.2406,0.8154,0.0,0.0,39,28,406,282,2012
O. Sauter,0000-0002-0099-6675,Physics,0,10,2024,2014,1009,9.04,13.17,0.2314,0.8223,0.0,0.0,31,16,265,205,2012
N. J. Fisch,0000-0002-0301-7380,Physics,0,0,2023,2023,3852,3.63,4.4,0.2372,0.8065,0.4167,0.008,50,30,500,345,2012
N. J. Fisch,0000-0002-0301-7380,Physics,0,5,2023,2018,1862,3.38,4.08,0.2346,0.7989,0.4167,0.0115,44,21,349,234,2012
N. J. Fisch,0000-0002-0301-7380,Physics,0,10,2023,2013,392,3.72,4.62,0.2282,0.7897,0.5834,0.0103,30,10,195,133,2012
R. Budny,0000-0001-5472-3771,Physics,0,0,2006,2006,204,5.2,19.41,0.2305,0.8248,0.25,0.0023,29,7,431,345,2012
R. Budny,0000-0001-5472-3771,Physics,0,5,2006,2001,412,5.12,19.64,0.2351,0.8211,0.0,0.0,28,11,388,307,2012
R. Budny,0000-0001-5472-3771,Physics,0,10,2006,1996,438,5.2,20.15,0.23,0.8199,0.0,0.0,22,12,263,219,2012
M. Yokoyama,0000-0001-8856-1483,Physics,0,0,2023,2023,4449,9.44,17.45,0.2554,0.8173,0.7142,0.0409,56,32,318,232,2012
M. Yokoyama,0000-0001-8856-1483,Physics,0,5,2023,2018,3934,14.95,23.84,0.2595,0.8195,0.6776,0.0606,66,28,396,299,2012
M. Yokoyama,0000-0001-8856-1483,Physics,0,10,2023,2013,1399,15.0,22.93,0.2712,0.8199,0.6641,0.0734,71,19,368,273,2012
R. B. White,0000-0002-4239-2685,Physics,0,0,2019,2019,2165,7.14,8.48,0.247,0.8419,0.0,0.0,32,25,311,202,2012
R. B. White,0000-0002-4239-2685,Physics,0,5,2019,2014,1057,7.35,8.79,0.2611,0.8376,0.0,0.0,35,15,363,239,2012
R. B. White,0000-0002-4239-2685,Physics,0,10,2019,2009,119,7.65,9.07,0.2574,0.8398,0.0,0.0,36,5,348,241,2012
Thomas Brabec,0000-0002-0784-0614,Physics,0,0,2023,2023,3872,4.59,5.25,0.3178,0.8524,0.4166,0.0226,49,32,133,104,2012
Thomas Brabec,0000-0002-0784-0614,Physics,0,5,2023,2018,3716,4.08,4.57,0.3089,0.858,0.4166,0.0208,42,27,144,114,2012
Thomas Brabec,0000-0002-0784-0614,Physics,0,10,2023,2013,1116,3.54,4.29,0.2848,0.8511,0.4166,0.0238,37,14,126,99,2012
W. Becker,0000-0001-8939-0372,Physics,0,0,2023,2023,5319,3.67,4.54,0.3436,0.8418,0.5256,0.0854,53,36,164,135,2012
W. Becker,0000-0001-8939-0372,Physics,0,5,2023,2018,4456,3.42,4.48,0.3406,0.8397,0.5877,0.0777,57,33,206,161,2012
W. Becker,0000-0001-8939-0372,Physics,0,10,2023,2013,1169,3.11,4.18,0.3321,0.8356,0.6358,0.0718,55,17,195,148,2012
A. Kallenbach,0000-0003-0538-2493,Physics,0,0,2017,2017,4223,7.83,17.99,0.229,0.8159,0.0,0.0,37,33,368,201,2012
A. Kallenbach,0000-0003-0538-2493,Physics,0,5,2017,2012,612,7.61,19.54,0.2189,0.8216,0.0,0.0,35,10,324,169,2012
A. Kallenbach,0000-0003-0538-2493,Physics,0,10,2017,2007,230,7.12,18.79,0.2224,0.8232,0.0,0.0,28,8,273,133,2012
C. Stöeckl,0000-0001-5375-5800,Physics,0,0,2023,2023,7038,12.0,17.39,0.3284,0.8106,0.4313,0.004,40,46,500,276,2012
C. Stöeckl,0000-0001-5375-5800,Physics,0,5,2023,2018,3537,12.54,17.5,0.3171,0.8102,0.4313,0.0052,32,32,383,201,2012
C. Stöeckl,0000-0001-5375-5800,Physics,0,10,2023,2013,683,12.76,17.94,0.32,0.8055,0.6292,0.0049,23,14,204,111,2012
P. Beiersdörfer,0000-0003-0127-599X,Physics,0,0,2011,2011,38,4.86,8.79,0.2621,0.8353,0.0,0.0,71,3,500,331,2012
P. Beiersdörfer,0000-0003-0127-599X,Physics,0,5,2011,2006,35,4.97,9.25,0.2403,0.8415,0.0,0.0,49,3,268,173,2012
P. Beiersdörfer,0000-0003-0127-599X,Physics,0,10,2011,2001,15,2.2,7.15,0.2377,0.8334,0.0,0.0,24,2,80,51,2012
K. Ida,0000-0002-0585-4561,Physics,0,0,2019,2019,3013,6.56,14.88,0.2002,0.8217,0.6083,0.004,46,26,500,306,2012
K. Ida,0000-0002-0585-4561,Physics,0,5,2019,2014,708,6.16,14.47,0.2061,0.8225,0.6083,0.0064,35,11,312,193,2012
K. Ida,0000-0002-0585-4561,Physics,0,10,2019,2009,18,6.74,19.65,0.2364,0.8299,0.0,0.0,21,2,81,68,2012
G. G. Paulus,0000-0002-8343-8811,Physics,0,0,2018,2018,5464,7.21,9.44,0.3244,0.8607,0.7396,0.0186,75,37,322,253,2012
G. G. Paulus,0000-0002-8343-8811,Physics,0,5,2018,2013,1391,6.07,8.34,0.3122,0.8603,0.7011,0.022,55,19,227,171,2012
G. G. Paulus,0000-0002-8343-8811,Physics,0,10,2018,2008,30,3.54,6.08,0.3032,0.8653,0.5191,0.0254,39,3,118,88,2012
M. A. Shay,0000-0003-1861-4767,Physics,0,0,2012,2012,568,2.53,4.37,0.1687,0.8344,0.0,0.0,35,12,169,67,2012
M. A. Shay,0000-0003-1861-4767,Physics,0,5,2012,2007,7,2.18,3.76,0.1746,0.8141,0.0,0.0,27,2,98,38,2012
M. A. Shay,0000-0003-1861-4767,Physics,0,10,2012,2002,6,2.19,3.84,0.1431,0.8104,0.0,0.0,15,2,31,14,2012
V. T. Tikhonchuk,0000-0001-7532-5879,Physics,0,0,2020,2020,6086,7.34,9.59,0.3465,0.8129,0.8926,0.0165,100,38,486,375,2012
V. T. Tikhonchuk,0000-0001-7532-5879,Physics,0,5,2020,2015,2409,6.54,8.56,0.3339,0.8138,0.8568,0.0167,72,22,359,284,2012
V. T. Tikhonchuk,0000-0001-7532-5879,Physics,0,10,2020,2010,34,5.68,7.91,0.3173,0.8176,0.0,0.0,52,3,220,167,2012
A. Couairon,0000-0003-1883-0208,Physics,0,0,2011,2011,8,3.98,6.19,0.2925,0.8578,0.9253,0.0366,36,2,164,135,2012
A. Couairon,0000-0003-1883-0208,Physics,0,5,2011,2006,5,3.35,5.67,0.2804,0.8376,1.0,0.0125,26,1,80,59,2012
A. Couairon,0000-0003-1883-0208,Physics,0,10,2011,2001,0,2.12,3.46,0.35,0.7804,0.0,0.0,9,0,24,17,2012
X. Garbet,0000-0001-5730-1259,Physics,0,0,2021,2021,5485,5.3,9.64,0.2361,0.8409,0.0,0.0,47,33,500,390,2012
X. Garbet,0000-0001-5730-1259,Physics,0,5,2021,2016,2573,5.41,9.91,0.2349,0.8399,0.0,0.0,45,22,401,309,2012
X. Garbet,0000-0001-5730-1259,Physics,0,10,2021,2011,26,5.25,9.62,0.2372,0.8389,0.0,0.0,32,2,264,206,2012
M. Goossens,0000-0002-7830-7147,Physics,0,0,2010,2010,150,3.61,4.54,0.3151,0.8079,0.6922,0.114,97,6,351,197,2012
M. Goossens,0000-0002-7830-7147,Physics,0,5,2010,2005,247,3.68,4.57,0.3358,0.8097,0.5863,0.169,95,8,361,194,2012
M. Goossens,0000-0002-7830-7147,Physics,0,10,2010,2000,311,3.82,5.74,0.3584,0.7951,0.5609,0.2071,87,9,309,150,2012
W. W. Heidbrink,0000-0002-6942-8043,Physics,0,0,2010,2010,59,6.89,16.38,0.2406,0.8229,0.0,0.0,25,3,295,192,2012
W. W. Heidbrink,0000-0002-6942-8043,Physics,0,5,2010,2005,82,7.68,18.24,0.2123,0.8196,0.0,0.0,25,4,199,144,2012
W. W. Heidbrink,0000-0002-6942-8043,Physics,0,10,2010,2000,125,8.18,20.29,0.206,0.8262,0.0,0.0,22,5,141,114,2012
P.B. Snyder,0000-0002-0613-4232,Physics,0,0,2012,2012,581,7.56,11.5,0.2053,0.8118,0.0,0.0,33,11,271,165,2012
P.B. Snyder,0000-0002-0613-4232,Physics,0,5,2012,2007,36,6.92,11.58,0.2083,0.8174,0.0,0.0,23,4,131,82,2012
P.B. Snyder,0000-0002-0613-4232,Physics,0,10,2012,2002,11,4.94,9.11,0.2478,0.8262,0.0,0.0,12,2,35,24,2012
D. von der Linde,0000-0001-5618-3879,Physics,0,0,2019,2019,2291,6.47,8.45,0.3198,0.7959,0.2656,0.0057,57,21,174,133,2012
D. von der Linde,0000-0001-5618-3879,Physics,0,5,2019,2014,1226,5.78,7.59,0.3103,0.7918,0.5307,0.0094,58,18,213,157,2012
D. von der Linde,0000-0001-5618-3879,Physics,0,10,2019,2009,85,5.46,7.21,0.2914,0.7884,0.5307,0.0087,63,4,231,160,2012
J. Birn,0000-0002-1496-4076,Physics,0,0,2012,2012,427,2.22,4.54,0.1466,0.8575,0.0,0.0,43,9,224,137,2012
J. Birn,0000-0002-1496-4076,Physics,0,5,2012,2007,105,2.19,4.14,0.1469,0.8586,0.0,0.0,42,5,222,144,2012
J. Birn,0000-0002-1496-4076,Physics,0,10,2012,2002,151,2.2,4.18,0.1411,0.8695,0.0,0.0,36,7,175,123,2012
H. Zohm,0000-0002-8870-7806,Physics,0,0,2014,2014,1744,9.93,14.09,0.2166,0.8128,0.0,0.0,36,19,418,254,2012
H. Zohm,0000-0002-8870-7806,Physics,0,5,2014,2009,205,9.36,14.46,0.2251,0.8101,0.0,0.0,34,6,352,209,2012
H. Zohm,0000-0002-8870-7806,Physics,0,10,2014,2004,155,8.67,14.4,0.2065,0.8119,0.0,0.0,25,6,220,114,2012
Z. M. Sheng,0000-0002-8823-9993,Physics,0,0,2020,2020,5314,7.07,9.63,0.3488,0.8171,0.5869,0.016,89,37,500,449,2012
Z. M. Sheng,0000-0002-8823-9993,Physics,0,5,2020,2015,1573,6.2,9.11,0.3257,0.8205,0.5869,0.0262,58,18,305,275,2012
Z. M. Sheng,0000-0002-8823-9993,Physics,0,10,2020,2010,10,5.04,8.26,0.2955,0.8216,1.0,0.0098,31,1,102,92,2012
A. Herrmann,0000-0003-3872-2407,Physics,0,0,2022,2022,7791,6.52,14.18,0.2294,0.8127,1.0,0.0028,39,45,361,197,2012
A. Herrmann,0000-0003-3872-2407,Physics,0,5,2022,2017,4568,6.19,14.19,0.2343,0.8165,1.0,0.003,37,34,338,189,2012
A. Herrmann,0000-0003-3872-2407,Physics,0,10,2022,2012,659,6.67,16.56,0.231,0.8175,1.0,0.0036,32,10,276,147,2012
H. R. Wilson,0000-0003-3333-7470,Physics,0,0,2022,2022,4554,9.42,11.65,0.2011,0.8336,0.0,0.0,36,33,184,135,2012
H. R. Wilson,0000-0003-3333-7470,Physics,0,5,2022,2017,3383,9.85,12.28,0.1966,0.8289,0.0,0.0,31,31,198,148,2012
H. R. Wilson,0000-0003-3333-7470,Physics,0,10,2022,2012,699,9.94,12.33,0.2141,0.8369,0.7333,0.0051,32,12,195,155,2012
Hadley Wickham,0000-0003-4757-117X,Physics,0,0,2014,2014,2418,1.74,2.59,0.2117,0.6038,0.5922,0.0348,24,11,115,61,2012
Hadley Wickham,0000-0003-4757-117X,Physics,0,5,2014,2009,1,1.58,2.36,0.2628,0.6257,0.6198,0.0444,10,1,45,13,2012
Hadley Wickham,0000-0003-4757-117X,Physics,0,10,2014,2004,0,2.67,4.0,0.0,0.6,0.0,0.0,0,0,3,2,2013
Jake Vanderplas,0000-0002-9623-3401,Physics,0,0,2016,2016,4354,7.13,17.19,0.1593,0.6721,0.0,0.0,14,9,31,27,2012
Jake Vanderplas,0000-0002-9623-3401,Physics,0,5,2016,2011,0,10.57,23.14,0.1084,0.8762,0.0,0.0,7,0,7,5,2012
Fabián Pedregosa,0000-0003-4025-3953,Physics,0,0,2014,2014,989,2.86,7.93,0.4,0.5872,1.0,0.0714,5,2,14,8,2012
William T. Vetterling,0009-0009-9476-3319,Physics,0,0,2014,2014,758,2.9,3.62,0.2714,0.6776,0.0,0.0,8,5,21,12,2012
William T. Vetterling,0009-0009-9476-3319,Physics,0,5,2014,2009,17,3.03,4.13,0.2106,0.6492,0.0,0.0,13,2,30,17,2012
William T. Vetterling,0009-0009-9476-3319,Physics,0,10,2014,2004,22,2.98,4.4,0.1825,0.6294,0.0,0.0,26,3,45,22,2012
Carole Goble,0000-0003-1219-2137,Physics,0,0,2013,2013,3109,4.0,6.19,0.2114,0.6179,0.4119,0.0573,91,23,454,287,2012
Carole Goble,0000-0003-1219-2137,Physics,0,5,2013,2008,472,3.36,5.51,0.2058,0.6178,0.4578,0.0643,74,11,342,201,2012
Carole Goble,0000-0003-1219-2137,Physics,0,10,2013,2003,280,3.05,5.31,0.2059,0.6338,0.4946,0.0979,37,9,143,89,2012
Susanna‐Assunta Sansone,0000-0001-5306-5690,Physics,0,0,2023,2023,22950,12.7,18.11,0.3368,0.6973,0.5108,0.1454,75,50,337,265,2012
Susanna‐Assunta Sansone,0000-0001-5306-5690,Physics,0,5,2023,2018,6913,11.14,16.76,0.3801,0.7541,0.5173,0.2189,58,34,201,153,2012
Susanna‐Assunta Sansone,0000-0001-5306-5690,Physics,0,10,2023,2013,1607,9.17,15.39,0.4206,0.7873,0.5208,0.2941,44,17,119,94,2012
Stéfan van der Walt,0000-0001-9276-1891,Physics,0,0,2005,2005,0,3.0,6.0,0.1333,0.6521,0.0,0.0,1,0,1,0,
Zachary DeVito,0009-0002-8863-1503,Physics,0,0,2022,2022,21271,5.74,11.43,0.2754,0.6114,0.0,0.0,5,14,23,22,2012
Zachary DeVito,0009-0002-8863-1503,Physics,0,5,2022,2017,439,2.29,6.65,0.1769,0.6136,0.0,0.0,4,8,17,16,2012
Zachary DeVito,0009-0002-8863-1503,Physics,0,10,2022,2012,24,1.33,6.0,0.15,0.6,0.0,0.0,0,1,3,3,2012
Paul Groth,0000-0003-0183-6910,Physics,0,0,2023,2023,18688,3.54,6.8,0.2012,0.5828,0.4809,0.0166,81,42,362,261,2012
Paul Groth,0000-0003-0183-6910,Physics,0,5,2023,2018,5502,3.4,6.73,0.1791,0.576,0.5104,0.0191,62,31,262,172,2012
Paul Groth,0000-0003-0183-6910,Physics,0,10,2023,2013,1213,2.83,5.39,0.1746,0.559,0.3958,0.0108,52,16,186,123,2012
Romain François,0000-0002-2444-4226,Physics,0,0,2015,2015,185,1.88,3.0,0.2667,0.6134,0.0,0.0,4,3,17,9,2012
Romain François,0000-0002-2444-4226,Physics,0,5,2015,2010,1,1.88,3.0,0.3667,0.5853,0.0,0.0,3,1,8,5,2012
Rob Hooft,0000-0001-6825-9439,Physics,0,0,2017,2017,1510,5.49,10.51,0.4057,0.7354,0.632,0.1395,19,9,43,25,2012
Rob Hooft,0000-0001-6825-9439,Physics,0,5,2017,2012,329,2.91,5.19,0.3833,0.8104,0.4792,0.2553,26,9,47,30,2012
Rob Hooft,0000-0001-6825-9439,Physics,0,10,2017,2007,22,2.25,4.34,0.35,0.8293,0.3958,0.1818,22,3,44,26,2012
Rob Knight,0000-0002-0975-9019,Chemistry,0,0,2022,2022,11924,13.57,16.35,0.4226,0.7649,0.5427,0.218,149,57,500,387,2012
Richard Durbin,0000-0002-9130-1006,Chemistry,0,0,2018,2018,79544,17.05,27.15,0.4961,0.8376,0.6174,0.5317,52,74,205,164,2012
Richard Durbin,0000-0002-9130-1006,Chemistry,0,5,2018,2013,14876,12.18,18.83,0.5064,0.8439,0.613,0.5556,43,46,144,109,2012
Richard Durbin,0000-0002-9130-1006,Chemistry,0,10,2018,2008,14,8.15,12.99,0.4716,0.8221,0.6082,0.4727,38,2,110,75,2012
Peer Bork,0000-0002-2627-833X,Chemistry,0,0,2019,2019,84723,10.84,15.32,0.4546,0.8149,0.5303,0.46,141,119,500,350,2012
Peer Bork,0000-0002-2627-833X,Chemistry,0,5,2019,2014,21561,8.69,12.56,0.463,0.8311,0.5424,0.5197,93,60,304,197,2012
Peer Bork,0000-0002-2627-833X,Chemistry,0,10,2019,2009,23,6.7,10.12,0.4534,0.8449,0.5339,0.4975,77,3,199,120,2012
Steven L. Salzberg,0000-0002-8859-7432,Chemistry,0,0,2019,2019,104207,10.17,14.59,0.4526,0.8146,0.5978,0.4409,84,90,347,236,2012
Steven L. Salzberg,0000-0002-8859-7432,Chemistry,0,5,2019,2014,24487,9.59,14.18,0.4558,0.8054,0.5779,0.4632,76,61,285,177,2012
Steven L. Salzberg,0000-0002-8859-7432,Chemistry,0,10,2019,2009,58,9.21,14.17,0.4242,0.7747,0.5692,0.4128,66,4,218,127,2012
Jun Wang,0009-0008-8475-2934,Chemistry,0,0,2012,2012,5327,9.97,13.81,0.5177,0.782,0.6397,0.518,240,35,500,337,2012
Jun Wang,0009-0008-8475-2934,Chemistry,0,5,2012,2007,7,5.47,9.65,0.5287,0.7986,0.6029,0.4912,37,1,57,41,2012
Sudhir Kumar,0000-0002-9918-8212,Chemistry,0,0,2014,2014,34041,2.68,3.77,0.4152,0.8221,0.4795,0.4047,59,30,215,137,2012
Sudhir Kumar,0000-0002-9918-8212,Chemistry,0,5,2014,2009,25,2.13,2.98,0.3881,0.8255,0.4617,0.3503,45,4,157,95,2012
Sudhir Kumar,0000-0002-9918-8212,Chemistry,0,10,2014,2004,19,1.78,2.63,0.3518,0.8301,0.4458,0.3091,30,3,110,58,2012
Richard A. Gibbs,0000-0002-1356-5698,Chemistry,0,0,2021,2021,32854,20.09,28.14,0.4947,0.8234,0.6204,0.48,145,77,500,375,2012
Richard A. Gibbs,0000-0002-1356-5698,Chemistry,0,5,2021,2016,5400,17.73,24.26,0.5148,0.8274,0.6007,0.5419,92,34,227,164,2012
Koichiro Tamura,0000-0001-7189-5399,Chemistry,0,0,2014,2014,29754,2.73,4.04,0.4826,0.7891,0.6516,0.3673,23,14,49,33,2012
Koichiro Tamura,0000-0001-7189-5399,Chemistry,0,5,2014,2009,10,2.23,3.65,0.4259,0.8062,0.548,0.45,19,1,40,29,2012
Koichiro Tamura,0000-0001-7189-5399,Chemistry,0,10,2014,2004,10,2.59,4.41,0.34,0.8071,0.4295,0.4118,17,1,34,22,2012
Heng Li,0000-0003-4874-2874,Chemistry,0,0,2020,2020,98924,4.86,12.0,0.4621,0.776,0.6089,0.3714,174,65,315,233,2012
Heng Li,0000-0003-4874-2874,Chemistry,0,5,2020,2015,25680,3.8,11.6,0.4639,0.7754,0.6092,0.4235,121,40,196,137,2012
Heng Li,0000-0003-4874-2874,Chemistry,0,10,2020,2010,10,4.03,12.48,0.4421,0.7555,0.6255,0.3431,73,2,102,67,2012
Mark Gerstein,0000-0002-9746-3719,Chemistry,0,0,2018,2018,45859,10.24,15.04,0.5474,0.8445,0.6068,0.542,124,92,500,389,2012
Mark Gerstein,0000-0002-9746-3719,Chemistry,0,5,2018,2013,11168,8.29,10.37,0.5894,0.8497,0.6427,0.6145,95,48,332,257,2012
Mark Gerstein,0000-0002-9746-3719,Chemistry,0,10,2018,2008,28,6.31,7.51,0.5733,0.8506,0.6304,0.6218,61,2,156,108,2012
Richard K. Wilson,0000-0002-1992-1358,Chemistry,0,0,2014,2014,18208,20.48,24.51,0.5298,0.8017,0.5919,0.5673,76,66,275,175,2012
Richard K. Wilson,0000-0002-1992-1358,Chemistry,0,5,2014,2009,87,14.56,18.14,0.5327,0.7906,0.6251,0.646,46,4,113,75,2012
Richard K. Wilson,0000-0002-1992-1358,Chemistry,0,10,2014,2004,130,11.19,14.44,0.5589,0.7898,0.6815,0.6346,26,5,52,31,2012
David Haussler,0000-0003-1533-4575,Chemistry,0,0,2018,2018,32848,13.08,16.37,0.4499,0.8475,0.5063,0.4172,64,79,302,249,2012
David Haussler,0000-0003-1533-4575,Chemistry,0,5,2018,2013,8192,9.77,12.31,0.454,0.8295,0.5391,0.4332,62,47,247,190,2012
David Haussler,0000-0003-1533-4575,Chemistry,0,10,2018,2008,151,6.65,8.04,0.42,0.7816,0.5759,0.3724,54,7,196,131,2012
Huanming Yang,0000-0002-0858-3410,Chemistry,0,0,2023,2023,15170,19.87,24.86,0.3908,0.8013,0.5348,0.25,151,67,500,414,2012
Huanming Yang,0000-0002-0858-3410,Chemistry,0,5,2023,2018,139,15.71,19.79,0.4669,0.8166,0.5542,0.4588,42,5,85,76,2012
Eugene V. Koonin,0000-0003-3943-8299,Chemistry,0,0,2014,2014,12704,3.68,4.88,0.3476,0.8302,0.4527,0.354,132,57,500,319,2012
Eugene V. Koonin,0000-0003-3943-8299,Chemistry,0,5,2014,2009,14,3.53,4.87,0.3423,0.8372,0.455,0.3481,86,2,316,180,2012
Eugene V. Koonin,0000-0003-3943-8299,Chemistry,0,10,2014,2004,8,3.22,4.67,0.3685,0.8426,0.4424,0.3592,45,2,142,58,2012
Steven J.M. Jones,0000-0003-3394-2208,Chemistry,0,0,2011,2011,105,9.31,13.48,0.535,0.7879,0.6301,0.5385,163,5,364,245,2012
Steven J.M. Jones,0000-0003-3394-2208,Chemistry,0,5,2011,2006,97,8.27,12.75,0.5373,0.766,0.6277,0.5121,104,5,207,128,2012
Steven J.M. Jones,0000-0003-3394-2208,Chemistry,0,10,2011,2001,35,5.62,8.77,0.4028,0.719,0.5508,0.4026,43,3,77,46,2012
Paul Flicek,0000-0002-3897-7955,Chemistry,0,0,2022,2022,86841,20.36,31.26,0.4099,0.8569,0.5222,0.3573,91,117,431,345,2012
Paul Flicek,0000-0002-3897-7955,Chemistry,0,5,2022,2017,27672,19.34,31.34,0.4485,0.8607,0.5556,0.3773,70,73,273,198,2012
Paul Flicek,0000-0002-3897-7955,Chemistry,0,10,2022,2012,2565,13.48,28.49,0.4946,0.8677,0.5678,0.4946,34,27,93,63,2012
Stephen F. Altschul,0000-0003-2120-9631,Chemistry,0,0,2023,2023,2387,2.4,3.66,0.651,0.8545,0.8073,0.5714,17,14,35,32,2012
Stephen F. Altschul,0000-0003-2120-9631,Chemistry,0,5,2023,2018,1326,2.47,3.74,0.5901,0.8291,0.8255,0.5106,22,15,47,36,2012
Stephen F. Altschul,0000-0003-2120-9631,Chemistry,0,10,2023,2013,7044,2.43,3.73,0.5463,0.827,0.699,0.5686,28,14,51,34,2012
Evan E. Eichler,0000-0002-8246-4014,Chemistry,0,0,2007,2007,11,5.57,9.87,0.4695,0.8354,0.5831,0.5781,40,2,128,76,2012
Evan E. Eichler,0000-0002-8246-4014,Chemistry,0,5,2007,2002,11,2.77,4.98,0.4237,0.8196,0.5561,0.5,21,2,52,33,2012
Evan E. Eichler,0000-0002-8246-4014,Chemistry,0,10,2007,1997,19,2.25,4.83,0.4505,0.7911,0.5451,0.5,11,1,24,14,2012
Ruth E. Ley,0000-0002-9087-1672,Chemistry,0,0,2012,2012,3612,7.11,11.89,0.4381,0.7579,0.5729,0.4032,38,24,62,38,2012
Ruth E. Ley,0000-0002-9087-1672,Chemistry,0,5,2012,2007,0,2.27,5.08,0.3639,0.7335,0.5431,0.2308,18,0,26,17,2012
Ruth E. Ley,0000-0002-9087-1672,Chemistry,0,10,2012,2002,0,2.0,3.43,0.1333,0.6762,0.0,0.0,5,0,7,4,2012
Ewan Birney,0000-0001-8314-8497,Chemistry,0,0,2024,2024,87716,15.26,22.19,0.4212,0.8313,0.5386,0.3907,106,100,366,273,2012
Ewan Birney,0000-0001-8314-8497,Chemistry,0,5,2024,2019,50227,13.69,22.0,0.4127,0.8427,0.5196,0.4373,100,84,295,199,2012
Ewan Birney,0000-0001-8314-8497,Chemistry,0,10,2024,2014,17600,12.34,20.13,0.4168,0.8465,0.4987,0.4798,78,55,223,151,2012
Curtis Huttenhower,0000-0002-1110-0096,Chemistry,0,0,2022,2022,95131,12.41,17.83,0.4783,0.7907,0.6402,0.3485,126,120,482,342,2012
Curtis Huttenhower,0000-0002-1110-0096,Chemistry,0,5,2022,2017,18358,9.54,14.02,0.5018,0.8069,0.6308,0.4147,86,57,258,189,2012
Curtis Huttenhower,0000-0002-1110-0096,Chemistry,0,10,2022,2012,686,5.26,12.47,0.5407,0.839,0.6226,0.5714,38,14,77,63,2012
Minoru Kanehisa,0000-0001-6123-540X,Chemistry,0,0,2018,2018,35681,4.24,5.01,0.3577,0.8454,0.5202,0.3158,84,47,304,215,2012
Minoru Kanehisa,0000-0001-6123-540X,Chemistry,0,5,2018,2013,7502,4.0,4.66,0.3541,0.8493,0.5226,0.3019,87,28,318,221,2012
Minoru Kanehisa,0000-0001-6123-540X,Chemistry,0,10,2018,2008,72,3.8,4.27,0.3549,0.8556,0.5467,0.2841,80,4,271,184,2012
Julie Thompson,0000-0003-4893-3478,Chemistry,0,0,2020,2020,29073,4.74,6.74,0.3999,0.798,0.5467,0.3313,77,23,163,100,2012
Julie Thompson,0000-0003-4893-3478,Chemistry,0,5,2020,2015,20100,4.11,6.8,0.4923,0.802,0.5571,0.4941,50,20,85,64,2012
Julie Thompson,0000-0003-4893-3478,Chemistry,0,10,2020,2010,15,3.02,5.87,0.4979,0.8233,0.5129,0.5714,33,2,63,49,2012
Peter J. Turnbaugh,0000-0002-0888-2875,Chemistry,0,0,2015,2015,18450,5.13,7.36,0.3249,0.7925,0.3939,0.403,35,31,67,41,2012
Peter J. Turnbaugh,0000-0002-0888-2875,Chemistry,0,5,2015,2010,0,3.2,7.75,0.3649,0.7869,0.356,0.75,12,0,20,14,2012
Peter J. Turnbaugh,0000-0002-0888-2875,Chemistry,0,10,2015,2005,0,3.0,5.5,0.2292,0.8335,0.2917,0.5,2,0,2,2,2012
Gábor Marth,0000-0003-0222-1694,Chemistry,0,0,2013,2013,3630,7.19,13.85,0.5971,0.861,0.6377,0.5957,23,19,47,35,2012
Gábor Marth,0000-0003-0222-1694,Chemistry,0,5,2013,2008,6,3.64,8.52,0.546,0.8328,0.6528,0.6,14,1,25,13,2012
Gábor Marth,0000-0003-0222-1694,Chemistry,0,10,2013,2003,6,2.82,8.47,0.4278,0.8189,0.5104,0.4706,11,1,17,9,2012
Donna M. Muzny,0000-0002-3055-0359,Chemistry,0,0,2013,2013,4196,13.27,24.68,0.5625,0.8354,0.6619,0.6,54,27,105,80,2012
Donna M. Muzny,0000-0002-3055-0359,Chemistry,0,5,2013,2008,31,8.59,15.67,0.611,0.8308,0.6927,0.7407,15,3,27,21,2012
Donna M. Muzny,0000-0002-3055-0359,Chemistry,0,10,2013,2003,31,4.05,7.86,0.5981,0.8394,0.6703,0.7727,14,3,22,16,2012
Willem M. de Vos,0000-0002-0273-3166,Chemistry,0,0,2019,2019,36918,6.93,8.64,0.4693,0.7524,0.5681,0.428,181,93,500,352,2012
Willem M. de Vos,0000-0002-0273-3166,Chemistry,0,5,2019,2014,7662,6.68,8.27,0.5057,0.7482,0.5831,0.4562,108,40,274,174,2012
Willem M. de Vos,0000-0002-0273-3166,Chemistry,0,10,2019,2009,0,4.96,6.38,0.5637,0.7319,0.6176,0.5833,25,0,48,37,2012
Simon Anders,0000-0003-4868-1805,Chemistry,0,0,2015,2015,5623,2.77,6.19,0.4618,0.8644,0.5637,0.383,22,18,47,38,2012
Simon Anders,0000-0003-4868-1805,Chemistry,0,5,2015,2010,0,1.83,3.67,0.53,0.8444,0.6875,0.3333,7,0,12,11,2012
J. Gregory Caporaso,0000-0002-8865-1670,Chemistry,0,0,2023,2023,104948,9.8,14.98,0.41,0.7572,0.5158,0.2982,82,72,218,183,2012
J. Gregory Caporaso,0000-0002-8865-1670,Chemistry,0,5,2023,2018,36157,9.24,14.77,0.4011,0.7651,0.5151,0.303,57,50,165,132,2012
J. Gregory Caporaso,0000-0002-8865-1670,Chemistry,0,10,2023,2013,3145,4.69,9.44,0.4272,0.7476,0.5171,0.4516,31,22,62,46,2012
Catherine Lozupone,0000-0003-4786-7202,Chemistry,0,0,2020,2020,69193,9.53,17.92,0.3869,0.7977,0.521,0.3376,65,57,157,125,2012
Catherine Lozupone,0000-0003-4786-7202,Chemistry,0,5,2020,2015,16289,6.86,13.64,0.3818,0.7871,0.4512,0.4571,40,39,70,52,2012
Catherine Lozupone,0000-0003-4786-7202,Chemistry,0,10,2020,2010,11,5.9,11.1,0.3435,0.7906,0.4605,0.4872,25,2,39,29,2012
Eric Banks,0000-0001-9615-2372,Chemistry,0,0,2015,2015,8805,7.85,24.64,0.5964,0.832,0.6484,0.6154,26,18,39,26,2012
Eric Banks,0000-0001-9615-2372,Chemistry,0,5,2015,2010,0,2.64,6.45,0.4107,0.7353,0.4167,0.4545,9,0,11,8,2012
Eric Banks,0000-0001-9615-2372,Chemistry,0,10,2015,2005,0,1.8,3.6,0.2958,0.6544,0.4583,0.2,4,0,5,3,2012
Andrew Rambaut,0000-0003-4337-3707,Chemistry,0,0,2024,2024,113372,18.76,25.14,0.4417,0.7397,0.6102,0.372,108,118,414,337,2012
Andrew Rambaut,0000-0003-4337-3707,Chemistry,0,5,2024,2019,41669,9.34,12.66,0.5042,0.7551,0.6321,0.4903,79,79,257,193,2012
Andrew Rambaut,0000-0003-4337-3707,Chemistry,0,10,2024,2014,12363,5.04,7.36,0.5157,0.7677,0.6236,0.4925,61,44,201,146,2012
George M. Weinstock,0000-0002-2997-4592,Chemistry,0,0,2015,2015,15881,11.02,16.11,0.4701,0.7846,0.5577,0.5346,126,52,361,270,2012
George M. Weinstock,0000-0002-2997-4592,Chemistry,0,5,2015,2010,51,8.34,13.95,0.4685,0.7914,0.5422,0.5471,75,5,223,163,2012
George M. Weinstock,0000-0002-2997-4592,Chemistry,0,10,2015,2005,80,5.35,7.78,0.4734,0.7946,0.548,0.5563,53,5,142,102,2012
Charles Lee,0000-0001-7317-6662,Chemistry,0,0,2018,2018,26420,10.09,13.59,0.5688,0.7829,0.7003,0.5303,124,57,264,149,2012
Charles Lee,0000-0001-7317-6662,Chemistry,0,5,2018,2013,7402,8.45,11.88,0.5798,0.783,0.7001,0.567,108,36,224,111,2012
Charles Lee,0000-0001-7317-6662,Chemistry,0,10,2018,2008,36,5.8,9.01,0.5571,0.7706,0.6698,0.5855,86,4,152,76,2012
Robert A. Holt,0000-0002-7259-1247,Chemistry,0,0,2014,2014,7078,13.34,22.44,0.4931,0.8264,0.5961,0.5192,81,34,156,117,2012
Robert A. Holt,0000-0002-7259-1247,Chemistry,0,5,2014,2009,60,10.22,19.94,0.5267,0.8299,0.6155,0.5481,55,4,104,82,2012
Robert A. Holt,0000-0002-7259-1247,Chemistry,0,10,2014,2004,55,6.16,20.1,0.444,0.8209,0.6025,0.3673,30,3,49,36,2012
Desmond G. Higgins,0000-0002-3952-3285,Chemistry,0,0,2017,2017,22390,4.78,6.11,0.556,0.8325,0.6035,0.3727,64,34,220,98,2012
Desmond G. Higgins,0000-0002-3952-3285,Chemistry,0,5,2017,2012,6064,4.75,6.2,0.5763,0.8268,0.621,0.6238,57,15,101,73,2012
Desmond G. Higgins,0000-0002-3952-3285,Chemistry,0,10,2017,2007,74,3.25,4.59,0.5435,0.8349,0.6083,0.5172,46,4,87,54,2012
David J. Lipman,0009-0002-3443-2023,Chemistry,0,0,2014,2014,3945,6.25,10.75,0.3533,0.7954,0.6042,0.2951,23,29,61,51,2012
David J. Lipman,0009-0002-3443-2023,Chemistry,0,5,2014,2009,7,5.81,9.94,0.2685,0.8093,0.4115,0.2308,23,2,52,40,2012
David J. Lipman,0009-0002-3443-2023,Chemistry,0,10,2014,2004,7,2.65,5.9,0.2636,0.8146,0.3318,0.175,23,2,40,25,2012
Søren Brunak,0000-0003-0316-5866,Chemistry,0,0,2005,2005,7,4.03,5.0,0.4441,0.8412,0.5486,0.4615,62,1,156,100,2012
Søren Brunak,0000-0003-0316-5866,Chemistry,0,5,2005,2000,4,3.16,4.31,0.3877,0.8323,0.4667,0.4321,37,1,81,47,2012
Søren Brunak,0000-0003-0316-5866,Chemistry,0,10,2005,1995,1,2.73,4.31,0.3879,0.8346,0.431,0.3077,16,1,26,14,2012
Chad Nusbaum,0000-0002-2777-1708,Chemistry,0,0,2011,2011,7,15.9,23.11,0.4714,0.8101,0.6014,0.5657,29,2,99,56,2012
Chad Nusbaum,0000-0002-2777-1708,Chemistry,0,5,2011,2006,3,19.52,34.45,0.5366,0.839,0.6217,0.6552,12,1,29,15,2012
Chad Nusbaum,0000-0002-2777-1708,Chemistry,0,10,2011,2001,2,6.62,25.38,0.6559,0.8917,0.743,0.75,5,1,8,4,2012
Alex Bateman,0000-0002-6982-4660,Chemistry,0,0,2006,2006,0,2.22,4.62,0.4315,0.8494,0.5137,0.4833,26,0,60,34,2012
Alex Bateman,0000-0002-6982-4660,Chemistry,0,5,2006,2001,0,1.79,4.42,0.4342,0.8514,0.4856,0.5417,15,0,24,11,2012
Alex Bateman,0000-0002-6982-4660,Chemistry,0,10,2006,1996,0,2.0,3.8,0.5764,0.8132,0.5764,0.6,5,0,5,1,2012
George M. Church,0000-0003-3535-2076,Chemistry,0,0,2013,2013,7850,5.86,7.57,0.5157,0.8391,0.5818,0.6266,105,49,316,198,2012
George M. Church,0000-0003-3535-2076,Chemistry,0,5,2013,2008,23,4.56,5.47,0.5338,0.8486,0.5928,0.6328,63,3,177,102,2012
George M. Church,0000-0003-3535-2076,Chemistry,0,10,2013,2003,20,3.98,4.57,0.5202,0.8712,0.5578,0.6629,34,3,89,53,2012
Toby J. Gibson,0000-0003-0657-5166,Chemistry,0,0,2021,2021,39295,7.72,11.43,0.4126,0.8703,0.5275,0.4252,61,48,127,93,2012
Toby J. Gibson,0000-0003-0657-5166,Chemistry,0,5,2021,2016,18260,6.31,9.26,0.4537,0.8606,0.5443,0.5,62,34,110,64,2012
Toby J. Gibson,0000-0003-0657-5166,Chemistry,0,10,2021,2011,24,4.3,6.38,0.4491,0.8487,0.5092,0.5,54,3,104,56,2012
Sean R. Eddy,0000-0001-6676-4706,Chemistry,0,0,2019,2019,30142,4.35,5.88,0.5649,0.8499,0.662,0.5586,34,56,111,83,2012
Sean R. Eddy,0000-0001-6676-4706,Chemistry,0,5,2019,2014,12855,3.35,4.64,0.5029,0.8344,0.6296,0.525,40,37,120,84,2012
Sean R. Eddy,0000-0001-6676-4706,Chemistry,0,10,2019,2009,14,2.95,4.2,0.4871,0.8263,0.6302,0.5,37,2,104,68,2012
T Gingeras,0000-0001-9106-3573,Chemistry,0,0,2017,2017,869,1.7,1.89,0.5109,0.8164,0.7178,0.022,19,9,500,25,2012
Michael I. Love,0000-0001-8401-0545,Chemistry,0,0,2019,2019,18712,3.77,6.84,0.484,0.8126,0.7508,0.2295,36,24,122,87,2012
Michael I. Love,0000-0001-8401-0545,Chemistry,0,5,2019,2014,174,2.33,6.5,0.6066,0.8198,0.6789,0.3889,10,6,18,14,2012
Michael I. Love,0000-0001-8401-0545,Chemistry,0,10,2019,2009,0,1.0,1.0,0.0,0.6,0.0,0.0,1,0,1,1,2014
Dan Knights,0000-0002-8205-2511,Chemistry,0,0,2023,2023,92431,10.52,19.26,0.4042,0.7631,0.5014,0.3518,85,70,199,143,2012
Dan Knights,0000-0002-8205-2511,Chemistry,0,5,2023,2018,28678,10.13,20.73,0.3894,0.7587,0.4766,0.3538,60,39,130,90,2012
Dan Knights,0000-0002-8205-2511,Chemistry,0,10,2023,2013,2905,7.88,15.76,0.4098,0.7302,0.4435,0.4524,27,17,42,31,2012
Robert E. Handsaker,0000-0002-3128-3547,Chemistry,0,0,2010,2010,1,7.0,35.5,0.4583,0.7412,0.4583,0.5,4,1,4,2,2012
Robert E. Handsaker,0000-0002-3128-3547,Chemistry,0,10,2010,2000,0,1.0,1.0,0.0,0.5665,0.0,0.0,1,0,1,1,
Gil McVean,0000-0002-5012-4162,Chemistry,0,0,2012,2012,2736,9.21,15.87,0.5127,0.8359,0.6154,0.5146,40,24,103,60,2012
Gil McVean,0000-0002-5012-4162,Chemistry,0,5,2012,2007,13,4.11,5.86,0.489,0.8353,0.6247,0.4464,28,2,56,35,2012
Gil McVean,0000-0002-5012-4162,Chemistry,0,10,2012,2002,3,1.58,2.26,0.4504,0.8315,0.5625,0.3684,9,1,19,11,2012
Philip Hugenholtz,0000-0001-5386-7925,Chemistry,0,0,2023,2023,58941,15.72,19.56,0.3227,0.7588,0.4944,0.166,114,87,500,419,2012
Philip Hugenholtz,0000-0001-5386-7925,Chemistry,0,5,2023,2018,16024,18.43,22.17,0.3355,0.7586,0.5158,0.1806,83,51,371,312,2012
Philip Hugenholtz,0000-0001-5386-7925,Chemistry,0,10,2023,2013,2165,22.99,26.03,0.3243,0.7634,0.5516,0.1646,43,20,237,207,2012
David A. Wheeler,0000-0002-9056-6299,Chemistry,0,0,2017,2017,15885,12.94,20.94,0.5107,0.7761,0.5906,0.3992,97,53,248,184,2012
David A. Wheeler,0000-0002-9056-6299,Chemistry,0,5,2017,2012,2295,8.11,15.99,0.5099,0.7337,0.6148,0.4041,76,22,146,90,2012
David A. Wheeler,0000-0002-9056-6299,Chemistry,0,10,2017,2007,27,6.06,11.69,0.4382,0.6967,0.5813,0.3491,50,3,106,57,2012
Ben Langmead,0000-0003-2437-1976,Chemistry,0,0,2023,2023,93953,6.76,9.21,0.412,0.8262,0.635,0.2629,38,37,175,150,2012
Ben Langmead,0000-0003-2437-1976,Chemistry,0,5,2023,2018,28166,4.09,5.64,0.428,0.8253,0.6482,0.3421,21,23,76,62,2012
Ben Langmead,0000-0003-2437-1976,Chemistry,0,10,2023,2013,3620,2.11,4.17,0.4458,0.8264,0.55,0.5556,11,11,18,13,2012
Xun Xu,0000-0002-5338-5173,Chemistry,0,0,2023,2023,12599,18.45,23.07,0.4115,0.7954,0.5585,0.25,167,56,500,414,2013
Xun Xu,0000-0002-5338-5173,Chemistry,0,5,2023,2018,29,20.1,23.71,0.5222,0.7967,0.6667,0.4839,21,3,31,25,2016
Christian von Mering,0000-0001-7734-9102,Chemistry,0,0,2010,2010,0,5.5,9.11,0.4802,0.8321,0.537,0.625,27,0,56,42,2012
Christian von Mering,0000-0001-7734-9102,Chemistry,0,5,2010,2005,0,5.0,11.17,0.4821,0.8569,0.5432,0.6667,16,0,24,14,2012
Christian von Mering,0000-0001-7734-9102,Chemistry,0,10,2010,2000,0,6.0,8.0,0.3355,0.8332,0.3355,0.6667,3,0,3,0,2012
Roderic Guigó,0000-0002-5738-4477,Chemistry,0,0,2013,2013,5986,10.49,14.29,0.5105,0.8383,0.6065,0.4885,55,31,174,97,2012
Roderic Guigó,0000-0002-5738-4477,Chemistry,0,5,2013,2008,25,6.52,9.65,0.4791,0.8454,0.5709,0.4727,40,3,110,49,2012
Roderic Guigó,0000-0002-5738-4477,Chemistry,0,10,2013,2003,24,6.0,10.18,0.4662,0.8351,0.5677,0.5882,21,3,34,18,2012
Carlos D. Bustamante,0000-0002-4187-7920,Chemistry,0,0,2013,2013,4992,10.39,13.93,0.5336,0.8215,0.636,0.5956,53,43,183,137,2012
Carlos D. Bustamante,0000-0002-4187-7920,Chemistry,0,5,2013,2008,3,5.69,10.63,0.5296,0.8192,0.6643,0.5441,27,1,68,43,2012
Carlos D. Bustamante,0000-0002-4187-7920,Chemistry,0,10,2013,2003,2,1.85,3.62,0.7025,0.8103,0.8073,0.6154,10,1,13,8,2012
Manolis Kellis,0000-0001-7113-9630,Chemistry,0,0,2012,2012,3007,10.98,14.37,0.4702,0.8641,0.5629,0.418,42,27,122,84,2012
Manolis Kellis,0000-0001-7113-9630,Chemistry,0,5,2012,2007,1,6.7,9.59,0.4714,0.8803,0.4472,0.5556,13,1,27,15,2012
Jay Shendure,0000-0002-1516-1865,Chemistry,0,0,2020,2020,55881,11.66,15.34,0.5188,0.8426,0.6078,0.5543,129,115,460,270,2012
Jay Shendure,0000-0002-1516-1865,Chemistry,0,5,2020,2015,16429,11.34,14.76,0.5486,0.8436,0.6051,0.6877,88,58,253,121,2012
Jay Shendure,0000-0002-1516-1865,Chemistry,0,10,2020,2010,0,6.08,7.85,0.5567,0.8623,0.598,0.7692,22,0,52,19,2012
Yingrui Li,0000-0001-6630-1277,Chemistry,0,0,2023,2023,51976,16.7,24.83,0.4701,0.8151,0.6448,0.3863,93,83,277,218,2012
Yingrui Li,0000-0001-6630-1277,Chemistry,0,5,2023,2018,27193,22.21,32.66,0.5292,0.8344,0.6793,0.561,59,67,164,117,2012
Yingrui Li,0000-0001-6630-1277,Chemistry,0,10,2023,2013,5132,20.74,32.55,0.6378,0.8315,0.7034,0.7241,37,33,87,60,2012
Lars Juhl Jensen,0000-0001-7885-715X,Chemistry,0,0,2013,2013,4734,5.45,9.63,0.4834,0.8283,0.5886,0.4722,60,33,144,100,2012
Lars Juhl Jensen,0000-0001-7885-715X,Chemistry,0,5,2013,2008,24,2.81,7.25,0.4393,0.8485,0.5669,0.4337,46,3,83,53,2012
Lars Juhl Jensen,0000-0001-7885-715X,Chemistry,0,10,2013,2003,3,1.67,4.58,0.5133,0.8572,0.601,0.5417,18,1,24,9,2012
J. Craig Venter,0000-0002-7086-765X,Chemistry,0,0,2022,2022,29829,12.62,15.15,0.4584,0.7932,0.5844,0.463,53,69,162,123,2012
J. Craig Venter,0000-0002-7086-765X,Chemistry,0,5,2022,2017,21283,13.83,16.6,0.4528,0.8039,0.5908,0.4811,64,60,185,136,2012
J. Craig Venter,0000-0002-7086-765X,Chemistry,0,10,2022,2012,4064,15.17,18.43,0.4575,0.8221,0.5741,0.4878,50,32,164,104,2012
Sarah Hunt,0000-0002-8350-1235,Chemistry,0,0,2020,2020,42110,24.74,47.87,0.5762,0.8066,0.6932,0.6098,70,64,164,108,2012
Sarah Hunt,0000-0002-8350-1235,Chemistry,0,5,2020,2015,13330,23.67,48.22,0.5997,0.8036,0.7026,0.6667,58,47,138,87,2012
Sarah Hunt,0000-0002-8350-1235,Chemistry,0,10,2020,2010,16,15.98,40.18,0.6264,0.8131,0.7106,0.6705,35,3,88,53,2012
Susan Holmes,0000-0002-2208-8168,Chemistry,0,0,2023,2023,68441,6.69,10.54,0.4123,0.7455,0.6233,0.2632,132,67,304,253,2012
Susan Holmes,0000-0002-2208-8168,Chemistry,0,5,2023,2018,8518,4.68,8.24,0.4127,0.7278,0.6468,0.2698,108,39,215,164,2012
Susan Holmes,0000-0002-2208-8168,Chemistry,0,10,2023,2013,1125,3.76,6.4,0.3748,0.7113,0.6074,0.255,81,18,149,99,2012
Jan O. Korbel,0000-0002-2798-3794,Chemistry,0,0,2009,2009,3,3.71,10.97,0.6042,0.8486,0.6087,0.6571,20,1,35,25,2012
Jan O. Korbel,0000-0002-2798-3794,Chemistry,0,5,2009,2004,2,3.9,10.2,0.4875,0.8735,0.5972,0.3,7,1,10,4,2012
Nicola Segata,0000-0002-1583-5794,Chemistry,0,0,2023,2023,73132,13.14,17.23,0.3962,0.7798,0.4783,0.2248,121,85,387,302,2012
Nicola Segata,0000-0002-1583-5794,Chemistry,0,5,2023,2018,13887,9.43,13.71,0.4158,0.759,0.5173,0.3254,64,34,126,94,2012
Nicola Segata,0000-0002-1583-5794,Chemistry,0,10,2023,2013,1259,3.15,10.6,0.3797,0.766,0.5149,0.2979,28,12,47,33,2012
John P. Huelsenbeck,0000-0002-3050-9997,Chemistry,0,0,2005,2005,13,1.52,2.65,0.5386,0.7912,0.7801,0.4186,25,2,86,56,2012
John P. Huelsenbeck,0000-0002-3050-9997,Chemistry,0,5,2005,2000,9,1.38,2.56,0.3882,0.7976,0.5812,0.2885,18,1,52,34,2012
John P. Huelsenbeck,0000-0002-3050-9997,Chemistry,0,10,2005,1995,9,1.43,2.3,0.318,0.7988,0.5,0.2174,11,1,23,14,2012
Tim Hubbard,0000-0002-1767-9318,Chemistry,0,0,2018,2018,26567,15.4,20.06,0.4817,0.8275,0.5645,0.5302,58,47,149,121,2012
Tim Hubbard,0000-0002-1767-9318,Chemistry,0,5,2018,2013,7055,11.66,14.4,0.4971,0.8534,0.5577,0.527,53,28,148,110,2012
Tim Hubbard,0000-0002-1767-9318,Chemistry,0,10,2018,2008,70,7.51,10.67,0.4708,0.8405,0.5286,0.5044,44,6,113,77,2012
Jeroen Raes,0000-0002-1337-041X,Chemistry,0,0,2015,2015,8563,9.88,16.03,0.4853,0.7701,0.537,0.3984,69,34,123,74,2012
Jeroen Raes,0000-0002-1337-041X,Chemistry,0,5,2015,2010,12,6.22,11.32,0.552,0.7971,0.5377,0.5122,28,2,41,24,2012
Jeroen Raes,0000-0002-1337-041X,Chemistry,0,10,2015,2005,2,2.27,5.36,0.6156,0.803,0.6094,0.3636,16,1,22,9,2012
Chris P. Ponting,0000-0003-0202-7816,Chemistry,0,0,2022,2022,35930,9.07,12.26,0.4283,0.8455,0.5289,0.4203,113,83,345,248,2012
Chris P. Ponting,0000-0003-0202-7816,Chemistry,0,5,2022,2017,19316,7.27,10.05,0.4318,0.8439,0.5272,0.4684,110,65,348,211,2012
Chris P. Ponting,0000-0003-0202-7816,Chemistry,0,10,2022,2012,2576,5.24,7.8,0.4308,0.8458,0.5085,0.4874,79,24,277,134,2012
Bruce W. Birren,0000-0001-6971-945X,Chemistry,0,0,2010,2010,37,16.07,23.18,0.5116,0.8078,0.6034,0.595,42,3,121,64,2012
Bruce W. Birren,0000-0001-6971-945X,Chemistry,0,5,2010,2005,58,10.0,15.1,0.5656,0.8158,0.6469,0.5926,23,4,81,35,2012
Bruce W. Birren,0000-0001-6971-945X,Chemistry,0,10,2010,2000,45,4.44,7.61,0.5836,0.8025,0.6755,0.5741,17,3,54,18,2012
Prescott L. Deininger,0000-0002-1067-3028,Chemistry,0,0,2018,2018,3408,4.12,6.62,0.4152,0.8169,0.5009,0.419,51,29,105,53,2012
Prescott L. Deininger,0000-0002-1067-3028,Chemistry,0,5,2018,2013,1128,4.44,6.66,0.4437,0.8219,0.5083,0.5152,62,17,132,57,2012
Prescott L. Deininger,0000-0002-1067-3028,Chemistry,0,10,2018,2008,132,4.12,6.06,0.4309,0.829,0.5025,0.5,62,6,152,62,2012
Daniel McDonald,0000-0003-0876-9060,Chemistry,0,0,2010,2010,1,4.5,10.21,0.5354,0.7752,0.6935,0.5,11,1,14,11,2012
Daniel McDonald,0000-0003-0876-9060,Chemistry,0,5,2010,2005,1,1.25,2.75,0.6167,0.7285,1.0,0.25,4,1,4,4,2012
Daniel McDonald,0000-0003-0876-9060,Chemistry,0,10,2010,2000,0,1.0,2.0,0.2333,0.6,0.0,0.0,1,0,1,1,2012
Marc A. Suchard,0000-0001-9818-479X,Chemistry,0,0,2009,2009,10,3.64,5.77,0.6422,0.7713,0.7405,0.6438,45,2,73,58,2012
Marc A. Suchard,0000-0001-9818-479X,Chemistry,0,5,2009,2004,10,3.92,7.04,0.6609,0.7697,0.7733,0.64,18,2,25,22,2012
Marc A. Suchard,0000-0001-9818-479X,Chemistry,0,10,2009,1999,6,8.14,12.0,0.5837,0.7409,0.6797,0.5714,6,1,7,5,2012
Stephen T. Sherry,0000-0002-7982-076X,Chemistry,0,0,2024,2024,29598,18.14,29.37,0.4117,0.8588,0.5212,0.4286,26,41,63,45,2012
Stephen T. Sherry,0000-0002-7982-076X,Chemistry,0,5,2024,2019,15502,16.73,24.69,0.4341,0.8533,0.5338,0.4516,30,30,62,47,2012
Stephen T. Sherry,0000-0002-7982-076X,Chemistry,0,10,2024,2014,4699,10.89,17.11,0.4891,0.849,0.5773,0.4727,31,22,55,38,2012
Roald Hoffmann,0000-0001-5369-6046,Chemistry,0,0,2009,2009,108,2.49,2.87,0.2076,0.8092,0.3333,0.0077,81,6,388,294,2012
Roald Hoffmann,0000-0001-5369-6046,Chemistry,0,5,2009,2004,150,2.35,2.72,0.1946,0.8148,0.0,0.0,77,6,426,304,2012
Roald Hoffmann,0000-0001-5369-6046,Chemistry,0,10,2009,1999,136,2.34,2.73,0.1719,0.8115,0.0,0.0,65,6,315,219,2012
Leo Radom,0000-0001-8249-1314,Chemistry,0,0,2022,2022,6003,3.93,4.37,0.3637,0.838,0.3951,0.1714,54,37,175,149,2012
Leo Radom,0000-0001-8249-1314,Chemistry,0,5,2022,2017,3860,3.59,3.9,0.3544,0.8437,0.405,0.1423,64,27,239,199,2012
Leo Radom,0000-0001-8249-1314,Chemistry,0,10,2022,2012,1394,3.29,3.51,0.3419,0.8548,0.4175,0.0936,60,12,267,223,2012
Herbert Mayr,0000-0003-0768-5199,Chemistry,0,0,2015,2015,4212,3.23,3.81,0.2581,0.8737,0.3744,0.0337,51,30,445,420,2012
Herbert Mayr,0000-0003-0768-5199,Chemistry,0,5,2015,2010,50,2.7,3.51,0.2309,0.8786,0.4291,0.0238,44,5,336,311,2012
Herbert Mayr,0000-0003-0768-5199,Chemistry,0,10,2015,2005,50,2.27,3.25,0.1937,0.8798,0.1833,0.005,35,5,199,178,2012
Johann Gasteiger,0000-0003-2036-7144,Chemistry,0,0,2006,2006,133,2.37,3.7,0.2913,0.7699,0.5339,0.1198,64,7,217,120,2012
Johann Gasteiger,0000-0003-2036-7144,Chemistry,0,5,2006,2001,203,2.11,3.27,0.2197,0.7903,0.3776,0.0408,53,8,196,107,2012
Johann Gasteiger,0000-0003-2036-7144,Chemistry,0,10,2006,1996,263,2.03,3.17,0.198,0.8009,0.3542,0.015,45,9,200,113,2012
Jack D. Dunitz,0000-0001-5411-2452,Chemistry,0,0,2010,2010,13,1.8,2.75,0.2975,0.8335,0.4323,0.0396,33,2,101,69,2012
Jack D. Dunitz,0000-0001-5411-2452,Chemistry,0,5,2010,2005,13,1.92,2.91,0.2561,0.8333,0.4042,0.0385,44,1,130,84,2012
Jack D. Dunitz,0000-0001-5411-2452,Chemistry,0,10,2010,2000,45,2.14,3.0,0.2429,0.8468,0.2847,0.0182,42,3,165,97,2012
Pedro Alexandrino Fernandes,0000-0003-2748-4722,Chemistry,0,0,2010,2010,7,2.15,3.96,0.4387,0.8136,0.4599,0.437,53,1,135,91,2012
Pedro Alexandrino Fernandes,0000-0003-2748-4722,Chemistry,0,5,2010,2005,5,1.65,4.22,0.431,0.8143,0.5579,0.2727,26,1,55,27,2012
Pedro Alexandrino Fernandes,0000-0003-2748-4722,Chemistry,0,10,2010,2000,1,1.5,3.62,0.5585,0.8043,0.7213,0.25,10,1,16,13,2012
Guy C. Lloyd‐Jones,0000-0003-2128-6864,Chemistry,0,0,2012,2012,645,2.98,4.75,0.2869,0.8748,0.3403,0.0268,41,14,224,195,2012
Guy C. Lloyd‐Jones,0000-0003-2128-6864,Chemistry,0,5,2012,2007,34,2.29,3.84,0.2661,0.879,0.3333,0.0213,33,2,141,115,2012
Guy C. Lloyd‐Jones,0000-0003-2128-6864,Chemistry,0,10,2012,2002,26,2.22,3.52,0.2409,0.8775,0.0,0.0,26,2,90,70,2012
Douglas M. Templeton,0000-0003-0693-662X,Chemistry,0,0,2017,2017,56,3.01,3.01,0.1354,0.6982,0.2917,0.002,2,3,500,399,2012
John W. Moore,0000-0001-7652-0668,Chemistry,0,0,2018,2018,359,1.41,1.64,0.0764,0.6603,0.6666,0.0101,33,10,199,167,2012
John W. Moore,0000-0001-7652-0668,Chemistry,0,5,2018,2013,185,1.33,1.65,0.071,0.69,0.6041,0.0165,38,6,242,206,2012
John W. Moore,0000-0001-7652-0668,Chemistry,0,10,2018,2008,70,1.3,1.69,0.1182,0.7113,0.571,0.0408,46,4,245,204,2012
J. D. Bernal,0000-0003-0104-8439,Chemistry,0,0,2019,2019,393,2.87,6.68,0.3752,0.582,0.4372,0.4194,20,11,31,21,2012
J. D. Bernal,0000-0003-0104-8439,Chemistry,0,5,2019,2014,129,2.4,3.88,0.324,0.5919,0.3768,0.36,17,6,25,19,2012
J. D. Bernal,0000-0003-0104-8439,Chemistry,0,10,2019,2009,0,1.95,3.11,0.3417,0.5793,0.4467,0.2632,15,0,19,16,2012
Michelle Francl,0000-0003-1940-1560,Chemistry,0,0,2006,2006,4,2.87,3.87,0.3848,0.8403,0.5694,0.0968,17,1,31,23,2012
Michelle Francl,0000-0003-1940-1560,Chemistry,0,5,2006,2001,45,2.35,4.03,0.322,0.8461,0.2083,0.027,14,3,37,27,2012
Michelle Francl,0000-0003-1940-1560,Chemistry,0,10,2006,1996,45,2.12,3.76,0.2959,0.8576,0.0,0.0,12,3,33,24,2012
Silvia E. Braslavsky,0000-0002-2796-8586,Chemistry,0,0,2017,2017,14,1.8,7.67,0.282,0.77,0.0,0.0,2,2,500,412,2012
Monica Nordberg,0000-0002-5315-1633,Chemistry,0,0,2018,2018,407,1.61,3.46,0.1398,0.7405,0.5375,0.002,5,7,500,457,2012
Paul G. Mezey,0000-0001-7245-5141,Chemistry,0,0,2018,2018,757,1.87,2.14,0.2712,0.817,0.3923,0.0414,36,13,145,82,2012
Paul G. Mezey,0000-0001-7245-5141,Chemistry,0,5,2018,2013,468,1.89,2.22,0.2605,0.8125,0.4901,0.0386,54,11,207,106,2012
Paul G. Mezey,0000-0001-7245-5141,Chemistry,0,10,2018,2008,195,1.91,2.21,0.2595,0.7955,0.4704,0.0361,61,7,249,114,2012
Philippe C. Hiberty,0000-0002-7081-4654,Chemistry,0,0,2015,2015,1181,2.73,3.25,0.2747,0.8528,0.5271,0.04,38,18,125,92,2012
Philippe C. Hiberty,0000-0002-7081-4654,Chemistry,0,5,2015,2010,47,2.53,3.18,0.2659,0.851,0.5807,0.0336,35,4,119,85,2012
Philippe C. Hiberty,0000-0002-7081-4654,Chemistry,0,10,2015,2005,62,2.42,3.26,0.2414,0.8561,0.0,0.0,30,5,93,62,2012
Linda Wang﻿,0000-0001-6308-2769,Chemistry,0,0,2021,2021,1901,1.65,2.07,0.2776,0.6332,0.5857,0.044,46,8,500,337,2019
István Hargittai,0000-0003-3638-7844,Chemistry,0,0,2006,2006,129,2.11,2.68,0.2194,0.7682,0.75,0.0033,54,6,299,104,2012
István Hargittai,0000-0003-3638-7844,Chemistry,0,5,2006,2001,143,2.28,2.98,0.2157,0.8128,0.0,0.0,48,6,264,82,2012
István Hargittai,0000-0003-3638-7844,Chemistry,0,10,2006,1996,271,2.44,3.22,0.2037,0.8565,0.0,0.0,45,9,255,81,2012
Ian H. Williams,0000-0001-9264-0221,Chemistry,0,0,2007,2007,112,3.11,4.18,0.3252,0.7768,0.6098,0.1069,64,7,159,108,2012
Ian H. Williams,0000-0001-9264-0221,Chemistry,0,5,2007,2002,182,2.78,3.62,0.2999,0.7915,0.6846,0.0616,53,8,146,95,2012
Ian H. Williams,0000-0001-9264-0221,Chemistry,0,10,2007,1997,225,2.46,3.36,0.2548,0.7924,0.6354,0.0435,48,9,138,85,2012
Pierre Laszlo,0000-0003-4334-771X,Chemistry,0,0,2017,2017,190,1.26,1.53,0.1382,0.6259,0.2604,0.0109,36,9,92,54,2012
Pierre Laszlo,0000-0003-4334-771X,Chemistry,0,5,2017,2012,100,1.41,1.82,0.139,0.6784,0.309,0.0217,49,5,138,68,2012
Pierre Laszlo,0000-0003-4334-771X,Chemistry,0,10,2017,2007,64,1.63,2.46,0.1448,0.7427,0.5139,0.014,58,5,214,104,2012
Thomas T. Tidwell,0000-0002-3216-7468,Chemistry,0,0,2014,2014,559,3.16,3.47,0.2701,0.8772,0.4583,0.0182,33,12,165,150,2012
Thomas T. Tidwell,0000-0002-3216-7468,Chemistry,0,5,2014,2009,44,3.12,3.39,0.2737,0.8754,0.5625,0.0104,37,4,193,177,2012
Thomas T. Tidwell,0000-0002-3216-7468,Chemistry,0,10,2014,2004,48,3.34,3.55,0.2621,0.8735,0.0,0.0,40,4,175,157,2012
Hiroshi Fujimoto,0000-0002-4987-0715,Chemistry,0,0,2017,2017,1135,3.45,6.54,0.4261,0.7646,0.6945,0.2846,68,17,130,90,2012
Hiroshi Fujimoto,0000-0002-4987-0715,Chemistry,0,5,2017,2012,282,3.31,5.55,0.3694,0.7863,0.6097,0.2555,68,8,137,92,2012
Hiroshi Fujimoto,0000-0002-4987-0715,Chemistry,0,10,2017,2007,149,2.92,4.95,0.3084,0.793,0.5531,0.1748,70,5,143,91,2012
K. Ziegler,0000-0001-8588-1078,Chemistry,0,0,2023,2023,126,2.75,5.5,0.2607,0.7672,0.2917,0.125,5,4,8,6,2012
K. Ziegler,0000-0001-8588-1078,Chemistry,0,5,2023,2018,174,2.29,4.64,0.3525,0.7765,0.4688,0.3571,9,7,14,12,2012
K. Ziegler,0000-0001-8588-1078,Chemistry,0,10,2023,2013,79,2.0,4.36,0.3464,0.7884,0.474,0.4286,8,6,14,11,2012
R.H. Oppermann,0000-0002-3722-3000,Chemistry,0,0,2024,2024,1,2.67,3.67,0.3333,0.7555,0.3333,0.3333,3,1,3,2,2025
R.H. Oppermann,0000-0002-3722-3000,Chemistry,0,5,2024,2019,1,1.0,2.0,0.0,0.8665,0.0,0.0,1,1,1,1,
R.H. Oppermann,0000-0002-3722-3000,Chemistry,0,10,2024,2014,1,1.0,2.0,0.0,0.8665,0.0,0.0,1,1,1,1,
Charles L. Perrin,0000-0001-5732-5330,Chemistry,0,0,2014,2014,500,1.5,2.55,0.2699,0.8652,0.3854,0.1538,28,11,78,65,2012
Charles L. Perrin,0000-0001-5732-5330,Chemistry,0,5,2014,2009,0,1.34,2.37,0.2661,0.8719,0.394,0.1325,30,0,83,70,2012
Charles L. Perrin,0000-0001-5732-5330,Chemistry,0,10,2014,2004,4,1.23,2.14,0.2433,0.8755,0.3417,0.0568,29,1,88,71,2012
Omar M. Yaghi,0000-0002-5611-3325,Chemistry,0,0,2009,2009,14,4.92,5.24,0.3253,0.8186,0.5653,0.0419,45,2,358,318,2012
Omar M. Yaghi,0000-0002-5611-3325,Chemistry,0,5,2009,2004,14,4.41,4.9,0.2802,0.8231,0.5,0.0192,30,2,156,130,2012
Omar M. Yaghi,0000-0002-5611-3325,Chemistry,0,10,2009,1999,12,2.51,3.58,0.1628,0.829,0.0,0.0,21,2,57,41,2012
Stefan Grimme,0000-0002-5844-4371,Chemistry,0,0,2010,2010,33,3.45,4.89,0.4038,0.8636,0.4406,0.0732,70,4,396,336,2012
Stefan Grimme,0000-0002-5844-4371,Chemistry,0,5,2010,2005,26,3.32,4.54,0.4116,0.8669,0.4958,0.0513,48,3,195,146,2012
Stefan Grimme,0000-0002-5844-4371,Chemistry,0,10,2010,2000,24,2.51,4.21,0.3846,0.8717,1.0,0.0122,24,3,82,51,2012
Mercouri G. Kanatzidis,0000-0003-2037-4168,Chemistry,0,0,2022,2022,3549,9.37,10.19,0.3427,0.7885,0.2042,0.002,75,32,500,406,2012
Chad A. Mirkin,0000-0002-6634-7627,Chemistry,0,0,2023,2023,10702,5.61,6.08,0.3454,0.8224,0.4558,0.126,58,48,500,405,2012
Chad A. Mirkin,0000-0002-6634-7627,Chemistry,0,5,2023,2018,382,5.55,5.88,0.4303,0.8023,0.5415,0.25,25,11,80,70,2013
Abdullah M. Asiri,0000-0001-7905-3209,Chemistry,0,0,2012,2012,349,2.45,4.77,0.3061,0.831,0.633,0.05,103,7,500,439,2012
Abdullah M. Asiri,0000-0001-7905-3209,Chemistry,0,5,2012,2007,0,2.67,3.33,0.3984,0.8071,0.625,0.1111,5,0,9,8,2012
Hong‐Cai Zhou,0000-0002-9029-3788,Chemistry,0,0,2019,2019,15636,8.38,8.7,0.3046,0.8126,0.3005,0.032,85,62,500,452,2013
Hong‐Cai Zhou,0000-0002-9029-3788,Chemistry,0,5,2019,2014,675,8.03,8.28,0.3045,0.811,0.309,0.0522,39,14,115,102,2013
Omar K. Farha,0000-0002-9904-9845,Chemistry,0,0,2013,2013,4435,3.55,6.78,0.3204,0.8108,0.488,0.087,37,31,207,193,2012
Omar K. Farha,0000-0002-9904-9845,Chemistry,0,5,2013,2008,0,1.41,5.14,0.3184,0.8014,0.4375,0.0909,12,0,22,21,2012
Joseph T. Hupp,0000-0003-3982-9812,Chemistry,0,0,2018,2018,28286,6.4,7.57,0.3291,0.8101,0.4604,0.048,72,85,500,467,2012
Joseph T. Hupp,0000-0003-3982-9812,Chemistry,0,5,2018,2013,3374,5.9,6.7,0.3192,0.8042,0.4602,0.0853,36,30,211,193,2012
Frank Neese,0000-0003-4691-0547,Chemistry,0,0,2021,2021,20300,5.24,6.47,0.4249,0.8284,0.5219,0.124,71,66,500,432,2012
Frank Neese,0000-0003-4691-0547,Chemistry,0,5,2021,2016,3721,5.2,6.38,0.4594,0.8218,0.5237,0.2255,50,30,235,212,2012
Jeffrey R. Long,0000-0002-5324-1321,Chemistry,0,0,2016,2016,26184,6.21,6.89,0.3466,0.8123,0.5014,0.072,59,72,500,464,2012
Jeffrey R. Long,0000-0002-5324-1321,Chemistry,0,5,2016,2011,2,4.17,4.73,0.2943,0.8156,0.5377,0.0988,42,1,162,143,2012
Jeffrey R. Long,0000-0002-5324-1321,Chemistry,0,10,2016,2006,0,3.51,4.14,0.2811,0.8164,0.6458,0.0588,20,0,51,46,2012
Ulrich S. Schubert,0000-0003-4978-4670,Chemistry,0,0,2023,2023,6505,6.75,8.07,0.3282,0.7875,0.3618,0.092,179,37,500,399,2012
Ulrich S. Schubert,0000-0003-4978-4670,Chemistry,0,5,2023,2018,151,7.21,9.64,0.4068,0.8141,0.415,0.14,58,6,100,76,2012
Banglin Chen,0000-0001-8707-8115,Chemistry,0,0,2018,2018,28742,6.44,7.28,0.3094,0.8202,0.4732,0.048,71,77,417,377,2012
Banglin Chen,0000-0001-8707-8115,Chemistry,0,5,2018,2013,5516,5.33,6.67,0.3079,0.8265,0.5238,0.0884,37,35,181,169,2012
Banglin Chen,0000-0001-8707-8115,Chemistry,0,10,2018,2008,0,2.52,5.45,0.2855,0.8298,0.4861,0.0469,25,0,64,60,2012
Susumu Kitagawa,0000-0001-6956-9543,Chemistry,0,0,2016,2016,13665,5.8,6.41,0.3141,0.8241,0.4567,0.104,81,63,500,442,2012
Susumu Kitagawa,0000-0001-6956-9543,Chemistry,0,5,2016,2011,4,5.54,5.93,0.2663,0.8291,0.4802,0.1186,46,2,177,148,2012
Mohamed Eddaoudi,0000-0003-1916-9837,Chemistry,0,0,2017,2017,22037,5.44,6.76,0.3263,0.8145,0.5555,0.0344,53,60,436,406,2012
Mohamed Eddaoudi,0000-0003-1916-9837,Chemistry,0,5,2017,2012,3431,3.44,5.41,0.3055,0.8212,0.5093,0.0443,31,24,203,186,2012
Mohamed Eddaoudi,0000-0003-1916-9837,Chemistry,0,10,2017,2007,2,2.24,5.41,0.3128,0.8215,0.7083,0.0265,23,1,113,98,2012
Nam‐Gyu Park,0000-0003-2368-6300,Chemistry,0,0,2020,2020,34378,4.68,5.62,0.2094,0.6951,0.4415,0.026,174,72,500,335,2012
Nam‐Gyu Park,0000-0003-2368-6300,Chemistry,0,5,2020,2015,6530,4.28,5.31,0.2208,0.6848,0.4103,0.0278,130,34,324,203,2012
Nam‐Gyu Park,0000-0003-2368-6300,Chemistry,0,10,2020,2010,1,4.06,5.27,0.2375,0.6767,0.6062,0.0165,69,1,121,59,2012
Horst Hahn,0000-0001-9901-3861,Chemistry,0,0,2014,2014,2569,4.76,7.37,0.3096,0.7583,0.5997,0.03,147,21,500,302,2012
Horst Hahn,0000-0001-9901-3861,Chemistry,0,5,2014,2009,155,4.07,6.8,0.2701,0.7576,0.6083,0.0161,97,6,310,178,2012
Horst Hahn,0000-0001-9901-3861,Chemistry,0,10,2014,2004,124,3.29,4.99,0.2427,0.7604,0.0,0.0,64,5,186,95,2012
A. Yamamoto,0000-0002-5351-5169,Chemistry,0,0,2012,2012,967,17.64,22.54,0.2154,0.7795,0.0,0.0,64,11,407,235,2012
A. Yamamoto,0000-0002-5351-5169,Chemistry,0,5,2012,2007,516,19.82,24.51,0.206,0.7818,0.0,0.0,57,10,346,173,2012
A. Yamamoto,0000-0002-5351-5169,Chemistry,0,10,2012,2002,446,20.39,25.23,0.1963,0.7868,0.0,0.0,49,10,229,100,2012
H. Burkhardt,0000-0003-2711-1141,Chemistry,0,0,2017,2017,7931,4.87,14.88,0.3028,0.7716,0.2042,0.0064,36,13,156,131,2012
H. Burkhardt,0000-0003-2711-1141,Chemistry,0,5,2017,2012,1256,4.85,14.74,0.2867,0.7754,0.2042,0.0075,37,8,134,106,2012
H. Burkhardt,0000-0003-2711-1141,Chemistry,0,10,2017,2007,101,5.16,17.79,0.2867,0.7709,0.0,0.0,30,6,104,79,2012
Shimeng Yu,0000-0002-0068-3652,Chemistry,0,0,2009,2009,126,5.58,9.81,0.2601,0.7367,0.0,0.0,25,6,69,51,2012
Shimeng Yu,0000-0002-0068-3652,Chemistry,0,5,2009,2004,118,5.98,9.28,0.2905,0.7403,0.0,0.0,18,6,53,37,2012
Shimeng Yu,0000-0002-0068-3652,Chemistry,0,10,2009,1999,74,5.1,8.39,0.3111,0.7408,0.0,0.0,8,5,31,17,2013
Zhou Li,0000-0002-9952-7296,Chemistry,0,0,2007,2007,9,1.66,2.24,0.193,0.715,0.4281,0.0321,103,1,156,137,2012
Zhou Li,0000-0002-9952-7296,Chemistry,0,5,2007,2002,14,1.74,2.2,0.2297,0.7204,0.6328,0.0328,39,3,61,53,2012
Zhou Li,0000-0002-9952-7296,Chemistry,0,10,2007,1997,12,3.91,5.18,0.2295,0.7542,0.2656,0.0909,7,3,11,9,
M. A. Lieberman,0000-0002-2841-2870,Chemistry,0,0,2012,2012,690,2.72,3.68,0.2696,0.7344,0.4896,0.0802,70,10,237,168,2012
M. A. Lieberman,0000-0002-2841-2870,Chemistry,0,5,2012,2007,120,2.78,3.72,0.276,0.738,0.4859,0.0878,82,6,296,206,2012
M. A. Lieberman,0000-0002-2841-2870,Chemistry,0,10,2012,2002,287,2.81,3.72,0.2938,0.7555,0.4467,0.1296,85,10,301,203,2012
P. Mazur,0000-0003-0025-9410,Chemistry,0,0,2024,2024,1849,4.15,5.89,0.4107,0.6773,0.4867,0.3271,33,20,107,39,2012
P. Mazur,0000-0003-0025-9410,Chemistry,0,5,2024,2019,1437,4.25,6.41,0.3993,0.7035,0.5098,0.336,30,20,125,48,2012
P. Mazur,0000-0003-0025-9410,Chemistry,0,10,2024,2014,742,3.46,5.41,0.4336,0.719,0.5594,0.3385,31,14,130,51,2012
M. Okamura,0000-0002-5552-1706,Chemistry,0,0,2006,2006,109,6.11,10.55,0.2727,0.7354,0.5111,0.0602,46,5,166,95,2012
M. Okamura,0000-0002-5552-1706,Chemistry,0,5,2006,2001,126,4.59,8.49,0.2862,0.7331,0.5135,0.1122,34,6,98,40,2012
M. Okamura,0000-0002-5552-1706,Chemistry,0,10,2006,1996,115,2.88,5.58,0.3584,0.7252,0.5224,0.1875,21,6,64,25,2012
M. Syphers,0000-0002-7062-7429,Chemistry,0,0,2011,2011,108,8.14,11.15,0.3185,0.7381,0.0,0.0,28,4,132,109,2012
M. Syphers,0000-0002-7062-7429,Chemistry,0,5,2011,2006,110,8.09,11.26,0.3121,0.7427,0.0,0.0,24,4,124,102,2012
M. Syphers,0000-0002-7062-7429,Chemistry,0,10,2011,2001,70,8.0,10.72,0.3442,0.7495,0.0,0.0,17,4,76,57,2012
M. Pabst,0000-0002-3412-6846,Chemistry,0,0,2017,2017,277,5.08,6.59,0.4623,0.7544,0.7218,0.2245,31,8,49,35,2012
M. Pabst,0000-0002-3412-6846,Chemistry,0,5,2017,2012,122,4.3,6.94,0.4299,0.7606,0.5855,0.2319,38,5,69,50,2012
M. Pabst,0000-0002-3412-6846,Chemistry,0,10,2017,2007,73,2.9,5.09,0.4064,0.7742,0.5175,0.2692,41,5,78,55,2012
S. Farinon,0000-0002-6487-2137,Chemistry,0,0,2006,2006,15,5.57,12.3,0.2838,0.7616,0.0,0.0,12,3,46,34,2012
S. Farinon,0000-0002-6487-2137,Chemistry,0,5,2006,2001,9,3.12,9.06,0.2861,0.7873,0.0,0.0,8,2,16,11,2012
S. Farinon,0000-0002-6487-2137,Chemistry,0,10,2006,1996,6,2.0,8.75,0.2222,0.825,0.0,0.0,4,1,4,2,2012
Ryszard S. Romaniuk,0000-0002-5710-4041,Chemistry,0,0,2022,2022,2380,2.88,3.66,0.2636,0.6935,1.0,0.002,49,23,500,374,2012
Ryszard S. Romaniuk,0000-0002-5710-4041,Chemistry,0,5,2022,2017,1876,2.77,3.34,0.2661,0.6933,1.0,0.0025,38,21,406,287,2012
Ryszard S. Romaniuk,0000-0002-5710-4041,Chemistry,0,10,2022,2012,499,3.0,3.59,0.2614,0.7029,1.0,0.0038,28,12,264,167,2012
Andrew Holmes,0000-0002-7406-4387,Chemistry,0,0,2021,2021,6444,5.11,7.69,0.3528,0.7469,0.4921,0.2789,103,40,190,113,2012
Andrew Holmes,0000-0002-7406-4387,Chemistry,0,5,2021,2016,2667,4.2,7.04,0.3434,0.7532,0.4852,0.2976,87,27,168,98,2012
Andrew Holmes,0000-0002-7406-4387,Chemistry,0,10,2021,2011,55,3.27,5.57,0.3308,0.746,0.4935,0.2516,77,4,155,86,2012
Mustafa Z Younis,0000-0001-8448-808X,Economics,0,0,2018,2018,2392,6.25,8.22,0.4219,0.5452,0.5662,0.4364,42,13,110,73,2012
Mustafa Z Younis,0000-0001-8448-808X,Economics,0,5,2018,2013,100,2.18,3.46,0.3907,0.5351,0.4929,0.4459,28,4,74,48,2012
Mustafa Z Younis,0000-0001-8448-808X,Economics,0,10,2018,2008,59,2.0,3.65,0.4834,0.5955,0.5869,0.55,22,3,40,28,2012
Jeffrey D. Sachs,0000-0002-6451-2502,Economics,0,0,2021,2021,9483,2.73,4.22,0.1953,0.5077,0.4785,0.04,103,38,500,206,2012
Jeffrey D. Sachs,0000-0002-6451-2502,Economics,0,5,2021,2016,3014,2.89,3.63,0.2605,0.5285,0.4943,0.0518,69,25,328,109,2012
Jeffrey D. Sachs,0000-0002-6451-2502,Economics,0,10,2021,2011,7,3.02,3.6,0.2975,0.5391,0.507,0.0516,43,1,252,71,2012
Jeong Yeon Lee,0000-0002-2622-7831,Economics,0,0,2022,2022,43921,1.67,2.23,0.1725,0.4622,0.4375,0.0333,43,14,60,48,2012
Jeong Yeon Lee,0000-0002-2622-7831,Economics,0,5,2022,2017,16916,1.71,2.29,0.1801,0.4601,0.4375,0.0392,38,10,51,42,2012
Jeong Yeon Lee,0000-0002-2622-7831,Economics,0,10,2022,2012,2198,1.94,2.58,0.2005,0.4645,0.4375,0.0645,24,6,31,26,2012
Rohollah Kalhor,0000-0002-6146-8761,Economics,0,0,2021,2021,955,9.82,15.24,0.3279,0.5308,0.6932,0.175,39,13,80,71,2012
Rohollah Kalhor,0000-0002-6146-8761,Economics,0,5,2021,2016,58,3.05,5.29,0.2666,0.5131,0.4998,0.119,16,4,42,36,2013
Rohollah Kalhor,0000-0002-6146-8761,Economics,0,10,2021,2011,0,2.5,2.75,0.2734,0.412,0.1604,0.25,3,0,4,4,2013
Donald L. Patrick,0000-0003-0756-0492,Economics,0,0,2017,2017,9533,4.42,7.1,0.6722,0.6238,0.7873,0.6029,146,47,340,164,2012
Donald L. Patrick,0000-0003-0756-0492,Economics,0,5,2017,2012,1754,3.83,6.27,0.6799,0.6137,0.759,0.669,129,19,290,150,2012
Donald L. Patrick,0000-0003-0756-0492,Economics,0,10,2017,2007,73,3.66,5.62,0.6706,0.6011,0.7363,0.6809,111,6,235,126,2012
John E. Ware,0000-0002-0744-2149,Economics,0,0,2016,2016,2779,4.77,7.3,0.751,0.5974,0.8759,0.6234,37,26,77,30,2012
John E. Ware,0000-0002-0744-2149,Economics,0,5,2016,2011,35,4.38,6.54,0.6537,0.6004,0.8301,0.5595,37,4,84,42,2012
John E. Ware,0000-0002-0744-2149,Economics,0,10,2016,2006,70,3.84,5.84,0.5906,0.593,0.7686,0.5347,39,5,101,52,2012
István Csabai,0000-0001-9232-9898,Economics,0,0,2019,2019,21512,10.49,19.77,0.257,0.7954,0.6531,0.0821,75,54,280,234,2012
István Csabai,0000-0001-9232-9898,Economics,0,5,2019,2014,8653,11.08,23.0,0.1725,0.8001,0.4881,0.0345,42,37,203,170,2012
István Csabai,0000-0001-9232-9898,Economics,0,10,2019,2009,53,12.44,26.61,0.1361,0.8237,0.2917,0.0061,38,4,165,140,2012
Sharon‐Lise T. Normand,0000-0001-7027-4769,Economics,0,0,2014,2014,8934,4.48,7.69,0.6637,0.6088,0.7901,0.5848,97,45,395,261,2012
Sharon‐Lise T. Normand,0000-0001-7027-4769,Economics,0,5,2014,2009,23,3.75,6.43,0.6658,0.5943,0.7764,0.5965,75,3,228,145,2012
Sharon‐Lise T. Normand,0000-0001-7027-4769,Economics,0,10,2014,2004,17,2.46,4.35,0.7129,0.593,0.8112,0.6,44,2,95,57,2012
Satar Rezaei,0000-0002-6194-6057,Economics,0,0,2019,2019,444,3.08,5.96,0.3452,0.5608,0.525,0.2544,42,10,114,97,2012
Satar Rezaei,0000-0002-6194-6057,Economics,0,5,2019,2014,25,2.48,4.33,0.1977,0.5756,0.3995,0.1429,9,3,21,16,2012
Satar Rezaei,0000-0002-6194-6057,Economics,0,10,2019,2009,0,3.0,5.0,0.2667,0.6,0.0,0.0,2,0,2,2,2012
John Brazier,0000-0001-8645-4780,Economics,0,0,2018,2018,10790,3.78,6.78,0.5772,0.5671,0.7776,0.482,114,51,500,236,2012
John Brazier,0000-0001-8645-4780,Economics,0,5,2018,2013,2480,3.33,5.92,0.6089,0.577,0.7919,0.5327,91,22,306,154,2012
John Brazier,0000-0001-8645-4780,Economics,0,10,2018,2008,15,3.16,5.01,0.61,0.6023,0.7576,0.569,56,2,116,69,2012
Daniel McFadden,0000-0003-3183-7922,Economics,0,0,2007,2007,22,2.38,3.67,0.2617,0.5131,0.484,0.033,39,3,91,44,2012
Daniel McFadden,0000-0003-3183-7922,Economics,0,5,2007,2002,30,2.37,3.78,0.2393,0.526,0.5104,0.0116,40,4,86,43,2012
Daniel McFadden,0000-0003-3183-7922,Economics,0,10,2007,1997,27,1.82,2.52,0.2283,0.5333,0.0,0.0,40,3,79,38,2012
Sergio I. Prada,0000-0001-7986-0959,Economics,0,0,2007,2007,3,2.81,3.31,0.1389,0.45,0.0,0.0,4,1,16,16,2013
Sergio I. Prada,0000-0001-7986-0959,Economics,0,5,2007,2002,3,2.81,3.31,0.1389,0.45,0.0,0.0,4,1,16,16,2013
Sergio I. Prada,0000-0001-7986-0959,Economics,0,10,2007,1997,0,2.86,3.14,0.0833,0.457,0.0,0.0,0,0,7,7,
Andrew Briggs,0000-0002-0777-1997,Economics,0,0,2018,2018,12348,5.22,9.18,0.54,0.5913,0.7798,0.386,150,54,500,291,2012
Andrew Briggs,0000-0002-0777-1997,Economics,0,5,2018,2013,2319,3.64,6.11,0.5517,0.5934,0.7476,0.4209,102,24,278,151,2012
Andrew Briggs,0000-0002-0777-1997,Economics,0,10,2018,2008,17,2.66,4.74,0.5638,0.5803,0.7868,0.3831,57,2,154,85,2012
Mohsen Bayati,0000-0002-9118-5447,Economics,0,0,2023,2023,4294,16.2,26.84,0.4472,0.549,0.6884,0.3723,43,23,94,86,2013
Mohsen Bayati,0000-0002-9118-5447,Economics,0,5,2023,2018,58,2.14,4.33,0.2106,0.5445,0.4792,0.0952,14,4,21,19,2013
Mohsen Bayati,0000-0002-9118-5447,Economics,0,10,2023,2013,3,1.67,3.33,0.1778,0.5602,0.0,0.0,4,1,6,4,2013
E. John Orav,0000-0002-8886-7252,Economics,0,0,2022,2022,22428,4.74,8.08,0.6548,0.624,0.726,0.7261,131,73,376,258,2012
E. John Orav,0000-0002-8886-7252,Economics,0,5,2022,2017,11447,4.54,7.77,0.6983,0.6373,0.7722,0.7591,103,56,274,182,2012
E. John Orav,0000-0002-8886-7252,Economics,0,10,2022,2012,1747,4.27,7.52,0.7494,0.657,0.8234,0.7772,81,21,193,124,2012
Leila Doshmangir,0000-0001-5197-8437,Economics,0,0,2011,2011,0,2.0,3.25,0.1222,0.55,0.0,0.0,3,0,4,3,2012
Joseph P. Newhouse,0000-0001-5837-3203,Economics,0,0,2017,2017,5102,3.84,5.11,0.3623,0.5325,0.5149,0.3425,70,35,254,178,2012
Joseph P. Newhouse,0000-0001-5837-3203,Economics,0,5,2017,2012,818,3.92,4.91,0.3368,0.5297,0.5235,0.3048,67,15,210,159,2012
Joseph P. Newhouse,0000-0001-5837-3203,Economics,0,10,2017,2007,132,3.81,4.6,0.3816,0.5179,0.571,0.3409,61,6,176,120,2012
Robert L Kane,0009-0005-8505-6218,Economics,0,0,2024,2024,8678,5.16,6.82,0.4443,0.6017,0.653,0.198,91,49,500,156,2012
Robert L Kane,0009-0005-8505-6218,Economics,0,5,2024,2019,3795,5.29,6.92,0.4337,0.6004,0.6495,0.1841,83,33,478,137,2012
Robert L Kane,0009-0005-8505-6218,Economics,0,10,2024,2014,529,5.04,6.6,0.4384,0.6024,0.7102,0.1503,54,12,346,71,2012
Kathleen N Lohr,0000-0002-3825-0713,Economics,0,0,2024,2024,10204,8.24,9.96,0.3033,0.5813,0.5831,0.078,37,44,500,88,2012
Kathleen N Lohr,0000-0002-3825-0713,Economics,0,5,2024,2019,5387,8.31,10.0,0.3029,0.5807,0.5831,0.0798,36,34,489,78,2012
Kathleen N Lohr,0000-0002-3825-0713,Economics,0,10,2024,2014,1466,7.8,9.76,0.2941,0.5891,0.5651,0.0895,27,15,324,46,2012
David Cutler,0000-0002-4949-8917,Economics,0,0,2014,2014,5734,1.76,3.31,0.3209,0.5213,0.6544,0.1253,105,35,495,300,2012
David Cutler,0000-0002-4949-8917,Economics,0,5,2014,2009,100,1.52,2.87,0.31,0.5215,0.6312,0.1114,74,4,350,224,2012
David Cutler,0000-0002-4949-8917,Economics,0,10,2014,2004,59,1.35,2.55,0.2265,0.5231,0.5271,0.0628,48,4,207,117,2012
Ali Kazemi Karyani,0000-0002-4448-9317,Economics,0,0,2021,2021,337,4.56,9.54,0.3279,0.5604,0.5875,0.15,38,10,80,73,2013
Ali Kazemi Karyani,0000-0002-4448-9317,Economics,0,5,2021,2016,14,2.79,4.46,0.2596,0.5682,0.6236,0.125,11,2,24,22,2015
Naihua Duan,0000-0001-9411-2924,Economics,0,0,2018,2018,8453,4.33,8.15,0.5347,0.5533,0.6591,0.5466,87,46,236,156,2012
Naihua Duan,0000-0001-9411-2924,Economics,0,5,2018,2013,2211,4.19,7.76,0.5386,0.5606,0.6591,0.5385,84,21,234,156,2012
Naihua Duan,0000-0001-9411-2924,Economics,0,10,2018,2008,40,3.72,7.27,0.5095,0.5623,0.6498,0.4792,67,4,192,124,2012
Elías Mossialos,0000-0001-8664-9297,Economics,0,0,2020,2020,6119,3.19,4.74,0.271,0.5294,0.4693,0.1914,118,42,371,234,2012
Elías Mossialos,0000-0001-8664-9297,Economics,0,5,2020,2015,2054,2.54,3.72,0.2165,0.5132,0.4287,0.1143,83,24,245,142,2012
Elías Mossialos,0000-0001-8664-9297,Economics,0,10,2020,2010,48,2.16,3.15,0.1968,0.5037,0.4229,0.0868,66,4,219,116,2012
Bhageerathy Reshmi,0000-0001-9631-6218,Economics,0,0,2010,2010,0,2.43,3.86,0.1222,0.5332,0.0,0.0,2,0,7,7,2012
Vahid Yazdi‐Feyzabadi,0000-0002-8009-470X,Economics,0,0,2011,2011,0,2.33,3.33,0.0333,0.5333,0.0,0.0,0,0,3,0,
Simeon Djankov,0000-0002-0822-6456,Economics,0,0,2024,2024,12747,1.49,3.06,0.1451,0.4638,0.0,0.0,41,39,200,130,2012
Simeon Djankov,0000-0002-0822-6456,Economics,0,5,2024,2019,15974,1.61,3.34,0.1333,0.4527,0.0,0.0,56,45,223,144,2012
Simeon Djankov,0000-0002-0822-6456,Economics,0,10,2024,2014,7166,1.82,3.49,0.1424,0.4507,0.0,0.0,65,36,258,174,2012
Mark Sculpher,0000-0003-3746-9913,Economics,0,0,2021,2021,18325,6.11,8.46,0.5671,0.599,0.7488,0.42,109,62,500,276,2012
Mark Sculpher,0000-0003-3746-9913,Economics,0,5,2021,2016,7412,5.75,7.95,0.5852,0.5993,0.7602,0.4248,83,45,419,219,2012
Mark Sculpher,0000-0003-3746-9913,Economics,0,10,2021,2011,13,5.36,7.21,0.632,0.5994,0.7593,0.4942,57,2,259,146,2012
Telma Zahirian Moghadam,0000-0003-1290-4202,Economics,0,0,2022,2022,163,5.1,6.64,0.4206,0.5924,0.6674,0.2619,31,7,42,38,2015
Telma Zahirian Moghadam,0000-0003-1290-4202,Economics,0,5,2022,2017,7,3.8,4.6,0.3111,0.5335,0.0,0.0,3,2,5,4,2015
Nicholas Steel,0000-0003-1528-140X,Economics,0,0,2021,2021,1890,4.1,6.37,0.4506,0.5757,0.673,0.3185,51,23,135,88,2012
Nicholas Steel,0000-0003-1528-140X,Economics,0,5,2021,2016,718,5.97,9.23,0.4169,0.5562,0.6488,0.2784,31,15,97,52,2012
Nicholas Steel,0000-0003-1528-140X,Economics,0,10,2021,2011,15,7.52,12.37,0.4308,0.5614,0.5919,0.3077,16,2,52,26,2012
Mark A. Hall,0000-0001-6277-144X,Economics,0,0,2005,2005,109,1.51,2.44,0.3197,0.5459,0.4322,0.356,71,5,191,136,2012
Mark A. Hall,0000-0001-6277-144X,Economics,0,5,2005,2000,48,1.27,1.75,0.2661,0.5325,0.3737,0.3053,38,4,95,63,2012
Mark A. Hall,0000-0001-6277-144X,Economics,0,10,2005,1995,31,1.23,1.56,0.2314,0.5311,0.3031,0.2821,24,4,39,21,2012
Richard Zeckhauser,0000-0002-4222-9546,Economics,0,0,2024,2024,6029,2.77,2.91,0.226,0.4783,0.6513,0.0256,88,40,313,185,2012
Richard Zeckhauser,0000-0002-4222-9546,Economics,0,5,2024,2019,6568,2.83,2.99,0.216,0.4776,0.6683,0.0262,93,38,344,191,2012
Richard Zeckhauser,0000-0002-4222-9546,Economics,0,10,2024,2014,2902,2.85,3.04,0.2078,0.4826,0.6004,0.0324,81,23,309,178,2012
Mark V. Pauly,0000-0003-4957-4825,Economics,0,0,2013,2013,2897,2.49,3.64,0.3181,0.5545,0.5546,0.1785,107,26,409,306,2012
Mark V. Pauly,0000-0003-4957-4825,Economics,0,5,2013,2008,127,2.03,3.12,0.363,0.5501,0.568,0.2492,96,6,313,222,2012
Mark V. Pauly,0000-0003-4957-4825,Economics,0,10,2013,2003,156,1.94,2.85,0.4075,0.5321,0.5631,0.3058,85,7,206,126,2012
Anthony J. Venables,0000-0003-0251-7479,Economics,0,0,2021,2021,8038,2.21,2.59,0.1196,0.4809,0.0,0.0,87,37,274,205,2012
Anthony J. Venables,0000-0003-0251-7479,Economics,0,5,2021,2016,6416,2.19,2.8,0.1176,0.4818,0.0,0.0,88,34,267,192,2012
Anthony J. Venables,0000-0003-0251-7479,Economics,0,10,2021,2011,74,2.13,2.61,0.1194,0.4774,0.0,0.0,83,5,252,185,2012
Robert H. Brook,0000-0001-7648-3764,Economics,0,0,2011,2011,246,4.81,6.18,0.5253,0.5928,0.7306,0.3849,77,7,291,153,2012
Robert H. Brook,0000-0001-7648-3764,Economics,0,5,2011,2006,455,4.56,5.89,0.5267,0.5917,0.6951,0.4012,74,11,344,171,2012
Robert H. Brook,0000-0001-7648-3764,Economics,0,10,2011,2001,611,4.37,5.74,0.4841,0.5823,0.6582,0.374,73,14,393,187,2012
K. Robin Yabroff,0000-0003-0644-5572,Economics,0,0,2021,2021,13940,4.08,7.6,0.5296,0.5986,0.6634,0.5087,76,52,289,221,2012
K. Robin Yabroff,0000-0003-0644-5572,Economics,0,5,2021,2016,4460,3.52,8.17,0.616,0.6227,0.714,0.6265,61,33,166,119,2012
K. Robin Yabroff,0000-0003-0644-5572,Economics,0,10,2021,2011,13,2.3,6.09,0.6755,0.6344,0.752,0.699,46,2,103,73,2012
Carl Shapiro,0000-0003-4430-3655,Economics,0,0,2024,2024,3198,3.67,4.23,0.1529,0.4674,0.0,0.0,22,30,86,53,2012
Carl Shapiro,0000-0003-4430-3655,Economics,0,5,2024,2019,3574,2.91,3.26,0.1069,0.4691,0.0,0.0,26,24,100,66,2012
Carl Shapiro,0000-0003-4430-3655,Economics,0,10,2024,2014,1646,1.89,2.32,0.0905,0.4706,0.0,0.0,30,14,88,60,2012
John Haltiwanger,0000-0001-6164-6938,Economics,0,0,2016,2016,6350,1.96,3.64,0.1868,0.4872,0.3333,0.0035,66,40,289,183,2012
John Haltiwanger,0000-0001-6164-6938,Economics,0,5,2016,2011,89,2.03,3.56,0.1883,0.4883,0.0,0.0,56,5,235,151,2012
John Haltiwanger,0000-0001-6164-6938,Economics,0,10,2016,2006,90,1.9,3.21,0.1752,0.4875,0.0,0.0,47,5,165,113,2012
Amiram Gafni,0000-0001-8279-8172,Economics,0,0,2013,2013,1055,18.12,56.87,0.5166,0.6132,0.6799,0.202,107,15,500,122,2012
Amiram Gafni,0000-0001-8279-8172,Economics,0,5,2013,2008,7,4.6,7.13,0.5877,0.6061,0.7338,0.5714,63,1,91,47,2012
Richard Baldwin,0000-0002-1965-4157,Economics,0,0,2024,2024,12283,1.26,2.62,0.1206,0.4694,0.0,0.0,82,52,319,221,2012
Richard Baldwin,0000-0002-1965-4157,Economics,0,5,2024,2019,7943,1.39,2.76,0.1236,0.4676,0.0,0.0,95,46,358,257,2012
Richard Baldwin,0000-0002-1965-4157,Economics,0,10,2024,2014,3396,1.35,2.91,0.1232,0.4669,0.0,0.0,90,28,405,292,2012
Shawna Grosskopf,0000-0001-6939-2709,Economics,0,0,2013,2013,1543,2.22,3.28,0.2192,0.5123,0.6474,0.0185,89,20,216,85,2012
Shawna Grosskopf,0000-0001-6939-2709,Economics,0,5,2013,2008,31,2.13,3.24,0.1563,0.5103,0.6548,0.014,79,3,214,93,2012
Shawna Grosskopf,0000-0001-6939-2709,Economics,0,10,2013,2003,35,2.09,3.14,0.1683,0.514,0.625,0.0144,71,3,208,89,2012
Adam Wagstaff,0000-0003-4442-5070,Economics,0,0,2019,2019,9159,2.65,4.42,0.2217,0.4937,0.5844,0.1224,53,45,294,241,2012
Adam Wagstaff,0000-0003-4442-5070,Economics,0,5,2019,2014,3737,2.71,4.71,0.2232,0.4915,0.5932,0.1143,45,33,280,216,2012
Adam Wagstaff,0000-0003-4442-5070,Economics,0,10,2019,2009,69,2.81,4.86,0.2517,0.487,0.5781,0.1552,41,5,232,167,2012
Kevin A. Schulman,0000-0002-8926-5085,Economics,0,0,2018,2018,10572,5.09,6.51,0.5549,0.6258,0.6783,0.5666,130,48,413,256,2012
Kevin A. Schulman,0000-0002-8926-5085,Economics,0,5,2018,2013,3646,5.04,6.84,0.586,0.6297,0.7086,0.5911,132,28,406,253,2012
Kevin A. Schulman,0000-0002-8926-5085,Economics,0,10,2018,2008,180,4.45,6.12,0.6016,0.6267,0.7134,0.6042,103,6,288,181,2012
Stavros Petrou,0000-0003-3121-6050,Economics,0,0,2022,2022,16482,6.1,11.31,0.5656,0.6157,0.7192,0.5166,134,56,451,299,2012
Stavros Petrou,0000-0003-3121-6050,Economics,0,5,2022,2017,4807,4.16,7.57,0.5776,0.6097,0.7473,0.5068,86,35,294,174,2012
Stavros Petrou,0000-0003-3121-6050,Economics,0,10,2022,2012,424,2.41,4.74,0.5558,0.6235,0.689,0.5828,66,9,151,97,2012
Jayendra Sharma,0000-0001-6500-8546,Economics,0,0,2013,2013,49,4.3,11.77,0.5668,0.6919,0.6712,0.4894,19,3,47,29,2012
Jayendra Sharma,0000-0001-6500-8546,Economics,0,5,2013,2008,8,2.27,3.8,0.5722,0.7056,0.6667,0.5,14,1,30,15,2012
Jayendra Sharma,0000-0001-6500-8546,Economics,0,10,2013,2003,7,2.64,3.45,0.6977,0.7265,0.7807,0.7273,7,1,11,3,2012
Robert C. Feenstra,0000-0003-3433-7763,Economics,0,0,2011,2011,90,1.33,2.51,0.1468,0.4759,0.0,0.0,57,4,236,178,2012
Robert C. Feenstra,0000-0003-3433-7763,Economics,0,5,2011,2006,97,1.33,2.41,0.1495,0.4718,0.0,0.0,52,5,209,157,2012
Robert C. Feenstra,0000-0003-3433-7763,Economics,0,10,2011,2001,83,1.42,2.44,0.125,0.4832,0.0,0.0,43,5,154,105,2012
Alastair Gray,0000-0003-0239-7278,Economics,0,0,2021,2021,13469,5.7,11.78,0.5793,0.6223,0.7683,0.4737,159,58,437,280,2012
Alastair Gray,0000-0003-0239-7278,Economics,0,5,2021,2016,5492,3.97,6.83,0.5836,0.6029,0.7789,0.474,121,38,289,177,2012
Alastair Gray,0000-0003-0239-7278,Economics,0,10,2021,2011,82,2.47,4.25,0.6014,0.5951,0.7909,0.5196,87,4,179,125,2012
Robert M. Kaplan,0000-0003-4837-5330,Economics,0,0,2018,2018,5704,2.66,4.45,0.5586,0.5745,0.7103,0.4787,123,38,282,137,2012
Robert M. Kaplan,0000-0003-4837-5330,Economics,0,5,2018,2013,1881,2.67,4.3,0.5974,0.5777,0.7498,0.4799,124,21,298,147,2012
Robert M. Kaplan,0000-0003-4837-5330,Economics,0,10,2018,2008,136,2.45,4.0,0.6072,0.5774,0.7627,0.4797,104,6,271,126,2012
Steven H. Woolf,0000-0001-9384-033X,Economics,0,0,2020,2020,9065,3.07,9.24,0.4736,0.5659,0.6343,0.3558,56,45,208,111,2012
Steven H. Woolf,0000-0001-9384-033X,Economics,0,5,2020,2015,4936,2.66,8.31,0.4879,0.5808,0.6486,0.3843,54,35,216,102,2012
Steven H. Woolf,0000-0001-9384-033X,Economics,0,10,2020,2010,34,2.95,9.1,0.479,0.6059,0.6155,0.4255,44,4,188,91,2012
Joseph S. Ross,0000-0002-9218-3320,Economics,0,0,2020,2020,9933,4.24,6.62,0.5673,0.626,0.6823,0.62,138,51,500,384,2012
Joseph S. Ross,0000-0002-9218-3320,Economics,0,5,2020,2015,2165,4.16,7.05,0.6044,0.6289,0.7041,0.6649,60,24,194,137,2012
Joseph S. Ross,0000-0002-9218-3320,Economics,0,10,2020,2010,0,3.33,6.44,0.8391,0.6637,0.9107,0.8889,8,0,9,4,2012
Andrew K. Rose,0000-0003-1100-1212,Economics,0,0,2011,2011,84,1.65,2.19,0.1528,0.498,0.0,0.0,71,6,298,200,2012
Andrew K. Rose,0000-0003-1100-1212,Economics,0,5,2011,2006,92,1.69,2.28,0.1575,0.5035,0.0,0.0,61,6,225,148,2012
Andrew K. Rose,0000-0003-1100-1212,Economics,0,10,2011,2001,81,1.76,2.26,0.1436,0.5026,0.0,0.0,41,6,136,88,2012
Gordon Hanson,0000-0001-5798-140X,Economics,0,0,2024,2024,16488,2.11,2.95,0.1512,0.4626,0.0,0.0,55,55,226,150,2012
Gordon Hanson,0000-0001-5798-140X,Economics,0,5,2024,2019,8086,2.15,2.98,0.1481,0.4601,0.0,0.0,57,46,237,181,2012
Gordon Hanson,0000-0001-5798-140X,Economics,0,10,2024,2014,3062,1.98,2.69,0.131,0.4576,0.0,0.0,48,30,204,163,2012
Jonathan Gruber,0000-0003-0379-710X,Economics,0,0,2020,2020,9091,1.73,2.56,0.1877,0.4826,0.3502,0.0511,66,46,352,278,2012
Jonathan Gruber,0000-0003-0379-710X,Economics,0,5,2020,2015,5065,1.48,2.2,0.1967,0.4737,0.3682,0.0571,59,36,333,262,2012
Jonathan Gruber,0000-0003-0379-710X,Economics,0,10,2020,2010,76,1.31,1.93,0.1977,0.4709,0.4064,0.053,53,4,321,243,2012
Ricardo Hausmann,0000-0001-9284-5745,Economics,0,0,2014,2014,3587,2.18,3.41,0.1274,0.4854,0.3333,0.0035,66,28,283,168,2012
Ricardo Hausmann,0000-0001-9284-5745,Economics,0,5,2014,2009,100,2.17,3.27,0.1333,0.4842,0.3333,0.0043,54,5,233,137,2012
Ricardo Hausmann,0000-0001-9284-5745,Economics,0,10,2014,2004,91,2.35,3.42,0.1256,0.4871,0.0,0.0,37,5,160,94,2012
Sherman Robinson,0000-0002-5478-9372,Economics,0,0,2011,2011,173,2.45,4.12,0.2033,0.5162,0.25,0.0042,66,6,239,195,2012
Sherman Robinson,0000-0002-5478-9372,Economics,0,5,2011,2006,207,2.27,4.25,0.1959,0.5158,0.0,0.0,59,7,227,178,2012
Sherman Robinson,0000-0002-5478-9372,Economics,0,10,2011,2001,230,2.11,4.08,0.1919,0.509,0.0,0.0,49,7,187,137,2012
Richard Lilford,0000-0002-0634-984X,Economics,0,0,2018,2018,6555,5.33,8.34,0.613,0.5979,0.7244,0.585,114,40,294,221,2012
Richard Lilford,0000-0002-0634-984X,Economics,0,5,2018,2013,1909,3.85,5.83,0.6211,0.6136,0.7079,0.622,90,21,254,171,2012
Richard Lilford,0000-0002-0634-984X,Economics,0,10,2018,2008,227,3.14,4.51,0.5941,0.6334,0.6792,0.5827,73,7,266,159,2012
David A. Asch,0000-0002-7970-286X,Economics,0,0,2017,2017,5959,3.74,5.17,0.5413,0.5802,0.6331,0.5739,119,41,345,236,2012
David A. Asch,0000-0002-7970-286X,Economics,0,5,2017,2012,923,3.2,4.3,0.588,0.5871,0.682,0.609,101,12,266,169,2012
David A. Asch,0000-0002-7970-286X,Economics,0,10,2017,2007,75,2.94,3.99,0.5868,0.5811,0.6893,0.6149,75,4,174,108,2012
Peter A. Ubel,0000-0001-8218-519X,Economics,0,0,2020,2020,12871,3.83,5.12,0.4794,0.5625,0.6087,0.473,138,62,389,256,2012
Peter A. Ubel,0000-0001-8218-519X,Economics,0,5,2020,2015,5078,3.36,4.61,0.5142,0.5581,0.6353,0.5627,115,37,343,221,2012
Peter A. Ubel,0000-0001-8218-519X,Economics,0,10,2020,2010,17,3.11,4.17,0.5383,0.562,0.6583,0.6166,81,2,253,153,2012
W. Kip Viscusi,0000-0002-7931-7689,Economics,0,0,2022,2022,5796,2.18,2.91,0.2148,0.5152,0.7429,0.0386,81,40,337,177,2012
W. Kip Viscusi,0000-0002-7931-7689,Economics,0,5,2022,2017,3764,1.86,2.47,0.2126,0.5087,0.7998,0.04,84,29,350,188,2012
W. Kip Viscusi,0000-0002-7931-7689,Economics,0,10,2022,2012,664,1.76,2.39,0.2002,0.5069,0.7254,0.0407,94,10,344,181,2012
Avinash Dixit,0000-0002-8929-7503,Economics,0,0,2013,2013,1354,1.08,1.72,0.1351,0.4713,0.25,0.0171,57,20,117,77,2012
Avinash Dixit,0000-0002-8929-7503,Economics,0,5,2013,2008,57,1.1,1.7,0.1511,0.4805,0.2917,0.0084,47,4,119,78,2012
Avinash Dixit,0000-0002-8929-7503,Economics,0,10,2013,2003,63,1.1,1.67,0.1394,0.4834,0.0,0.0,44,5,115,70,2012
César A. Hidalgo,0000-0002-6977-9492,Economics,0,0,2024,2024,23613,3.99,6.5,0.2723,0.5545,0.4175,0.0561,78,45,214,154,2012
César A. Hidalgo,0000-0002-6977-9492,Economics,0,5,2024,2019,11010,4.36,7.48,0.2678,0.5832,0.4323,0.0613,60,31,163,114,2012
César A. Hidalgo,0000-0002-6977-9492,Economics,0,10,2024,2014,2783,4.01,7.97,0.2701,0.6341,0.4661,0.093,41,18,86,53,2012
Peter J. Neumann,0000-0003-1226-4073,Economics,0,0,2008,2008,29,2.54,4.01,0.482,0.5624,0.6454,0.5168,51,3,149,98,2012
Peter J. Neumann,0000-0003-1226-4073,Economics,0,5,2008,2003,14,2.52,4.46,0.5673,0.572,0.7129,0.5942,30,3,69,43,2012
Peter J. Neumann,0000-0003-1226-4073,Economics,0,10,2008,1998,11,1.63,2.84,0.5299,0.5565,0.6259,0.5789,12,2,19,11,2012
Jong‐Wha Lee,0000-0002-3152-4961,Economics,0,0,2019,2019,6766,2.03,2.96,0.2046,0.5142,0.6256,0.0288,83,30,313,160,2012
Jong‐Wha Lee,0000-0002-3152-4961,Economics,0,5,2019,2014,4081,2.02,2.88,0.2104,0.5128,0.6675,0.024,73,22,250,126,2012
Jong‐Wha Lee,0000-0002-3152-4961,Economics,0,10,2019,2009,8,1.71,2.37,0.1718,0.4945,0.1719,0.0072,58,1,139,86,2012
Peter Smith,0000-0003-0058-7588,Economics,0,0,2019,2019,7806,2.98,4.55,0.2971,0.544,0.5811,0.1549,153,44,452,309,2012
Peter Smith,0000-0003-0058-7588,Economics,0,5,2019,2014,2785,2.68,4.22,0.2741,0.5558,0.5461,0.1461,132,27,397,279,2012
Peter Smith,0000-0003-0058-7588,Economics,0,10,2019,2009,55,2.21,3.35,0.2427,0.5682,0.4843,0.1307,98,4,283,203,2012
Arnold M. Epstein,0000-0003-2374-0311,Economics,0,0,2010,2010,104,3.59,4.59,0.5327,0.5693,0.6009,0.5796,41,6,157,122,2012
Arnold M. Epstein,0000-0003-2374-0311,Economics,0,5,2010,2005,191,3.15,4.24,0.5557,0.5733,0.6097,0.6615,38,8,130,102,2012
Arnold M. Epstein,0000-0003-2374-0311,Economics,0,10,2010,2000,188,2.86,4.02,0.5992,0.5666,0.6353,0.7172,36,8,99,75,2012
Paul Kind,0000-0003-2377-1652,Economics,0,0,2013,2013,1312,3.48,5.18,0.576,0.5492,0.7657,0.4468,51,19,141,57,2012
Paul Kind,0000-0003-2377-1652,Economics,0,5,2013,2008,87,2.73,3.92,0.5456,0.557,0.7552,0.4464,45,5,112,51,2012
Paul Kind,0000-0003-2377-1652,Economics,0,10,2013,2003,89,2.61,3.77,0.5036,0.5513,0.729,0.439,36,6,82,42,2012
Kevin D. Frick,0000-0002-0178-5319,Economics,0,0,2016,2016,5136,3.57,5.85,0.5506,0.6359,0.6853,0.5026,158,34,380,202,2012
Kevin D. Frick,0000-0002-0178-5319,Economics,0,5,2016,2011,56,2.82,4.84,0.5574,0.6359,0.668,0.5622,101,4,217,115,2012
Kevin D. Frick,0000-0002-0178-5319,Economics,0,10,2016,2006,46,2.26,3.78,0.5049,0.6342,0.5944,0.5455,50,4,99,50,2012
Mohammad Khammarnia,0000-0002-3759-5875,Economics,0,0,2019,2019,191,2.24,4.81,0.2649,0.5405,0.5624,0.0964,33,7,83,78,2012
Mohammad Khammarnia,0000-0002-3759-5875,Economics,0,5,2019,2014,2,2.1,4.0,0.24,0.5136,0.3333,0.1,8,1,20,18,2012
Gerard F. Anderson,0000-0003-1845-1523,Economics,0,0,2019,2019,8003,3.53,4.46,0.3957,0.5519,0.5612,0.3646,75,37,181,138,2012
Gerard F. Anderson,0000-0003-1845-1523,Economics,0,5,2019,2014,3215,2.83,3.8,0.5114,0.5497,0.6657,0.4167,63,25,168,118,2012
Gerard F. Anderson,0000-0003-1845-1523,Economics,0,10,2019,2009,107,3.03,4.39,0.534,0.5592,0.6732,0.4565,69,6,184,121,2012
Peter Groenewegen,0000-0003-2127-8442,Economics,0,0,2024,2024,15080,2.91,4.01,0.3239,0.4751,0.5453,0.262,135,57,500,374,2012
Peter Groenewegen,0000-0003-2127-8442,Economics,0,5,2024,2019,7328,2.93,3.74,0.3218,0.4691,0.5561,0.2477,123,40,440,323,2012
Peter Groenewegen,0000-0003-2127-8442,Economics,0,10,2024,2014,1971,2.93,3.59,0.3242,0.4638,0.5664,0.2483,89,22,298,211,2012
Stephen B. Soumerai,0000-0001-6811-2496,Economics,0,0,2019,2019,7436,4.5,6.35,0.5469,0.6225,0.6056,0.6964,69,41,224,173,2012
Stephen B. Soumerai,0000-0001-6811-2496,Economics,0,5,2019,2014,2780,4.2,6.17,0.527,0.6358,0.595,0.6905,60,25,210,160,2012
Stephen B. Soumerai,0000-0001-6811-2496,Economics,0,10,2019,2009,23,3.83,5.7,0.4945,0.641,0.5706,0.6552,53,3,174,137,2012
Rachel Griffith,0000-0002-8616-5820,Economics,0,0,2012,2012,1139,1.61,2.91,0.1374,0.4842,0.3333,0.0047,42,19,211,117,2012
Rachel Griffith,0000-0002-8616-5820,Economics,0,5,2012,2007,22,1.67,2.76,0.1203,0.476,0.0,0.0,33,2,135,85,2012
Rachel Griffith,0000-0002-8616-5820,Economics,0,10,2012,2002,7,1.7,2.56,0.124,0.4963,0.1719,0.0164,20,2,61,33,2012
Paul Dolan,0000-0001-6180-2849,Economics,0,0,2014,2014,3694,2.04,3.37,0.4283,0.4991,0.6354,0.3411,76,26,214,118,2012
Paul Dolan,0000-0001-6180-2849,Economics,0,5,2014,2009,36,1.49,2.64,0.5134,0.5003,0.6611,0.411,58,2,146,79,2012
Paul Dolan,0000-0001-6180-2849,Economics,0,10,2014,2004,30,1.41,2.54,0.5776,0.5046,0.6863,0.4694,39,2,98,49,2012
Ernst R. Berndt,0000-0002-6388-0768,Economics,0,0,2017,2017,3554,2.25,4.66,0.2742,0.5455,0.5384,0.1749,72,29,263,175,2012
Ernst R. Berndt,0000-0002-6388-0768,Economics,0,5,2017,2012,809,1.99,4.52,0.275,0.5349,0.5789,0.1516,73,13,244,164,2012
Ernst R. Berndt,0000-0002-6388-0768,Economics,0,10,2017,2007,95,1.82,4.47,0.293,0.534,0.5884,0.1521,65,6,217,146,2012
Stephen Morris,0000-0002-5828-3563,Economics,0,0,2022,2022,12374,6.34,9.9,0.5704,0.6374,0.7529,0.442,218,55,500,335,2012
Stephen Morris,0000-0002-5828-3563,Economics,0,5,2022,2017,3936,4.92,7.43,0.5941,0.635,0.7788,0.4641,154,33,306,198,2012
Stephen Morris,0000-0002-5828-3563,Economics,0,10,2022,2012,466,3.59,5.97,0.6005,0.6425,0.7942,0.4643,72,12,112,73,2012
Péter Gaál,0000-0002-6815-9021,Economics,0,0,2017,2017,334,3.59,5.52,0.2528,0.5146,0.3184,0.2414,19,9,29,20,2012
Péter Gaál,0000-0002-6815-9021,Economics,0,5,2017,2012,47,3.5,5.68,0.234,0.5182,0.2812,0.2727,14,5,22,16,2012
Péter Gaál,0000-0002-6815-9021,Economics,0,10,2017,2007,10,4.53,7.2,0.2056,0.5513,0.2552,0.2667,12,2,15,10,2012
Michael T. Halpern,0000-0001-8514-6313,Economics,0,0,2013,2013,1829,2.14,4.26,0.5137,0.6546,0.6641,0.4923,99,17,195,112,2012
Michael T. Halpern,0000-0001-8514-6313,Economics,0,5,2013,2008,36,2.0,4.02,0.5039,0.6515,0.6467,0.5148,88,3,169,86,2012
Michael T. Halpern,0000-0001-8514-6313,Economics,0,10,2013,2003,30,1.86,3.61,0.4843,0.6355,0.6152,0.4898,52,3,98,45,2012
James E. Anderson,0000-0003-0878-5271,Economics,0,0,2007,2007,208,1.97,3.65,0.2428,0.6652,0.3984,0.0174,106,9,230,183,2012
James E. Anderson,0000-0003-0878-5271,Economics,0,5,2007,2002,252,1.84,3.4,0.2117,0.6836,0.3958,0.0078,109,9,257,196,2012
James E. Anderson,0000-0003-0878-5271,Economics,0,10,2007,1997,247,1.78,3.11,0.1898,0.678,0.4229,0.0085,100,9,235,158,2012
Allan S. Detsky,0000-0003-2772-3121,Economics,0,0,2012,2012,516,3.07,3.72,0.5037,0.6227,0.69,0.4944,57,11,180,117,2012
Allan S. Detsky,0000-0003-2772-3121,Economics,0,5,2012,2007,126,3.17,3.98,0.5662,0.6216,0.7275,0.5325,57,8,169,103,2012
Allan S. Detsky,0000-0003-2772-3121,Economics,0,10,2012,2002,181,2.74,3.93,0.6291,0.6279,0.7352,0.604,47,8,149,90,2012
Jonathan Skinner,0000-0002-4760-9396,Economics,0,0,2005,2005,21,1.95,2.65,0.2594,0.4819,0.6388,0.1134,31,3,97,82,2012
Jonathan Skinner,0000-0002-4760-9396,Economics,0,5,2005,2000,16,1.63,1.94,0.2211,0.4661,0.6562,0.0563,27,3,71,59,2012
Jonathan Skinner,0000-0002-4760-9396,Economics,0,10,2005,1995,6,1.45,1.69,0.2104,0.4663,0.6459,0.0476,18,1,42,33,2012
Sheldon Greenfield,0000-0003-4628-1998,Economics,0,0,2014,2014,1336,4.21,6.95,0.5799,0.629,0.7061,0.5097,57,21,155,93,2012
Sheldon Greenfield,0000-0003-4628-1998,Economics,0,5,2014,2009,59,3.59,6.52,0.5611,0.6246,0.7075,0.5547,54,3,128,82,2012
Sheldon Greenfield,0000-0003-4628-1998,Economics,0,10,2014,2004,58,3.09,5.6,0.5035,0.6219,0.6584,0.5197,45,3,127,87,2012
Lisa I. Iezzoni,0000-0002-1416-5039,Economics,0,0,2024,2024,8113,2.65,3.91,0.4119,0.5506,0.5404,0.4792,89,49,265,155,2012
Lisa I. Iezzoni,0000-0002-1416-5039,Economics,0,5,2024,2019,5445,2.88,4.17,0.4668,0.5472,0.5885,0.5292,76,41,240,148,2012
Lisa I. Iezzoni,0000-0002-1416-5039,Economics,0,10,2024,2014,2403,2.84,4.21,0.5408,0.5582,0.6773,0.5857,63,25,210,158,2012
Efat Mohamadi,0000-0003-2297-7990,Economics,0,0,2021,2021,220,3.51,7.08,0.2149,0.5215,0.7267,0.0769,23,6,39,31,2013
Efat Mohamadi,0000-0003-2297-7990,Economics,0,5,2021,2016,7,2.55,4.45,0.1208,0.4966,0.0,0.0,9,1,11,6,2013
Dennis Ross‐Degnan,0000-0002-0066-1242,Economics,0,0,2018,2018,6724,4.83,6.9,0.5287,0.6265,0.6309,0.6335,89,40,251,191,2012
Dennis Ross‐Degnan,0000-0002-0066-1242,Economics,0,5,2018,2013,1726,4.32,6.1,0.5394,0.635,0.6263,0.6952,75,20,187,138,2012
Dennis Ross‐Degnan,0000-0002-0066-1242,Economics,0,10,2018,2008,32,4.06,5.89,0.5365,0.6558,0.6303,0.6797,53,4,128,100,2012
David Evans,0000-0003-1674-8489,Economics,0,0,2020,2020,9020,3.28,6.74,0.2786,0.5303,0.5645,0.1882,73,37,170,123,2012
David Evans,0000-0003-1674-8489,Economics,0,5,2020,2015,3354,3.27,6.17,0.3336,0.5507,0.588,0.2814,72,24,167,122,2012
David Evans,0000-0003-1674-8489,Economics,0,10,2020,2010,59,3.2,5.8,0.409,0.5944,0.6017,0.4057,80,5,175,115,2012
Elliott S. Fisher,0000-0002-9571-4879,Economics,0,0,2018,2018,8401,3.97,5.42,0.4749,0.5428,0.6075,0.4946,50,49,186,143,2012
Elliott S. Fisher,0000-0002-9571-4879,Economics,0,5,2018,2013,2584,3.46,4.82,0.5289,0.5561,0.671,0.525,45,28,160,123,2012
Elliott S. Fisher,0000-0002-9571-4879,Economics,0,10,2018,2008,19,2.82,4.5,0.5886,0.5666,0.7195,0.5913,45,3,115,94,2012
Chien‐Wen Tseng,0000-0001-7162-2550,Economics,0,0,2024,2024,17783,11.09,12.95,0.5432,0.667,0.6198,0.6617,30,60,133,119,2012
Chien‐Wen Tseng,0000-0001-7162-2550,Economics,0,5,2024,2019,2430,9.82,11.97,0.552,0.6605,0.6076,0.7363,24,28,91,81,2012
Chien‐Wen Tseng,0000-0001-7162-2550,Economics,0,10,2024,2014,197,3.36,7.17,0.5008,0.6239,0.5618,0.6944,18,8,36,30,2012
Thomas W. Hertel,0000-0002-7179-7630,Economics,0,0,2022,2022,11032,2.49,4.46,0.2104,0.5842,0.6354,0.006,112,51,500,395,2012
Thomas W. Hertel,0000-0002-7179-7630,Economics,0,5,2022,2017,5103,2.25,4.21,0.2174,0.5775,0.6354,0.0076,92,35,396,313,2012
Thomas W. Hertel,0000-0002-7179-7630,Economics,0,10,2022,2012,729,2.06,3.78,0.2198,0.5753,0.2604,0.0041,56,13,245,210,2012
Anne Mills,0000-0001-9863-9950,Economics,0,0,2011,2011,126,3.96,5.0,0.2964,0.5515,0.497,0.1736,68,5,409,164,2012
Anne Mills,0000-0001-9863-9950,Economics,0,5,2011,2006,194,3.52,4.66,0.2505,0.5416,0.4807,0.1254,52,8,343,122,2012
Anne Mills,0000-0001-9863-9950,Economics,0,10,2011,2001,196,2.06,2.91,0.2622,0.5298,0.4711,0.1887,38,8,159,81,2012
Elizabeth A. McGlynn,0000-0002-4944-2518,Economics,0,0,2013,2013,2172,3.75,5.65,0.3833,0.5447,0.6217,0.2489,49,20,221,137,2012
Elizabeth A. McGlynn,0000-0002-4944-2518,Economics,0,5,2013,2008,133,3.3,5.61,0.4011,0.5593,0.642,0.2416,46,6,178,101,2012
Elizabeth A. McGlynn,0000-0002-4944-2518,Economics,0,10,2013,2003,123,2.92,4.95,0.4054,0.561,0.686,0.2366,41,6,131,71,2012
Pierre Bourdıeu,0000-0001-6386-4269,Economics,0,0,2015,2015,10083,1.42,3.52,0.1554,0.3954,0.0,0.0,177,44,500,197,2012
Pierre Bourdıeu,0000-0001-6386-4269,Economics,0,5,2015,2010,21,1.42,3.44,0.1577,0.3976,0.0,0.0,131,2,381,160,2012
Pierre Bourdıeu,0000-0001-6386-4269,Economics,0,10,2015,2005,18,1.48,3.36,0.1621,0.3972,0.0,0.0,104,2,301,129,2012
Henri Lefebvre,0009-0004-2914-9850,Economics,0,0,2011,2011,1,2.31,4.08,0.125,0.3944,0.0,0.0,23,1,49,14,2012
Henri Lefebvre,0009-0004-2914-9850,Economics,0,5,2011,2006,1,2.74,4.68,0.15,0.4076,0.0,0.0,20,1,31,13,2012
Henri Lefebvre,0009-0004-2914-9850,Economics,0,10,2011,2001,1,1.23,1.55,0.1556,0.4088,0.0,0.0,19,1,31,13,2012
Achille Mbembé,0000-0003-0006-3194,Economics,0,0,2007,2007,12,1.43,1.88,0.0766,0.3783,0.0,0.0,32,2,76,47,2012
Achille Mbembé,0000-0003-0006-3194,Economics,0,5,2007,2002,8,1.12,1.21,0.0708,0.3834,0.0,0.0,14,2,33,19,2012
Achille Mbembé,0000-0003-0006-3194,Economics,0,10,2007,1997,3,1.13,1.27,0.0333,0.4166,0.0,0.0,8,1,15,8,2012
Anna Tsing,0000-0002-0411-959X,Economics,0,0,2021,2021,10270,1.48,1.97,0.1606,0.4641,0.0,0.0,56,33,133,59,2012
Anna Tsing,0000-0002-0411-959X,Economics,0,5,2021,2016,3740,1.45,1.94,0.1667,0.4661,0.0,0.0,39,18,95,37,2012
Anna Tsing,0000-0002-0411-959X,Economics,0,10,2021,2011,0,1.62,2.16,0.1583,0.4501,0.0,0.0,27,0,73,24,2012
Laurent Thévenot,0000-0002-4317-0419,Economics,0,0,2013,2013,916,2.13,2.5,0.1461,0.4379,0.0,0.0,46,12,112,61,2012
Laurent Thévenot,0000-0002-4317-0419,Economics,0,5,2013,2008,22,1.85,2.19,0.1301,0.4298,0.0,0.0,39,2,105,53,2012
Laurent Thévenot,0000-0002-4317-0419,Economics,0,10,2013,2003,14,1.88,2.14,0.1389,0.4371,0.0,0.0,30,2,66,36,2012
Isabelle Stengers,0000-0001-7723-6140,Economics,0,0,2019,2019,1970,1.74,2.4,0.1167,0.4255,0.0,0.0,69,21,235,120,2012
Isabelle Stengers,0000-0001-7723-6140,Economics,0,5,2019,2014,707,1.59,2.18,0.1143,0.4292,0.0,0.0,55,12,197,114,2012
Isabelle Stengers,0000-0001-7723-6140,Economics,0,10,2019,2009,19,1.51,1.97,0.1436,0.4442,0.1604,0.0048,55,2,207,123,2012
Michel Lagarde,0000-0003-0175-9062,Economics,0,0,2018,2018,2436,2.66,3.25,0.3835,0.5037,0.5696,0.114,84,27,500,121,2012
Michel Lagarde,0000-0003-0175-9062,Economics,0,5,2018,2013,622,2.92,3.53,0.3596,0.5313,0.5256,0.1321,73,12,333,99,2012
Michel Lagarde,0000-0003-0175-9062,Economics,0,10,2018,2008,12,2.38,2.85,0.3778,0.5023,0.5342,0.1213,55,2,272,65,2012
Claude S. Fischer,0000-0002-4665-5630,Economics,0,0,2024,2024,1860,1.44,3.05,0.1839,0.4532,0.6666,0.0215,40,18,93,36,2012
Claude S. Fischer,0000-0002-4665-5630,Economics,0,5,2024,2019,1461,1.35,2.97,0.1679,0.4526,1.0,0.0101,38,16,99,37,2012
Claude S. Fischer,0000-0002-4665-5630,Economics,0,10,2024,2014,586,1.26,2.51,0.156,0.4396,1.0,0.0108,36,14,93,35,2012
Jean Lambert,0000-0001-9159-6126,Economics,0,0,2011,2011,5,2.85,4.3,0.5837,0.5418,0.7326,0.3061,88,1,196,111,2012
Jean Lambert,0000-0001-9159-6126,Economics,0,5,2011,2006,8,2.77,4.28,0.5331,0.5365,0.6904,0.2961,78,2,179,99,2012
Jean Lambert,0000-0001-9159-6126,Economics,0,10,2011,2001,22,2.71,4.08,0.48,0.5519,0.6373,0.2929,66,2,140,75,2012
Emmanuel Lazega,0000-0001-8844-6426,Economics,0,0,2024,2024,2516,1.97,2.76,0.167,0.4479,0.0,0.0,70,23,264,181,2012
Emmanuel Lazega,0000-0001-8844-6426,Economics,0,5,2024,2019,1717,1.78,2.4,0.1547,0.4427,0.0,0.0,63,20,270,184,2012
Emmanuel Lazega,0000-0001-8844-6426,Economics,0,10,2024,2014,2182,1.62,2.27,0.1578,0.4312,0.0,0.0,53,12,235,159,2012
Rosi Braidotti,0000-0002-5922-2324,Economics,0,0,2006,2006,37,1.13,1.37,0.105,0.3822,0.0,0.0,36,2,120,39,2012
Rosi Braidotti,0000-0002-5922-2324,Economics,0,5,2006,2001,35,1.19,1.57,0.0917,0.3749,0.0,0.0,24,2,94,24,2012
Rosi Braidotti,0000-0002-5922-2324,Economics,0,10,2006,1996,28,1.33,1.9,0.0926,0.3799,0.0,0.0,15,2,49,14,2012
Yves Gingras,0000-0002-4729-1269,Economics,0,0,2005,2005,30,1.61,2.18,0.21,0.4523,0.6666,0.0135,43,2,148,80,2012
Yves Gingras,0000-0002-4729-1269,Economics,0,5,2005,2000,20,1.4,1.85,0.14,0.4383,0.3333,0.009,36,2,111,58,2012
Yves Gingras,0000-0002-4729-1269,Economics,0,10,2005,1995,17,1.38,1.78,0.1148,0.4383,0.0,0.0,27,2,64,34,2012
Sébastiên Roux,0000-0002-3676-0517,Economics,0,0,2019,2019,4283,2.94,4.13,0.3815,0.5214,0.8071,0.1116,98,24,224,157,2012
Sébastiên Roux,0000-0002-3676-0517,Economics,0,5,2019,2014,1820,2.99,4.1,0.4369,0.5492,0.7354,0.1786,82,16,168,114,2012
Sébastiên Roux,0000-0002-3676-0517,Economics,0,10,2019,2009,71,2.83,4.22,0.4367,0.5918,0.7189,0.2407,60,4,108,74,2012
François Morin,0000-0002-1582-2934,Economics,0,0,2013,2013,170,2.1,2.78,0.3956,0.5737,0.8229,0.069,37,6,58,35,2012
François Morin,0000-0002-1582-2934,Economics,0,5,2013,2008,56,1.95,2.54,0.3555,0.5941,0.6969,0.0678,39,3,59,35,2012
François Morin,0000-0002-1582-2934,Economics,0,10,2013,2003,88,1.8,2.31,0.3636,0.6167,0.59,0.0847,37,4,59,31,2012
Robert Boyer,0000-0003-0425-7439,Economics,0,0,2011,2011,108,1.85,2.58,0.1352,0.4564,0.0,0.0,81,5,252,135,2012
Robert Boyer,0000-0003-0425-7439,Economics,0,5,2011,2006,155,2.96,3.67,0.1178,0.4566,0.0,0.0,70,6,254,125,2012
Robert Boyer,0000-0003-0425-7439,Economics,0,10,2011,2001,156,2.93,3.65,0.1167,0.4482,0.0,0.0,60,6,212,95,2012
Eduardo Viveiros de Castro,0000-0003-4902-0574,Economics,0,0,2022,2022,3460,1.25,1.6,0.1121,0.4087,0.0,0.0,49,20,100,50,2012
Eduardo Viveiros de Castro,0000-0003-4902-0574,Economics,0,5,2022,2017,1968,1.22,1.47,0.1233,0.4064,0.0,0.0,37,19,73,40,2012
Eduardo Viveiros de Castro,0000-0003-4902-0574,Economics,0,10,2022,2012,280,1.21,1.39,0.12,0.4123,0.0,0.0,34,9,66,37,2012
Catherine Dominguès,0000-0002-0362-6805,Economics,0,0,2014,2014,8,1.08,1.69,0.0,0.4838,0.0,0.0,3,1,13,7,2012
Catherine Dominguès,0000-0002-0362-6805,Economics,0,5,2014,2009,1,1.12,1.5,0.0,0.4946,0.0,0.0,2,1,8,5,2012
Catherine Dominguès,0000-0002-0362-6805,Economics,0,10,2014,2004,1,1.0,1.0,0.0,0.5114,0.0,0.0,2,1,3,2,
Isabelle Thomas,0000-0003-3386-2427,Economics,0,0,2015,2015,1577,3.11,4.55,0.2918,0.5449,0.7773,0.0817,117,21,404,226,2012
Isabelle Thomas,0000-0003-3386-2427,Economics,0,5,2015,2010,59,2.61,3.88,0.2475,0.544,0.7602,0.0513,88,3,312,167,2012
Isabelle Thomas,0000-0003-3386-2427,Economics,0,10,2015,2005,57,2.24,3.51,0.2782,0.5717,0.6583,0.0977,62,4,215,113,2012
Frank Moulaert,0000-0001-8924-6928,Economics,0,0,2021,2021,4740,1.79,2.96,0.1222,0.4546,0.0,0.0,46,27,203,92,2012
Frank Moulaert,0000-0001-8924-6928,Economics,0,5,2021,2016,1833,1.69,2.79,0.118,0.4449,0.0,0.0,37,19,206,95,2012
Frank Moulaert,0000-0001-8924-6928,Economics,0,10,2021,2011,23,1.63,2.51,0.1333,0.4365,0.0,0.0,33,2,172,76,2012
Antonio Negri,0000-0002-8662-4302,Economics,0,0,2016,2016,2014,1.55,2.31,0.1238,0.4048,0.0,0.0,97,18,282,134,2012
Antonio Negri,0000-0002-8662-4302,Economics,0,5,2016,2011,21,1.38,2.06,0.1179,0.399,0.0,0.0,79,2,222,88,2012
Antonio Negri,0000-0002-8662-4302,Economics,0,10,2016,2006,21,1.28,1.87,0.1104,0.3917,0.0,0.0,56,2,146,50,2012
Philippe Van Parijs,0000-0003-3348-1317,Economics,0,0,2007,2007,61,1.23,1.4,0.128,0.4105,0.0,0.0,65,4,275,112,2012
Philippe Van Parijs,0000-0003-3348-1317,Economics,0,5,2007,2002,52,1.15,1.34,0.1254,0.4093,0.0,0.0,55,4,210,80,2012
Philippe Van Parijs,0000-0003-3348-1317,Economics,0,10,2007,1997,52,1.11,1.26,0.1105,0.4028,0.0,0.0,52,4,149,60,2012
Ève Chiapello,0000-0002-3323-9961,Economics,0,0,2016,2016,2351,1.3,1.86,0.1769,0.4144,0.0,0.0,47,15,133,89,2012
Ève Chiapello,0000-0002-3323-9961,Economics,0,5,2016,2011,12,1.59,2.38,0.2167,0.4082,0.0,0.0,35,2,114,81,2012
Ève Chiapello,0000-0002-3323-9961,Economics,0,10,2016,2006,11,1.75,2.7,0.18,0.4035,0.0,0.0,25,2,77,52,2012
Alain Touraine,0000-0001-7330-2163,Economics,0,0,2011,2011,30,1.36,1.66,0.1483,0.4068,0.0,0.0,91,3,198,82,2012
Alain Touraine,0000-0001-7330-2163,Economics,0,5,2011,2006,54,1.29,1.54,0.1492,0.4029,0.0,0.0,92,3,188,75,2012
Alain Touraine,0000-0001-7330-2163,Economics,0,10,2011,2001,61,1.44,1.75,0.1286,0.4039,0.0,0.0,83,3,167,58,2012
Madeleine Akrich,0000-0002-2259-1601,Economics,0,0,2015,2015,868,1.25,2.91,0.1384,0.4652,0.4028,0.0185,44,14,162,120,2012
Madeleine Akrich,0000-0002-2259-1601,Economics,0,5,2015,2010,15,1.19,2.61,0.167,0.4529,0.4028,0.0214,41,2,140,97,2012
Madeleine Akrich,0000-0002-2259-1601,Economics,0,10,2015,2005,12,1.2,2.03,0.2246,0.4644,0.5229,0.0222,28,2,90,54,2012
François Bousquet,0000-0002-4552-3724,Economics,0,0,2012,2012,417,2.45,4.61,0.1964,0.5545,0.4942,0.0297,70,9,303,194,2012
François Bousquet,0000-0002-4552-3724,Economics,0,5,2012,2007,89,2.28,3.9,0.2022,0.5683,0.6667,0.0288,47,4,208,145,2012
François Bousquet,0000-0002-4552-3724,Economics,0,10,2012,2002,70,2.28,3.62,0.1905,0.5686,0.6146,0.0308,29,4,130,91,2012
Benoît Rihoux,0000-0001-9836-5056,Economics,0,0,2016,2016,1868,1.59,2.5,0.0916,0.4401,0.0,0.0,40,19,277,78,2012
Benoît Rihoux,0000-0001-9836-5056,Economics,0,5,2016,2011,50,1.41,2.12,0.1018,0.4376,0.0,0.0,26,3,245,66,2012
Benoît Rihoux,0000-0001-9836-5056,Economics,0,10,2016,2006,46,1.3,1.86,0.1157,0.439,0.0,0.0,19,3,176,44,2012
Richard Nadeau,0000-0003-4426-3331,Economics,0,0,2021,2021,2125,2.15,3.97,0.1464,0.4257,0.625,0.0051,59,22,195,110,2012
Richard Nadeau,0000-0003-4426-3331,Economics,0,5,2021,2016,1309,2.08,3.5,0.1299,0.4059,0.0,0.0,53,19,163,98,2012
Richard Nadeau,0000-0003-4426-3331,Economics,0,10,2021,2011,7,2.36,3.29,0.1432,0.4085,0.0,0.0,40,2,127,91,2012
Peter Dahlgren,0000-0002-3509-3329,Economics,0,0,2019,2019,2720,1.57,2.27,0.1453,0.433,0.0,0.0,60,23,175,112,2012
Peter Dahlgren,0000-0002-3509-3329,Economics,0,5,2019,2014,926,1.64,2.42,0.1606,0.4432,0.0,0.0,52,14,162,103,2012
Peter Dahlgren,0000-0002-3509-3329,Economics,0,10,2019,2009,60,1.82,2.88,0.1527,0.4722,0.0,0.0,34,5,107,76,2012
Russell S. Kirby,0000-0002-3489-401X,Economics,0,0,2011,2011,42,3.29,4.58,0.7319,0.665,0.8427,0.6549,90,3,284,151,2012
Russell S. Kirby,0000-0002-3489-401X,Economics,0,5,2011,2006,42,2.92,4.08,0.7089,0.6686,0.8436,0.5934,65,3,182,93,2012
Russell S. Kirby,0000-0002-3489-401X,Economics,0,10,2011,2001,22,2.56,4.86,0.6369,0.6513,0.8034,0.5,40,3,94,45,2012
B. Thilaganathan,0000-0002-5531-4301,Economics,0,0,2013,2013,1178,4.69,5.73,0.5528,0.7013,0.7999,0.4188,54,17,382,287,2012
B. Thilaganathan,0000-0002-5531-4301,Economics,0,5,2013,2008,85,3.91,4.91,0.5567,0.7063,0.7596,0.4623,33,5,212,146,2012
B. Thilaganathan,0000-0002-5531-4301,Economics,0,10,2013,2003,74,2.93,4.06,0.6285,0.7174,0.7604,0.61,19,5,100,71,2012
A. Dessa Sadovnick,0000-0003-2987-2008,Economics,0,0,2020,2020,9111,6.83,11.68,0.555,0.7314,0.6563,0.5539,86,46,269,155,2012
A. Dessa Sadovnick,0000-0003-2987-2008,Economics,0,5,2020,2015,4757,6.01,10.22,0.5535,0.7205,0.6501,0.5597,77,36,268,154,2012
A. Dessa Sadovnick,0000-0003-2987-2008,Economics,0,10,2020,2010,66,4.97,8.62,0.5292,0.7164,0.6317,0.5212,65,4,236,134,2012
Tze Kin Lau,0000-0002-0242-1410,Economics,0,0,2016,2016,8392,5.63,8.2,0.6614,0.7005,0.7524,0.6856,106,44,458,330,2012
Tze Kin Lau,0000-0002-0242-1410,Economics,0,5,2016,2011,45,5.05,7.08,0.6574,0.7023,0.7409,0.704,91,4,402,291,2012
Tze Kin Lau,0000-0002-0242-1410,Economics,0,10,2016,2006,41,4.11,5.81,0.6264,0.6967,0.6996,0.7172,61,3,244,160,2012
Diana W. Bianchi,0000-0001-9270-5267,Economics,0,0,2012,2012,1274,5.45,7.91,0.614,0.7243,0.6958,0.6014,86,17,286,155,2012
Diana W. Bianchi,0000-0001-9270-5267,Economics,0,5,2012,2007,142,5.59,8.0,0.6108,0.7196,0.7045,0.5942,59,7,207,118,2012
Diana W. Bianchi,0000-0001-9270-5267,Economics,0,10,2012,2002,129,4.58,7.2,0.6153,0.7302,0.7192,0.6087,41,6,115,68,2012
Zi‐Jiang Chen,0000-0001-6637-6631,Economics,0,0,2024,2024,12971,9.14,10.76,0.5314,0.7634,0.7241,0.414,194,56,500,345,2012
Zi‐Jiang Chen,0000-0001-6637-6631,Economics,0,5,2024,2019,1815,8.38,9.69,0.562,0.7569,0.7186,0.4784,103,18,232,154,2012
S. Munné,0000-0002-1088-5565,Economics,0,0,2016,2016,3947,4.88,7.25,0.6102,0.7457,0.827,0.3292,48,34,401,75,2012
S. Munné,0000-0002-1088-5565,Economics,0,5,2016,2011,51,4.18,6.93,0.6807,0.7469,0.8132,0.4525,42,4,305,84,2012
S. Munné,0000-0002-1088-5565,Economics,0,10,2016,2006,47,3.29,6.0,0.7058,0.7497,0.7997,0.5217,31,4,207,66,2012
Michael R. DeBaun,0000-0002-0574-1604,Economics,0,0,2016,2016,3883,5.57,7.26,0.6161,0.7158,0.7051,0.6034,94,32,290,212,2012
Michael R. DeBaun,0000-0002-0574-1604,Economics,0,5,2016,2011,13,5.02,6.47,0.6131,0.7269,0.6948,0.6103,72,2,195,132,2012
Michael R. DeBaun,0000-0002-0574-1604,Economics,0,10,2016,2006,9,4.48,5.62,0.5898,0.7458,0.6811,0.6325,52,2,117,74,2012
